tmdb_id,title,original_language,origin_country,keywords,us_flatrate_providers,fetched
76600,Avatar: The Way of Water,en,US,dying and death|loss of loved one|alien life-form|resurrection|dysfunctional family|sequel|alien planet|distant future|transhumanism|adopted child|rebirth|motion capture|family dynamics|adopted son|stronger villain|complex|war|bold|complicated|demeaning|exhilarated,Disney Plus,2026-10-03
83533,Avatar: Fire and Ash,en,US,witch|clone|space war|tribe|sequel|alien|transhumanism|family|space adventure|motion capture|family dynamics|frantic|rival|intense,Disney Plus,2026-10-03
192139,The Brink of War,en,US,"cold war|ronald reagan|mikhail gorbachev|1980s|political struggle|reykjavík, iceland|independent film|factual|dramatic|intense|conservative propaganda|informative",Angel Studios,2026-10-03
245842,The King's Daughter,en,AU|US,based on novel or book|immortality|mermaid|period drama|illegitimate child|quest|17th century,MovieSphere+ Amazon Channel,2026-10-03
269509,The Canterville Ghost,en,CA|US|GB,based on novel or book|halloween|haunted house|family|ghost|halloween costume|eccentric family|haunted|animation,Shout! Factory Amazon Channel,2026-10-03
283566,Evangelion: 3.0+1.0 Thrice Upon a Time,ja,JP,technology|dystopia|post-apocalyptic future|surreal|mecha|giant robot|battle|anime|philosophical|the end|father son conflict|complex|beyond reality|based on tv series|depressed|bold|multiverse,Amazon Prime Video|Amazon Prime Video with Ads,2026-10-03
298618,The Flash,en,US,secret identity|superhero|time travel|based on comic|superhuman|super power|aftercreditsstinger|time paradox|butterfly effect|dc extended universe (dceu)|superhuman abilities|loss of mother|alternate universe|admiring|multiverse,HBO Max Amazon Channel|YouTube TV|Cinemax Amazon Channel|TNT|TBS|tru TV|HBO Max|Cinemax Apple TV channel,2026-10-03
299054,Expend4bles,en,US,sequel|nuclear bomb|cargo ship|ring,MovieSphere+ Amazon Channel,2026-10-03
315162,Puss in Boots: The Last Wish,en,US,fairy tale|sequel|talking dog|spin off|aftercreditsstinger|talking cat|fear of death|3d animation|inspirational|hilarious|romantic|bold|cheerful|excited|exhilarated,Netflix|Netflix Standard with Ads,2026-10-03
324544,In the Lost Lands,en,DE|CH,witch|dystopia|sorcery|betrayal|based on short story|macabre|sorceress|high fantasy|dreary|derisive|melodramatic|powerful|survival adventure,Hulu,2026-10-03
326316,Spinning Gold,en,US,jazz|1970s|biography|rhythm and blues (r&b)|disco|singer-songwriter|1980s|1960s|record industry|music industry|r&b artist|casablanca records,Amazon Prime Video|Amazon Prime Video with Ads,2026-10-03
335787,Uncharted,en,US,lighter|treasure hunt|treasure map|based on video game|lost treasure|duringcreditsstinger|missing relative,Hulu|fuboTV|YouTube TV|FXNow,2026-10-03
335977,Indiana Jones and the Dial of Destiny,en,US,melancholy|treasure hunt|ancient rome|sequel|flashback|knife fight|archaeologist|adventurer|1960s|nazi germany|bold|excited,Disney Plus,2026-10-03
337404,Cruella,en,US,1970s|anti hero|villain|punk rock|fashion designer|fashion|origin story|live action remake,Disney Plus,2026-10-03
338953,Fantastic Beasts: The Secrets of Dumbledore,en,US|GB,"prison|witch|berlin, germany|magic|election campaign|affectation|sequel|curse|bhutan|lgbt|fantasy world|wizard|magical creature|1930s|based on young adult novel|good versus evil|amused|powerful",HBO Max Amazon Channel|Peacock Premium|HBO Max|Peacock Premium Plus,2026-10-03
346698,Barbie,en,US,feminism|satire|patriarchy|social satire|based on toy|female protagonist|fish out of water|womanhood|doll|reality vs fantasy|fantasy world|motherhood|existentialism|woman director|satirical|misandry|mother daughter relationship|adventure comedy|introspective|inspirational|gender discrimination|hilarious|secret world|celebratory|hopeful|powerful,HBO Max Amazon Channel|TNT|TBS|tru TV|HBO Max,2026-10-03
361743,Top Gun: Maverick,en,US,fighter pilot|u.s. navy|sequel|nuclear weapons|military|aircraft carrier|naval aviation|war,Netflix|Paramount Plus Premium|Paramount Plus Essential|Paramount+ Amazon Channel|YouTube TV|Paramount+ Roku Premium Channel|Netflix Standard with Ads,2026-10-03
365177,Borderlands,en,US,outlaw|based on video game|unlikely friendship|talking robot|missing girl|band of misfits|mysterious power|dangerous quest|vault hunters|psychotic enemies|post‑apocalyptic chaos|space western vibe|funny robot,Peacock Premium|YouTube TV|Starz Apple TV channel|Peacock Premium Plus,2026-10-03
365620,Ferrari,en,IT|US,husband wife relationship|biography|based on true story|racing|1950s|cars|ferrari,Netflix|Netflix Standard with Ads,2026-10-03
366672,Paws of Fury: The Legend of Hank,en,US,japan|samurai|remake|racism|cartoon cat|tyrant|sumo|cartoon dog|aftercreditsstinger|duringcreditsstinger|fury|good versus evil|3d animation|hilarious|ridiculous,Hulu|Paramount Plus Premium|Paramount Plus Essential|Paramount+ Amazon Channel|Paramount+ Roku Premium Channel,2026-10-03
370172,No Time to Die,en,GB,biological weapon|based on novel or book|parent child relationship|forgiveness|poison|spy|mi6|family|british secret service|parents|global threat|somber|nanobots|james bond|bold,Amazon Prime Video|Amazon Prime Video with Ads,2026-10-03
379686,Space Jam: A New Legacy,en,US,sports|cartoon|basketball|sequel|game|live action and animation,HBO Max Amazon Channel|HBO Max,2026-10-03
385103,Scoob!,en,US,friendship|superhero|villain|heroism|talking dog|friends|based on cartoon|criminal investigation|boy and dog|caveman|fright|3d animation|bitter,HBO Max Amazon Channel|HBO Max,2026-10-03
385128,F9,en,US,speed|family relationships|sequel|nostalgic|duringcreditsstinger|fast car|brother brother relationship|cars|farcical,Peacock Premium|YouTube TV|Peacock Premium Plus,2026-10-03
385687,Fast X,en,US,sequel|revenge|betrayal|racing|family|cliffhanger|cars|bold|brisk|forceful,Peacock Premium|YouTube TV|Peacock Premium Plus,2026-10-03
399566,Godzilla vs. Kong,en,US,giant monster|dinosaur|creature feature|kaiju|sign languages|giant ape|godzilla|robot dinosaur|king kong|adoring|monsterverse,TNT|TBS|tru TV,2026-10-03
402431,Wicked,en,US,witch|dancing|based on novel or book|fairy tale|college|wish|musical|female friendship|bullying|based on play or musical|celebrity|prequel|singer|singing|corrupt politician|death in childbirth|fantasy world|wizard|gravity|discrimination|ostracism|woman in wheelchair|lyrical|musical comedy|sister sister relationship|belonging|fantasy|romantic fantasy,Hulu,2026-10-03
406759,Moonfall,en,US,moon|looting|space travel|flooding|lost civilisation|alien life-form|stepfather|end of the world|disaster|alternate history|apocalypse|armageddon|astronaut|space shuttle|disaster movie|trapped in space|conspiracy theorist|excited|moon falling,MovieSphere+ Amazon Channel,2026-10-03
412656,Chaos Walking,en,US,based on novel or book|dystopia|post-apocalyptic future|unassuming|based on young adult novel|derisive,fuboTV|YouTube TV|FXNow,2026-10-03
413846,1992,en,US,looting|race politics|street riots|based on true story|racial tension|1990s|los angeles riots|racial injustice,Starz Amazon Channel|Starz Apple TV channel|Howdy Amazon Channel,2026-10-03
414906,The Batman,en,US,police|psychopath|secret identity|crime fighter|superhero|nightclub|politician|based on comic|vigilante|organized crime|serial killer|millionaire|social injustice|murder investigation|aftercreditsstinger|masked superhero|political corruption|neo-noir|urban gothic|vengeance|mayoral election|wistful|suspenseful|tense|gloomy,HBO Max Amazon Channel|TNT|TBS|tru TV|HBO Max,2026-10-03
423108,The Conjuring: The Devil Made Me Do It,en,US,supernatural|exorcism|halloween|connecticut|sequel|paranormal investigation|1980s|religious horror|intense,HBO Max Amazon Channel|TNT|TBS|tru TV|HBO Max,2026-10-03
424277,Annette,fr,FR,"prison|baby|drowning|comedian|musical|puppet|surrealism|celebrity|murder|los angeles, california|singing|doll|rock opera|drowned|opera singer|storm at sea|mysterious girl|stage performance|murder trial|stand-up comedian|child exploitation",Amazon Prime Video|Amazon Prime Video with Ads,2026-10-03
425274,Now You See Me: Now You Don't,en,US,diamond|antwerp|sequel|diamond heist|misdirection|hidden agenda|sleight of hand|team up|absurd|condescending|mystery and intrigue|antwerp diamonds|magic heist|illusion mastery|team synergy|showmanship|illusionist team|twist reveal|international theft,Amazon Prime Video|Amazon Prime Video with Ads|Starz Apple TV channel,2026-10-03
425909,Ghostbusters: Afterlife,en,US,small town|afterlife|ghostbuster|nostalgia|sequel|ghost|nostalgic|aftercreditsstinger|duringcreditsstinger|dead grandfather|ancient evil|otherworldly beings|paranormal events|ghostbusters|excited,Hulu|fuboTV|YouTube TV|FXNow|Starz Apple TV channel,2026-10-03
426063,Nosferatu,en,US,cold|based on novel or book|vampire|necrophilia|eroticism|possession|würzburg|remake|gothic horror|gothic|desire|somnambulism|plague|19th century|dread|gothic romance|drinking blood|supernatural horror|dracula|grimdark|period piece|1830s|nightmares|incredulous|bold,Hulu,2026-10-03
436270,Black Adam,en,US,lightning|superhero|anti hero|based on comic|demon|superhero team|duringcreditsstinger|dc extended universe (dceu),Netflix|HBO Max Amazon Channel|YouTube TV|Cinemax Amazon Channel|TNT|TBS|tru TV|Netflix Standard with Ads|HBO Max|Cinemax Apple TV channel,2026-10-03
436969,The Suicide Squad,en,US,monster|secret mission|superhero|anti hero|giant monster|gore|based on comic|alien|betrayal|alien invasion|convict|parasite|super villain|world domination|aftercreditsstinger|aggressive|dc extended universe (dceu)|absurd|hilarious|intense|excited,HBO Max Amazon Channel|YouTube TV|HBO Max,2026-10-03
437342,The First Omen,en,US,"rome, italy|nun|prophecy|italy|1970s|halloween|satanism|devil's son|revelation|anti-christ|prequel|priest|female protagonist|church|dark secret|shocking|religious horror|suspenseful",Amazon Prime Video|fuboTV|Amazon Prime Video with Ads,2026-10-03
438148,Minions: The Rise of Gru,en,US,1970s|villain|sequel|prequel|spin off|duringcreditsstinger|supervillain|3d animation|amused|derisive|enthusiastic|joyful,Netflix|Netflix Standard with Ads,2026-10-03
438631,Dune,en,US,empire|future|army|based on novel or book|prophecy|dystopia|emperor|sand|spice|chosen one|hallucinogen|treason|baron|revenge|premonition|betrayal|space|water shortage|creature|desert|knife fight|destiny|giant worm|space opera|sand dune|messiah|complex|mother son relationship|giant creature,HBO Max Amazon Channel|YouTube TV|TNT|TBS|tru TV|HBO Max,2026-10-03
438695,Sing 2,en,US,wolf|stage|villain|musical|sequel|anthropomorphism|singing|thug|animals|villain arrested|talking animal|3d animation|jukebox musical|suspenseful|appreciative|approving|enthusiastic,,2026-10-03
447273,Snow White,en,US,princess|dwarf|fairy tale|poison|musical|remake|apple|based on movie|evil queen|based on fairy tale|live action remake|fantasy|romantic fantasy,Disney Plus,2026-10-03
447277,The Little Mermaid,en,US,witch|mermaid|musical|based on fairy tale|live action remake|adoring,Disney Plus,2026-10-03
447365,Guardians of the Galaxy Vol. 3,en,US,hero|superhero|mad scientist|based on comic|sequel|superhero team|space opera|raccoon|aftercreditsstinger|duringcreditsstinger|marvel cinematic universe (mcu)|cosmic|outer space|chosen family|empathetic,Disney Plus,2026-10-03
451048,Jungle Cruise,en,US,jungle|riverboat|1910s|amazon river|based on theme park ride,Disney Plus,2026-10-03
453395,Doctor Strange in the Multiverse of Madness,en,US,magic|superhero|based on comic|alternative reality|aftercreditsstinger|duringcreditsstinger|marvel cinematic universe (mcu),Disney Plus|YouTube TV,2026-10-03
454527,Benedetta,fr,FR,suicide|based on novel or book|nun|italy|based on true story|trial|lesbian relationship|torture|mother superior|lgbt|convent (nunnery)|plague|nunsploitation|17th century|flagellation|peep hole|lesbian nun|visions|provocative,Netflix|Philo|AMC Plus Apple TV channel|AMC+|Sundance Now|MUBI|Netflix Standard with Ads,2026-10-03
454639,Masters of the Universe,en,US,skeleton|superhero|nostalgia|alien planet|based on toy|super power|reboot|aftercreditsstinger|duringcreditsstinger|warrior|sword and planet|father son conflict|ironic|sword and sorcery|father daughter relationship|based on tv series|joyful,Amazon Prime Video|Amazon Prime Video with Ads,2026-10-03
455476,Knights of the Zodiac,en,JP,fighter|superhero|mythology|training|reincarnation|goddess|knight|orphan|based on manga|super power|nostalgic,,2026-10-03
459151,The Boss Baby: Family Business,en,US,baby|boss|sequel|computer animation|sibling|family|3d animation|adoring|bold|enthusiastic,Paramount Plus Premium|Paramount Plus Essential|Paramount+ Amazon Channel|Paramount+ Roku Premium Channel,2026-10-03
460458,Resident Evil: Welcome to Raccoon City,en,CA|US,biological weapon|orphanage|dystopia|mutant|infection|zombie|mansion|police station|based on video game|reboot|ghost town|duringcreditsstinger|lockdown|1990s|secret experiment|bitter|disheartening,Hulu|fuboTV|YouTube TV|FXNow|Starz Apple TV channel,2026-10-03
460465,Mortal Kombat,en,AU|CA|US,martial arts|saving the world|magic|ninja fighter|gore|god|alternate dimension|shaolin monk|fighting|based on video game|martial arts tournament|reboot|hand to hand combat,HBO Max Amazon Channel|YouTube TV|HBO Max,2026-10-03
466420,Killers of the Flower Moon,en,US,husband wife relationship|based on novel or book|war veteran|fbi|greed|oklahoma|manipulation|native american|based on true story|murder|colonisation|racism|series of murders|genocide|period drama|guilt|true crime|oil industry|colonialism|catholicism|uncle nephew relationship|1920s|osage indian|poisoning|settler colonialism|settler genocide|lust for wealth,Apple TV|Apple TV Amazon Channel,2026-10-03
467244,The Zone of Interest,en,US,husband wife relationship|based on novel or book|nazi|concentration camp|holocaust (shoah)|world war ii|auschwitz-birkenau concentration camp|garden|biography|based on true story|nazi officer|genocide|1940s|commandant|complicity,,2026-10-03
467905,How to Make a Killing,en,GB,manipulation|dark comedy|deception|family secrets|remake|killing spree|family power struggle|disowned|revenge thriller|family fortune|hidden motives|family inheritance|succession conflict|rival heirs|estate mansion,HBO Max Amazon Channel|HBO Max,2026-10-03
467909,In the Heights,en,US,"new york city|immigration|illegal immigration|blackout|graffiti|aunt niece relationship|lottery|musical|based on play or musical|flashback|love|beauty salon|breaking the fourth wall|interracial romance|undocumented immigrant|gossip|self-doubt|culture|gentrification|employer employee relationship|manhattan, new york city|entrepreneur|unreliable narrator|aftercreditsstinger|political protest|dominican republic|community spirit|racial profiling|father son relationship|father daughter relationship|mother daughter relationship|chasing dreams|split screen|convenience store|bodega|abuela",TNT|TBS|tru TV,2026-10-03
476669,The King's Man,en,US,"london, england|world war i|spy|based on comic|prequel|world domination|duringcreditsstinger|speculative|vexed|zealous|1910s|unassuming|sympathetic",Hulu|YouTube TV|FXNow,2026-10-03
477044,Bergman Island,en,BE|FR,beach|sweden|film in film|summer|filmmaking|couple|woman director|ingmar bergman,Philo|AMC Plus Apple TV channel|AMC+ Amazon Channel|AMC+ Roku Premium Channel|AMC+|Sundance Now,2026-10-03
481879,Die in a Gunfight,en,US,,Lionsgate+ Amazon Channel,2026-10-03
482321,Ron's Gone Wrong,en,US|GB,family|best friend forever,Disney Plus|fuboTV|FXNow,2026-10-03
482373,Don't Breathe 2,en,US,home|invasion|sin|sequel|gunfight|blind|home invasion|criminal|handgun|aftercreditsstinger|blind man|hammer,Hulu|fuboTV|YouTube TV|FXNow,2026-10-03
493529,Dungeons & Dragons: Honor Among Thieves,en,US,video game|affectation|platonic love|gang of thieves|friends|dragon|role playing game (rpg)|female villain|heist gone wrong|wizard|duringcreditsstinger|illusionist|father daughter relationship|dungeons and dragons|wizardry|appreciative|based on board game|dungeon crawling|based on game|based on role playing game,Netflix|Paramount Plus Premium|Paramount Plus Essential|Paramount+ Amazon Channel|Paramount+ Roku Premium Channel|Netflix Standard with Ads,2026-10-03
497698,Black Widow,en,US,assassin|hero|spy|kgb|based on comic|female assassin|female spy|female hero|aftercreditsstinger|marvel cinematic universe (mcu)|woman director,Disney Plus,2026-10-03
497828,Triangle of Sadness,en,GR|CH,dark comedy|satire|survival|stranded|cruise ship|class differences|model|gender roles|questioning|sinking ship|food rationing|power struggle|philosophical|satirical|luxury yacht|social media influencer|social climber|critical|wealth inequality|bold|informative,Netflix|Netflix Standard with Ads,2026-10-03
498402,Aline,fr,FR,singer|fictional biography,Amazon Prime Video|Amazon Prime Video with Ads,2026-10-03
501841,A Journal for Jordan,en,US,9/11,Hulu|fuboTV|YouTube TV|FXNow|Starz Apple TV channel,2026-10-03
502356,The Super Mario Bros. Movie,en,US,gorilla|plumber|affectation|villain|anthropomorphism|based on video game|toad|aftercreditsstinger|duringcreditsstinger|damsel in distress|piano|brother brother relationship|3d animation|evil king|adoring,Peacock Premium|Peacock Premium Plus|Peacock Premium Plus Amazon Channel,2026-10-03
503736,Army of the Dead,en,US,casino|tiger|vault|mercenary|safe|heist|zombie animals|apocalypse|zombie|las vegas|widower|safecracker|booby trap|casino owner|walled city|zombie apocalypse|father daughter conflict|father daughter relationship|casino heist|absurd|assertive,Netflix|Netflix Standard with Ads,2026-10-03
504827,The Bob's Burgers Movie,en,US,test of courage|crime scene|aftercreditsstinger|based on tv series|secret playroom|carney town|optimistic,Hulu|fuboTV|YouTube TV|FXNow,2026-10-03
505026,Death on the Nile,en,US,egypt|based on novel or book|detective|honeymoon|nile|sequel|remake|mysterious|murder mystery|1930s|frustrated,Hulu|fuboTV|YouTube TV|FXNow,2026-10-03
505642,Black Panther: Wakanda Forever,en,US,hero|loss of loved one|superhero|royal family|based on comic|sequel|royalty|underwater|political intrigue |death in family|death of brother|duringcreditsstinger|death of king|marvel cinematic universe (mcu)|hidden civilization|yucatan|mayans,Disney Plus,2026-10-03
507086,Jurassic World Dominion,en,US,paleontology|giant monster|sequel|survival|dinosaur|scientist|child kidnapping|aggressive|animal sanctuary|cautionary|cliché|complicated|science goes awry|therizinosaurus,Netflix|YouTube TV|TNT|Netflix Standard with Ads,2026-10-03
507089,Five Nights at Freddy's,en,US,night shift|child murder|restaurant|custody battle|child in peril|security guard|based on video game|evil child|duringcreditsstinger|troubled past|child neglect|haunted attractions|animatronic|abandoned building|brother sister relationship|supernatural horror|child abduction|cliché|conceited|horrified|vibrant|android horror|animatronic band,Peacock Premium|YouTube TV|Peacock Premium Plus,2026-10-03
507241,The Killer's Game,en,US,based on novel or book|hitman|terminal illness|action comedy|comedy thriller,Howdy Amazon Channel,2026-10-03
507244,Afterburn,en,US,post-apocalyptic future|philosophical|hilarious,fuboTV|MGM+ Amazon Channel|Philo|MGM Plus Roku Premium Channel|MGM Plus,2026-10-03
508442,Soul,en,US,new york city|jazz|musician|cat|self-discovery|jazz singer or musician|teacher|nostalgic|questioning|aftercreditsstinger|duringcreditsstinger|life after death|calm|philosophical|reflective|wonder|introspective|3d animation|inspirational|sentimental|gentle|hopeful|optimistic|sincere|pixar,Hulu|Disney Plus,2026-10-03
508883,The Boy and the Heron,ja,JP,"loss of loved one|world war ii|supernatural|education|coming of age|spirituality|poverty|teenage boy|parallel world|troubled childhood|semi autobiographical|based on myths, legends or folklore|moving to a city|1940s|anime|imaginative|hand drawn animation|magic world|animation|courage|suspenseful|magical realism",HBO Max Amazon Channel|HBO Max,2026-10-03
508943,Luca,en,US,friendship|monster|italy|villain|coming of age|friends|bromance|sea monster|vespa|aftercreditsstinger|seaside town|1950s|pasta|water|3d animation|italian riviera|pesto|admiring|pixar,Disney Plus,2026-10-03
508947,Turning Red,en,US,"friendship|canada|concert|temple|shapeshifting|toronto, canada|coming of age|teenage girl|female protagonist|east asian lead|animals|domineering mother|perfectionist|aftercreditsstinger|woman director|ancestor|teen drama|boy band|mother daughter relationship|hilarious|pixar|red panda",Disney Plus,2026-10-03
511809,West Side Story,en,US,new york city|dancing|dance|street gang|love at first sight|forbidden love|musical|based on play or musical|interracial relationship|racism|young love|1950s|latino,Disney Plus|fuboTV|YouTube TV|FXNow,2026-10-03
512195,Red Notice,en,US,fbi|interpol|cleopatra|heist|art thief,Netflix|Netflix Standard with Ads,2026-10-03
516329,Antlers,en,CA|US,"sheriff|superstition|trauma|native american|oregon, usa|creature|meth lab|school teacher|mining town|based on short story|wendigo|folk horror|myth",fuboTV|YouTube TV|FXNow,2026-10-03
516729,Paddington in Peru,en,GB,rescue|sequel|bear|based on children's book|aunt nephew relationship|united kingdom|aftercreditsstinger|duringcreditsstinger|live action and animation|children's adventure|perú|talking animal|anthropomorphic animal|cgi-live action hybrid|joyous|jungle adventure|joyful,Netflix,2026-10-03
517302,Hatching,fi,FI,gymnastics|family relationships|coming of age|bird hatching|family conflict|egg|body horror,Philo|AMC+ Amazon Channel|AMC+ Roku Premium Channel|YouTube TV|Sundance Now,2026-10-03
519182,Despicable Me 4,en,US,superhero|villain|sequel|super villain|aftercreditsstinger|duringcreditsstinger|kids|calm|3d animation|cockroaches,Amazon Prime Video|Amazon Prime Video with Ads,2026-10-03
520023,Bodies Bodies Bodies,en,US,infidelity|love triangle|sword|gun|paranoia|hurricane|rain|satire|mansion|whodunit|accidental death|power outage|lgbt|woman director|murder mystery|candid|generation z|anxious|dreary|cautionary|party|antagonistic|farcical,Hulu|Amazon Prime Video|Amazon Prime Video with Ads,2026-10-03
520763,A Quiet Place Part II,en,US,new york city|island|post-apocalyptic future|radio transmission|alien life-form|death of father|child in peril|sequel|alien|flashback|psychological thriller|creature|alien invasion|parenting|family|survival horror|alien monster|human vs alien|sign languages|alien attack|hostile|hearing impaired|newborn baby|anxious|dreary|quiet|psychological horror|suspenseful|tense|sci-fi horror|frightened,Netflix|Paramount Plus Premium|Paramount Plus Essential|Paramount+ Amazon Channel|Paramount+ Roku Premium Channel|Netflix Standard with Ads,2026-10-03
522016,The 355,en,US,355,Peacock Premium|YouTube TV|Peacock Premium Plus,2026-10-03
522478,Peter Rabbit 2: The Runaway,en,AU,sequel|based on children's book|rabbit|3d animation|lighthearted|cheerful,fuboTV|FXNow,2026-10-03
522931,Hitman's Wife's Bodyguard,en,US,hitman|bodyguard|sequel|aftercreditsstinger|duringcreditsstinger,Cinemax Apple TV channel,2026-10-03
523607,Maestro,en,US,husband wife relationship|show business|conductor|marriage|biography|based on true story|love|historical|lgbt|1940s|cerebral|intimate|tortured genius,Netflix|Netflix Standard with Ads,2026-10-03
524369,The Many Saints of Newark,en,US,"new jersey|italian american|gangster|street riots|prequel|mobster|mafia|gang|criminal|criminal gang|1960s|based on tv series|newark, new jersey|newark riots 1967",,2026-10-03
524434,Eternals,en,US,saving the world|superhero|supernatural|based on comic|alien|super power|lgbt|aftercreditsstinger|marvel cinematic universe (mcu)|woman director|sign languages|ancient|god-like,Disney Plus,2026-10-03
524635,The Chronology of Water,en,US,sexual abuse|suicide attempt|heroin|abusive father|swimmer|writer|based on memoir or autobiography|divorce|molestation|lgbt|alcoholic father|child molestation|flunking out of school|childhood sexual abuse|woman director|father daughter conflict|thoughtful|provocative|intense|directorial debut,,2026-10-03
526896,Morbius,en,US,vampire|superhero|based on comic|duringcreditsstinger|supervillain|frustrated,Amazon Prime Video|Disney Plus|fuboTV|YouTube TV|FXNow|Amazon Prime Video with Ads,2026-10-03
527774,Raya and the Last Dragon,en,US,kung fu|sword|warrior woman|female protagonist|dragon|vietnamese|south asian|warrior|3d animation|audacious,Disney Plus,2026-10-03
532408,The Boogeyman,en,US,based on novel or book|supernatural creature|supernatural horror|horror|amused|cliché,Hulu,2026-10-03
532710,Firestarter,en,US,fire|based on novel or book|telepathy|coming of age|secret government organization|psychic power|psychic|female magician|supernatural power|psychic force|lighthearted|pyrokinesis,Netflix|Netflix Standard with Ads,2026-10-03
533533,TRON: Ares,en,US,artificial intelligence (a.i.)|computer program|identity crisis|computer simulation|sequel|business rivalry|virtual world|digital world|real‑world crossover|advanced program|technological conflict|system instability|cyber universe|quantum computing|system breach|existential threat,Disney Plus,2026-10-03
533535,Deadpool & Wolverine,en,US,hero|superhero|anti hero|mutant|breaking the fourth wall|aftercreditsstinger|duringcreditsstinger|marvel cinematic universe (mcu)|mutants|superhero teamup,Disney Plus,2026-10-03
536437,Hypnotic,en,US,mind control|parent child relationship|detective|moral ambiguity|heist|hypnotism|government cover-up|missing daughter|illusionist|hidden agenda|emotional trauma|altered reality|memory distortion|hidden experiments,Hulu,2026-10-03
536554,M3GAN,en,US,android|artificial intelligence (a.i.)|killer robot|aunt niece relationship|evil doll|slasher|orphan|car accident|niece|robot|juvenile delinquent|doll|dead dog|dog attack|nosy neighbor|hit by a car|dead parents|creepy doll|cyber thriller|possessed doll|sinister|audacious|android horror,Netflix|YouTube TV|Netflix Standard with Ads,2026-10-03
539565,Zola,en,US,"florida|waitress|narration|stripper|based on true story|pole dancer|boyfriend|twitter|road movie|woman director|sex worker|tampa, florida|euphoric",Netflix|Netflix Standard with Ads,2026-10-03
539681,DC League of Super-Pets,en,US,superhero|villain|based on comic|dog|super power|aftercreditsstinger|duringcreditsstinger|evil mastermind|supervillain|talking animal|3d animation,HBO Max Amazon Channel|HBO Max,2026-10-03
539745,Animal Farm,en,GB,sheep|corruption|based on novel or book|pig|horse|dictatorship|coming of age|social satire|computer animation|oppression|rise to power|literary adaptation|social allegory|power abuse|3d animation|cow|arrogant|cliché|disrespectful,Angel Studios,2026-10-03
539972,Kraven the Hunter,en,US,hunter|superhero|anti hero|villain|based on comic|supervillain|intense|admiring|ominous,Disney Plus|fuboTV,2026-10-03
540549,Monica,en,IT|US,forgiveness|affectation|dying mother|lgbt|hard|meditative|vexed|acceptance|candid|thoughtful|somber|unassuming|reflective|complex|mother daughter relationship|loving|serene|inspirational|wistful|transgender|intimate|provocative|understated|dramatic|tense|sentimental|romantic|adoring|appreciative|bold|compassionate|complicated|dignified|earnest|empathetic|euphoric|gentle|hopeful|modest|optimistic|powerful|sincere|sympathetic|tragic,Philo|AMC Plus Apple TV channel|AMC+ Amazon Channel|AMC+ Roku Premium Channel|AMC+|Sundance Now,2026-10-03
541671,Ballerina,en,US,assassin|tattoo|grenade|austria|training|female protagonist|female assassin|spin off|flamethrower|burning|hunted|burning building|ballerina|gun fight|vengeance|knocked unconscious|sisters|brutal violence,HBO Max Amazon Channel|HBO Max|Starz Apple TV channel,2026-10-03
542178,"The French Dispatch of the Liberty, Kansas Evening Sun",en,US,art collector|journalist|small town|france|poison|1970s|journalism|editor-in-chief|artist|imprisonment|painter|riot|anthology|magazine|food poisoning|murderer|chef|lecture|post world war ii|child kidnapping|obituary|bicycle tour|poisoning|father son relationship|lighthearted|whimsical|vibrant,fuboTV|YouTube TV|FXNow,2026-10-03
545611,Everything Everywhere All at Once,en,US,mother|martial arts|kung fu|nihilism|philosophy|generations conflict|chinese woman|surrealism|laundromat|chinese|east asian lead|divorce|family|lgbt|hot dog|asian woman|chinese immigrant|mother daughter relationship|action comedy|asian american|intergenerational trauma|internal revenue service|interdimensional travel|multiverse,Hulu,2026-10-03
547565,The Night House,en,GB|US,depression|nightmare|widow|forest|grieving widower|grief|new york state|book store|occult|doppelgänger|schoolteacher|lake house|suicide of husband,fuboTV|YouTube TV|FXNow,2026-10-03
549509,The Brutalist,en,US,"new york city|immigrant|husband wife relationship|philadelphia, pennsylvania|venice, italy|capitalism|pennsylvania, usa|drug addiction|architect|american dream|exploitation|holocaust (shoah) survivor|architecture|period drama|post world war ii|heroin addict|sexual assault|ellis island|1940s|1980s|1950s|male domination|visionary|slow burn|hungarian|psychological drama|vistavision",HBO Max Amazon Channel|HBO Max,2026-10-03
550988,Free Guy,en,US,hero|artificial intelligence (a.i.)|video game|virtual reality|gun|code|gamer|bank robbery|bank teller|programmer|mmorpg|virtual game|heroic|vrmmo,Disney Plus|fuboTV|YouTube TV|FXNow,2026-10-03
551271,Medieval,en,US,based on true story|middle ages (476-1453)|medieval|15th century|hussite wars (1419-1434),,2026-10-03
552269,Joe Bell,en,US,high school|suicide|writing|cheerleader|melancholy|bullying|based on true story|flashback|flash forward|high school student|teenage sexuality|lgbt|grieving father|teenage son|anti-bullying|gay youth|gay theme|depressing|empathetic|tragic,Hulu,2026-10-03
552524,Lilo & Stitch,en,US,hawaii|bullying|dysfunctional family|alien|loss of job|shape shifting alien|family|nostalgic|evil alien|orphan siblings|extraterrestrial animal|wonder|live action remake|alien spaceship|animal human friendship|advanced technology|hilarious|whimsical|admiring|enthusiastic,Disney Plus,2026-10-03
553147,Fool's Paradise,en,US,,Lionsgate+ Amazon Channel|Howdy Amazon Channel,2026-10-03
554230,The Lost Daughter,en,GB|US,daughter|mother|beach|based on novel or book|greece|vacation|doll|motherhood|woman director,Netflix|Netflix Standard with Ads,2026-10-03
555285,"Are You There God? It's Me, Margaret.",en,US,puberty|adolescence|new jersey|based on novel or book|christianity|1970s|female friendship|coming of age|religion|insecurity|woman director|speculative|mother daughter relationship|grandmother granddaughter relationship|jewish|stay-at-home mom|cheerful|joyful,Lionsgate+ Amazon Channel,2026-10-03
556574,Hamilton,en,US,adultery|immigrant|corruption|upper class|presidential election|blackmail|musical|biography|stage show|based on play or musical|duel|orphan|death of son|18th century|fatherhood|broadway musical|illegitimate child|american revolution|revolutionary war|founding fathers|stage musical|19th century|filmed play|live theatre|father son relationship|filmed theater|based on real person|musical proshot|biographical drama,Disney Plus,2026-10-03
556694,Three Thousand Years of Longing,en,AU|US,"mythology|longing|djinn|desire|storytelling|wish fulfillment|genie|public speaking|istanbul, turkey|scholar|lonely woman|complex|wishes|doctorate|whimsical",,2026-10-03
557950,Mainstream,en,US,suicide|love triangle|satire|woman director|social media influencer|ana akım,Philo|YouTube|AMC Plus Apple TV channel|AMC+ Amazon Channel|AMC+ Roku Premium Channel|AMC+|Sundance Now|MUBI|MUBI Amazon Channel,2026-10-03
558449,Gladiator II,en,US,gladiator|roman empire|ancient rome|sequel|epic battle|family legacy|3rd century|antiquity|fallen hero|political rival|evil tyrant|critical|sword and sandal|sword fighting|second part|compassionate|arena combat|emperor brothers|imperial corruption|roman senate,Amazon Prime Video|fuboTV|MGM+ Amazon Channel|Paramount Plus Premium|Paramount Plus Essential|Philo|Paramount+ Amazon Channel|MGM Plus|Paramount+ Roku Premium Channel|Amazon Prime Video with Ads,2026-10-03
558915,The Color Purple,en,US,"adultery|child abuse|based on novel or book|southern usa|faith|forgiveness|abusive father|slavery|georgia|musical|based on play or musical|child bride|memphis, tennessee|lesbian relationship|domestic abuse|religion|domestic violence|racism|older man younger woman relationship|incest|county jail|self esteem|hardship|lgbt|child marriage|estranged family member|pregnant teen|female empowerment|forced marriage|vexed|1920s|1940s|1910s|sisterhood|1930s|unwanted marriage|women's liberation|christian missionary|1900s|complex|sister sister relationship|race relations|resilience|soul music|child sexual abuse|20th century|bisexual woman|underage marriage|familial reconciliation",HBO Max Amazon Channel|TNT|TBS|tru TV|HBO Max,2026-10-03
559907,The Green Knight,en,US,"winter|fox|camelot|king arthur|middle ages (476-1453)|excalibur|knights of the round table|aftercreditsstinger|decapitated head|based on myths, legends or folklore|meditative|quest|philosophical|myth|gawain|cautionary|medieval knight|intense|earnest",Hulu,2026-10-03
560016,Monkey Man,en,US,police brutality|corruption|social injustice|revenge thriller|indian politics|action thriller|night club|urban poverty|nationalist party|diwali festival|modern india|slums|village burning|underground fights|kitchen worker,,2026-10-03
565028,Candyman,en,CA|US,"chicago, illinois|halloween|sequel|murder|urban legend|bee|evil|reboot|urban gothic|mirror",,2026-10-03
565470,Roe v. Wade,en,US,"1970s|dallas, texas|based on true story|conservative|abortion|independent film|roe v wade|conservative propaganda",Amazon Prime Video|Amazon Prime Video with Ads,2026-10-03
565770,Blue Beetle,en,US,armor|superhero|family relationships|family|high tech|job hunting|mexican american|aftercreditsstinger|duringcreditsstinger|immigrant family|college graduate|dc extended universe (dceu)|alien technology|brother sister relationship|latino,Amazon Prime Video|HBO Max Amazon Channel|YouTube TV|HBO Max|Amazon Prime Video with Ads,2026-10-03
566525,Shang-Chi and the Legend of the Ten Rings,en,US,martial arts|superhero|based on comic|mixed martial arts (mma)|east asian lead|aftercreditsstinger|duringcreditsstinger|marvel cinematic universe (mcu)|wuxia|father son relationship,Disney Plus,2026-10-03
567690,Dear Evan Hansen,en,US,high school|suicide|letter|musical|based on play or musical|grief|teenage boy|guilt|mental illness|mental health|emotional vulnerability|social media|social anxiety|emotional abuse|mother son relationship|gay youth|2010s|gaslighting|school bullying|absurd|admiring|awestruck|defiant|disapproving|disheartening|disrespectful|mocking|tragic,Peacock Premium|YouTube TV|Peacock Premium Plus,2026-10-03
568124,Encanto,en,US,strong woman|magic|sadness|immigration|supernatural|beauty|musical|big family|forest|family secrets|family relationships|flamenco|joy of life|teenage girl|female protagonist|family conflict|helping children|matriarch|3d animation|colombia,Disney Plus|fuboTV,2026-10-03
568620,Snake Eyes: G.I. Joe Origins,en,CA|US,prequel|ninja|based on cartoon|based on toy|spin off|origin of hero|gi joe|female fighter|action hero|female warrior|based on tv series,Netflix|Paramount Plus Premium|Paramount Plus Essential|Paramount+ Amazon Channel|Paramount+ Roku Premium Channel|Netflix Standard with Ads,2026-10-03
569094,Spider-Man: Across the Spider-Verse,en,US,"new york city|hero|double life|sacrifice|secret identity|superhero|villain|portal|based on comic|sequel|romance|alter ego|alternate dimension|parenting|family|alternate version|super power|brooklyn, new york city|superhero team|spider bite|super villain|cliffhanger|masked superhero|teenage romance|young heroes|teen superhero|teen social issues|chelsea|alternate universe|superhero teamup|female superhero|slow burn romance|interdimensional travel|ambiguous|cliché|enthusiastic|vibrant|multiverse",Disney Plus|fuboTV|HBO Max Amazon Channel|FXNow|HBO Max,2026-10-03
572802,Aquaman and the Lost Kingdom,en,US,superhero|secret society|half-brother|sequel|revenge|dysfunctional relationship|dc extended universe (dceu)|ancient evil|underwater world|vengeance|brother brother relationship,HBO Max Amazon Channel|YouTube TV|TNT|TBS|tru TV|HBO Max,2026-10-03
573164,An Egg Rescue,es,MX,3d animation,,2026-10-03
573435,Bad Boys: Ride or Die,en,US,"miami, florida|sequel|police headquarter|on the run|police detective|buddy cop|buddy comedy|aftercreditsstinger|police manhunt|high-speed chase|adrenaline|criminal hideout|public scandal|wrongful accusation",Hulu|fuboTV|YouTube TV,2026-10-03
574475,Final Destination Bloodlines,en,US,restaurant|gore|sequel|premonition|family tragedy|near-death experience|1960s|cheating death|supernatural horror|horror|amused|inevitable fate|death’s design|supernatural force|deadly premonition|domino effect,HBO Max Amazon Channel|HBO Max,2026-10-03
575264,Mission: Impossible - Dead Reckoning Part One,en,US,"mask|race against time|mission|rome, italy|chase|secret mission|spy|fake identity|secret agent|sequel|intelligence agency|secret government organization|infiltration|fictional government agency|rogue agent|government agency|based on tv series|action",Paramount Plus Premium|Paramount Plus Essential|Paramount+ Amazon Channel|Paramount+ Roku Premium Channel,2026-10-03
575265,Mission: Impossible - The Final Reckoning,en,US,mask|artificial intelligence (a.i.)|diving|submarine|espionage|spy|nuclear missile|fake identity|secret agent|stunt|sequel|secret government organization|infiltration|terrorist plot|fictional government agency|misinformation|government agency|based on tv series,Amazon Prime Video|fuboTV|MGM+ Amazon Channel|Paramount Plus Premium|Paramount Plus Essential|Philo|Paramount+ Amazon Channel|MGM Plus|Paramount+ Roku Premium Channel|Amazon Prime Video with Ads,2026-10-03
576845,Last Night in Soho,en,GB,"london, england|nightmare|go-go dancer|time travel|nostalgia|fashion designer|murder|soho london|burlesque|clairvoyant|fashion design|mysterious|1960s|somber|mirror|pub|psychological horror|suspenseful|amused|audacious",Peacock Premium|YouTube TV|Peacock Premium Plus,2026-10-03
577242,Kaamelott: The First Chapter,fr,FR,holy grail|king arthur|knights of the round table|based on tv series,France Channel Amazon Channel,2026-10-03
578701,Those Who Wish Me Dead,en,CA|US,assassin|based on novel or book|older woman younger man relationship|neo-western|wildfire|distressing|tragic,Netflix|Netflix Standard with Ads,2026-10-03
579047,Reminiscence,en,US,"miami, florida|drug addiction|new orleans, louisiana|flashback|murder|memory|tech noir|woman director|hopeless|neo-noir|depressing|complicated|pretentious",,2026-10-03
579974,RRR,te,IN,rescue|revolution|liberation|slavery|male friendship|freedom fighter|british empire|interracial romance|historical fiction|period drama|historical|1920s|history of india|killed in action|war,Netflix|Netflix Standard with Ads,2026-10-03
580489,Venom: Let There Be Carnage,en,US,hero|psychopath|superhero|anti hero|villain|alien life-form|based on comic|sequel|fear|aftercreditsstinger|symbiote|carnage,Disney Plus|fuboTV|YouTube TV|FXNow|Starz Apple TV channel,2026-10-03
581734,Nomadland,en,US,factory worker|van|based on novel or book|nevada|recession|homelessness|road trip|unemployment|recreational vehicle|road movie|death of husband|western usa|woman director|nomad|reflective|late stage capitalism|intimate|comforting,,2026-10-03
583406,Judas and the Black Messiah,en,US,"chicago, illinois|assassination|black panther party|based on true story|betrayal|betrayal by friend|hard|1960s|african american history|rainbow coalition|awestruck|exhilarated",,2026-10-03
585083,Hotel Transylvania: Transformania,en,US,monster|vampire|transformation|halloween|sequel|aftercreditsstinger|duringcreditsstinger|human|3d animation,Amazon Prime Video|Amazon Prime Video with Ads,2026-10-03
585216,Escape Room: Tournament of Champions,en,US,sequel|no escape|escape room|death game,YouTube TV|Sony Pictures Core Amazon Channel,2026-10-03
585245,Clifford the Big Red Dog,en,US,based on novel or book|dog|giant dog|pets|live action and animation|cgi-live action hybrid,Paramount Plus Premium|Paramount Plus Essential|Paramount+ Amazon Channel|Paramount+ Roku Premium Channel,2026-10-03
586101,Music,en,US,drug dealer|autism|macabre|celebratory|disrespectful,Amazon Prime Video|Amazon Prime Video with Ads,2026-10-03
586810,Mars Express,fr,FR,android|man vs machine|planet mars|hacker|female protagonist|cyberpunk|robot|private detective|adult animation|near future|arrogant|cliché,,2026-10-03
587357,Miss Moxy,nl,NL|BE,travel|cartoon cat|cartoon dog|roadtrip|3d animation|animation|romantic|authoritarian|euphoric,Angel Studios,2026-10-03
587412,K.G.F: Chapter 2,kn,IN,undercover|sequel|one man army|action hero,Amazon Prime Video|Amazon Prime Video with Ads,2026-10-03
587807,Tom & Jerry,en,US,aftercreditsstinger|live action and animation|bold|comforting,,2026-10-03
588648,Dragonkeeper,es,ES,fantasy world|giant dragon|animation,Hulu,2026-10-03
588921,Ainbo: Spirit of the Amazon,en,PE,affectation|protection|amazon rainforest|hard|calm|candid|philosophical|lyrical|threatened ecosystem|playful|3d animation|provocative|absurd|admiring|adoring|amused|appreciative|assertive|awestruck|derogatory,Amazon Prime Video|Amazon Prime Video with Ads|Shout! Factory Amazon Channel,2026-10-03
589018,Savages,fr,BE|FR|CH,forest|stop motion|orangutan|logging|3d animation,,2026-10-03
592695,Pleasure,sv,SE,"pornography|female friendship|porn star|female protagonist|los angeles, california|porn industry|porn actress|woman director|sexual assault",,2026-10-03
592831,Megalopolis,en,US,new year's eve|infidelity|suicide|widow|wedding reception|dystopia|mayor|attempted murder|architect|manipulation|seduction|satellite|utopia|politician|surrealism|riot|time|alcoholism|interracial relationship|disaster|mistress|stroke|uncle nephew relationship|cousin relationship|existentialism|hope for future|assassination attempt|death of wife|dreamlike|after disaster|wealthy family|mother daughter relationship|independent film|tragic,,2026-10-03
592863,Respect,en,US,pop singer|biography|african american history|african american|african american musician,,2026-10-03
593643,The Menu,en,US,psychopath|obsession|mass murder|restaurant|dark comedy|revenge|food|mass suicide|dinner|chef|food critic|remote island|french cuisine|culinary arts|fine dining|haute cuisine|commanding|pessimistic|foodies|murder-suicide|exclusive,Hulu|Netflix|fuboTV|YouTube TV|FXNow|Netflix Standard with Ads,2026-10-03
594767,Shazam! Fury of the Gods,en,US,superhero|sequel|end of the world|super power|aftercreditsstinger|duringcreditsstinger|dc extended universe (dceu)|teenager|joyous|amused,HBO Max Amazon Channel|Cinemax Amazon Channel|TNT|TBS|tru TV|HBO Max|Cinemax Apple TV channel,2026-10-03
597208,Nightmare Alley,en,US,infidelity|based on novel or book|love triangle|tarot cards|mentor|hustler|lie|supernatural|carnival|con artist|murder|fugitive|alcoholic|grifter|séance|carny|neo-noir|freak show|1940s|spiritism|mentalist|violence,Hulu|fuboTV|YouTube TV|FXNow,2026-10-03
597890,Voyagers,en,US,space travel|sexual tension|space|sexual behavior,Amazon Prime Video|Amazon Prime Video with Ads|MovieSphere+ Amazon Channel,2026-10-03
600354,The Father,en,GB,"london, england|loss of sense of reality|flat|dementia|mistaken identity|alzheimer's disease|based on play or musical|old man|memory loss|elderly man|caregiving|father daughter relationship|anxious|caregiver patient relationship|fading memories|old age|ghoulish",,2026-10-03
601337,83,hi,IN,sports|biography|cricket|based on true story|1980s,Netflix|Netflix Standard with Ads,2026-10-03
601635,Laal Singh Chaddha,hi,IN,mentally disabled|based on novel or book|remake|india|foreign language adaptation|based on movie|indian army|official adaptation,Netflix|Netflix Standard with Ads,2026-10-03
601796,Alienoid,ko,KR,prisoner|time warp|time travel|alien|historical fiction|goryeo dynasty|taoist wizard,Philo|Fandor Amazon Channel|Hi-YAH|Midnight Pulp Amazon Channel|Hi-YAH Amazon Channel,2026-10-03
602223,The Forever Purge,en,US,texas|sequel|murder|desert|survival horror|neo-western|purge|family surviving alone|guns and weapons,Peacock Premium|YouTube TV|Peacock Premium Plus,2026-10-03
602269,The Little Things,en,US,"detective|deputy sheriff|cop|serial killer|crime scene|los angeles, california|series of murders|cat and mouse|surveillance|lapd|homicide detective|prime suspect|1990s|unsolved murders|suspense mystery",YouTube TV,2026-10-03
602734,Spiral: From the Book of Saw,en,US,sequel|murder|police corruption|survival horror|body count|procedural|father son relationship|mystery killings|murder of a policeman|death game,Hulu|fuboTV|YouTube TV|FXNow,2026-10-03
603206,Dream Horse,en,GB,wales|sports|horse|racehorse|based on true story|horse racing|calm,,2026-10-03
603692,John Wick: Chapter 4,en,US,"new york city|martial arts|berlin, germany|paris, france|hitman|sequel|organized crime|osaka, japan|code of honor|blindness|aftercreditsstinger|hunted|hand to hand combat|consequences|professional assassin|neo-noir|japanese mafia|japan style|continental hotel",Amazon Prime Video|YouTube TV|Amazon Prime Video with Ads,2026-10-03
604079,The Long Walk,en,US,suicide|based on novel or book|male friendship|bullying|coming of age|survival|teenage boy|survival horror|authoritarian regime|psychological horror|psychological breakdown|life‑or‑death stakes|forced march|moral despair|fatal competition|youth dystopia|oppressive system|stephen king,HBO Max Amazon Channel|HBO Max|Starz Apple TV channel,2026-10-03
604685,Den of Thieves 2: Pantera,en,US,diamond|ex-cop|heist|vengeance|crime|ridiculous,Netflix|Netflix Standard with Ads,2026-10-03
607430,Nine Days,en,US,,,2026-10-03
609681,The Marvels,en,US,hero|superhero|space travel|based on comic|sequel|teenage girl|female protagonist|aftercreditsstinger|duringcreditsstinger|marvel cinematic universe (mcu)|woman director|space adventure|foreboding,Disney Plus,2026-10-03
610219,The Fire Inside,en,US,child abuse|biography|based on true story|teenage girl|flint michigan|female boxing|olympic athlete|boxing|2010s|inner city youth,Amazon Prime Video|MGM+ Amazon Channel|MGM Plus Roku Premium Channel|Amazon Prime Video with Ads,2026-10-03
610253,Halloween Kills,en,US,halloween|sequel|murder|vigilante|serial killer|hospital|slasher|murderer|killer|house fire|reboot|crime spree|vigilantism|escaped killer|murder spree|vigilante justice|sadistic killer|holiday horror|gay character|splatter horror,Peacock Premium|Peacock Premium Plus,2026-10-03
611359,Tu Jhoothi Main Makkaar,hi,IN,romcom|amused|comforting,Netflix|Netflix Standard with Ads,2026-10-03
614479,Insidious: The Red Door,en,US,supernatural|medium|halloween|college|sequel|evil spirit|art|demon|other dimension|father son relationship|insidious|malicious|supernatural horror|horror|sinister,Hulu|fuboTV|HBO Max Amazon Channel|YouTube TV|FXNow|HBO Max,2026-10-03
614917,King Richard,en,US,sports|tennis|tennis player|father|based on true story|wimbledon|family|tennis pro|father daughter relationship|coaching|champions,,2026-10-03
614930,Teenage Mutant Ninja Turtles: Mutant Mayhem,en,US,new york city|sibling relationship|skateboarding|crime fighter|superhero|turtle|based on comic|ninja|duringcreditsstinger|playful|aspiring journalist|anthropomorphic animal|3d animation|lighthearted|sentimental|whimsical|enthusiastic|vibrant,Paramount Plus Premium|Paramount Plus Essential|Paramount+ Amazon Channel|Paramount+ Roku Premium Channel,2026-10-03
614934,Elvis,en,AU|US,rock 'n' roll|biography|singer|music business|rock singer|1950s|famous song|joyous|apathetic|joyful|biographical|biopic,,2026-10-03
614939,Bros,en,US,chocolate|screenwriter|museum|romcom|lgbt|emotional vulnerability|gay pride|pride parade|investment banker|gay romance|emotional breakdown|gay theme|gay relationship,Netflix|Netflix Standard with Ads,2026-10-03
615457,Nobody,en,US,assassin|double life|midlife crisis|bratva (russian mafia)|secret organization|thief|one man army|home invasion|family|brawl|duringcreditsstinger|hidden past|gunfights|violent retaliation|family protection,Peacock Premium|YouTube TV|Peacock Premium Plus,2026-10-03
615643,Minari,en,US,american dream|affectation|arkansas|church|east asian lead|farmland|farmer|burlesque|semi autobiographical|heart condition|family tension|hatchery|1980s|thoughtful|vegetable farm|korean american|mobile home|rural setting|grandmother grandson relationship|korean|asian american|korean food|dramatic|korean immigrant|embarrassed,,2026-10-03
615656,Meg 2: The Trench,en,US,based on novel or book|deep sea|sequel|underwater|shark|kaiju|civil action|animal horror|mariana trench|environmental crisis|shark cage|megalodon,HBO Max Amazon Channel|YouTube TV|Cinemax Amazon Channel|TNT|TBS|tru TV|HBO Max|Cinemax Apple TV channel,2026-10-03
615777,Babylon,en,US,elephant|gambling|gambling debt|movie business|orgy|cocaine|affectation|melancholy|champagne|alcoholism|hollywood|alcoholic|filmmaking|movie star|silent film star|1920s|old hollywood|fading star|sex|grand|absurd|ambiguous|amused,Hulu|Paramount Plus Premium|Paramount Plus Essential|Paramount+ Amazon Channel|Paramount+ Roku Premium Channel,2026-10-03
615904,Marry Me,en,US,marriage|celebrity|based on comic|wedding|duringcreditsstinger|romantic|cheerful,Peacock Premium|YouTube TV|Peacock Premium Plus,2026-10-03
615952,Armageddon Time,en,US,school friend|grandparent grandchild relationship|grandfather|arrest|ronald reagan|stealing|pta|semi autobiographical|1980s|school board|jimmy carter,Netflix|Netflix Standard with Ads,2026-10-03
616037,Thor: Love and Thunder,en,US,hero|ex-girlfriend|superhero|greek mythology|based on comic|sequel|shadow|norse mythology|aftercreditsstinger|duringcreditsstinger|marvel cinematic universe (mcu)|norse god|god of thunder|colorless|child abduction,Disney Plus,2026-10-03
616651,Stillwater,en,US,"marseille, france|fish out of water|father daughter relationship",,2026-10-03
616747,Haunted Mansion,en,US,magic|haunted house|grief|ghost|nostalgic|haunted mansion|based on theme park ride,Disney Plus,2026-10-03
616820,Halloween Ends,en,US,mask|sadism|radio station|psychopath|homicide|insanity|trauma|halloween|forbidden love|babysitter|illinois|bullying|sequel|halloween party|rampage|serial killer|slasher|accidental death|multiple stabbings|motorcycle|stabbing|sewer|evil|death of son|reboot|homeless man|mentor protégé relationship|autumn|halloween costume|grieving father|memoir|murder spree|human monster|death of a child|doomed romance|sadistic killer|grandmother granddaughter relationship|masked killer|junkyard|holiday horror,Netflix|Netflix Standard with Ads,2026-10-03
617126,The Fantastic 4: First Steps,en,US,strong woman|saving the world|superhero|based on comic|end of the world|super power|superhero team|alternative reality|aftercreditsstinger|duringcreditsstinger|marvel cinematic universe (mcu)|silver surfer|1960s|retrofuturism|teamwork|casual|romantic|antagonistic|awestruck|enthusiastic|team dynamics|power awakening|planet devourer|cosmic entity,Disney Plus,2026-10-03
617653,The Last Duel,en,US,"rape|based on novel or book|castle|male friendship|normandy, france|based on true story|trial|battlefield|knight|duel|battle|historical|catholic|sword duel|rape and revenge|historical drama|trial by combat|nobleman|squire|14th century|knighthood|medieval france|medieval times|conceited",fuboTV|YouTube TV|FXNow,2026-10-03
618588,Arthur the King,en,US,based on true story|costa rica|lost dog|emotional journey|dog adventure|overcoming obstacles|life changing encounter|trust building|extreme race|stray dog rescue|team spirit|mountain trails|human‑animal bond|unexpected companionship|physical hardship,Netflix|Netflix Standard with Ads|Starz Apple TV channel,2026-10-03
619730,Don't Worry Darling,en,US,suburbian idyll|cult|palm springs|psychological thriller|stepford wife|woman director|curious|1950s|cultists|unhappy wife|amused,,2026-10-03
619778,Malignant,en,US,"dreams|monster|brain tumor|detective|seattle, washington|gore|murder|vision|serial killer|hospital|miscarriage|videotape|murder mystery|sister sister relationship|psychic connection|body horror|american giallo",TNT|TBS|tru TV,2026-10-03
619803,The Roundup,ko,KR,"vietnam|police|gangster|detective|sequel|murder investigation|international crime|2000s|vindictive|seoul, south korea|ho chi minh|intense",Amazon Prime Video|AsianCrush|Midnight Pulp|Amazon Prime Video with Ads|Midnight Pulp Amazon Channel,2026-10-03
621587,Next Goal Wins,en,US,world cup|based on true story|coach|football (soccer)|aftercreditsstinger|indigenous community|transphobia|transgender|comforting|informative|based on documentary,Hulu,2026-10-03
623511,The Burning Sea,no,NO,north sea|oil industry|oil platform|catastrophe,Magnolia Selects Amazon Channel|Monsters and Nightmares Amazon Channel,2026-10-03
624860,The Matrix Resurrections,en,US,future|man vs machine|underground world|artificial intelligence (a.i.)|computer|virtual reality|prophecy|dystopia|sequel|cyberpunk|aftercreditsstinger|dream world|woman director|gnosticism|grand,TNT|TBS|tru TV,2026-10-03
626735,Dog,en,US,military working dogs|emotional support animal|belgian malinois|baddi-flies|ranger regiment,Amazon Prime Video|Amazon Prime Video with Ads,2026-10-03
627336,L2: Empuraan,ml,IN,controversy|cynical|kerala|admiring|enthusiastic|optimistic|2002 gujarat riots,Hulu,2026-10-03
629542,The Bad Guys,en,US,based on novel or book|snake|wolf|affectation|spider|villain|heist|anthropomorphism|shark|guinea pig|piranha|duringcreditsstinger|zealous|wonder|3d animation|lighthearted|understated|sentimental|cheerful|cliché|complicated|empathetic|enchant|enthusiastic|euphoric|modest|animesque,Netflix|Netflix Standard with Ads,2026-10-03
630004,The Vault,en,FR|ES,"madrid, spain|world cup|heist|bank vault|treasure hunter|treasure heist",,2026-10-03
630240,Titane,fr,FR,pregnancy|trauma|head wound|car crash|serial killer|car accident|woman director|firefighter|masculinity|abortion|missing son|female serial killer|woman disguised as man|immaculate conception|objectum sexuality|body horror,,2026-10-03
631842,Knock at the Cabin,en,US,based on novel or book|sacrifice|faith|end of the world|apocalypse|home invasion|lgbt|aftercreditsstinger|adopted child|adopted daughter|gay theme|same sex relationship|religious symbolism|tense|defiant,Netflix|YouTube TV|Netflix Standard with Ads,2026-10-03
631843,Old,en,US,beach|husband wife relationship|schizophrenia|escape|time warp|rapper|coral reef|deception|time|aging|loss of virginity|trap|murder|corpse|family vacation|family|based on graphic novel|family holiday|death|existentialism|sickness|mortality|time-manipulation|radical transformation|secluded beach|human experiment|brother sister relationship|medical experiment|experimental drug|secret experiment|body horror|vacation gone wrong|baffled|frightened,Peacock Premium|YouTube TV|Peacock Premium Plus,2026-10-03
632357,The Unholy,en,US,witch|melancholy|demon|mysterious|shocking|zealous|somber|religious horror|wonder|suspicious|inspirational|adoring|ambiguous|antagonistic|approving|audacious|melodramatic,Hulu|fuboTV|YouTube TV,2026-10-03
632617,C'mon C'mon,en,US,"new york city|new orleans, louisiana|interview|los angeles, california|black and white|parenting|childhood|uncle nephew relationship|motherhood|bipolar disorder|brother sister relationship|kids speaking",,2026-10-03
634429,Shin Ultraman,ja,JP,superhero|giant monster|alien|alien invasion|reboot|kaiju|kyodai hero|ultraman|henshin heroes|defence team|tokusatsu,Amazon Prime Video|Philo|Retrocrush|Fandor Amazon Channel|Midnight Pulp|Amazon Prime Video with Ads|Midnight Pulp Amazon Channel|RetroCrush Amazon Channel|Cineverse Amazon Channel,2026-10-03
634492,Madame Web,en,US,"new york city|spider|based on comic|teenage girl|super power|paramedic|manhattan, new york city|spider web|clairvoyant|woman director|origin story|2000s|vision of the future",Disney Plus|YouTube TV,2026-10-03
634528,The Marksman,en,US,assassin|mexico|war veteran|usa–mexico border|murder|drug cartel|farmer|dead dog|road movie,Amazon Prime Video|fuboTV|Amazon Prime Video with Ads|Shout! Factory Amazon Channel,2026-10-03
634649,Spider-Man: No Way Home,en,US,new york city|hero|showdown|magic|loss of loved one|secret identity|superhero|villain|portal|based on comic|sequel|vigilante|superhero team|masked vigilante|alternative reality|aftercreditsstinger|duringcreditsstinger|marvel cinematic universe (mcu)|masked superhero|fight for justice|grim|teen superhero|superhero teamup|returning hero|teamwork|multiverse,Disney Plus|fuboTV|YouTube TV|FXNow|Starz Apple TV channel,2026-10-03
635302,Demon Slayer -Kimetsu no Yaiba- The Movie: Mugen Train,ja,JP,fight|magic|supernatural|psychology|gore|sequel|coming of age|survival|tragedy|based on manga|demon|historical|family|mutilation|dark fantasy|shounen|anime|taisho period,Crunchyroll Amazon Channel,2026-10-03
635731,Pig,en,US,"expensive restaurant|pig|loss of loved one|portland, oregon|misanthrophy|grief|cabin in the woods|chef|loss of pet|loner|grieving|pets|truffles|depressing",,2026-10-03
635891,Clerks III,en,US,heart attack|gas station|sequel|aftercreditsstinger|view askewniverse,MovieSphere+ Amazon Channel,2026-10-03
635910,The Last Voyage of the Demeter,en,US,ship|monster|based on novel or book|sacrifice|vampire|supernatural|gothic horror|supernatural horror|dracula|1890s,Peacock Premium|Peacock Premium Plus,2026-10-03
637649,Wrath of Man,en,US,"crime boss|armored car|remake|revenge|shootout|shooter|los angeles, california|security guard|armored car robbery|marksman|ex soldier|armed robbery|marksmanship|father son relationship|precision|cash truck|money heist|special skills",Amazon Prime Video|AMC Plus Apple TV channel|AMC+|AMC|Amazon Prime Video with Ads,2026-10-03
637693,Spirit Untamed,en,US,horse|mustang|female protagonist|animals|wild horse|reboot|3d animation,Peacock Premium|USA Network|Peacock Premium Plus,2026-10-03
639720,IF,en,US,friendship|imaginary friend|aftercreditsstinger|imaginary|live action and animation|imagination,Netflix|Paramount Plus Premium|Paramount Plus Essential|Paramount+ Amazon Channel|Paramount+ Roku Premium Channel|Netflix Standard with Ads,2026-10-03
639933,The Northman,en,US,"sword|prince|gore|vikings (norsemen)|iceland|northern ireland|sword fight|revenge|fate|king|brutality|based on myths, legends or folklore|nordic|10th century|wonder|grimdark|fantasy|dramatic|suspenseful|admiring|amused|bold|commanding|ominous",Netflix|Netflix Standard with Ads,2026-10-03
639988,No Other Choice,ko,KR,based on novel or book|dark comedy|remake|social commentary|working class|unemployment|paper industry|unemployed|devoted family man|murder plot|social criticism|south korea|amused|economic hardship|desperate father|anti capitalism,Hulu,2026-10-03
640146,Ant-Man and the Wasp: Quantumania,en,US,hero|superhero|ant|based on comic|sequel|alternate dimension|family|aftercreditsstinger|duringcreditsstinger|marvel cinematic universe (mcu)|absurd|bewildered,Disney Plus|FXNow,2026-10-03
643586,Willy's Wonderland,en,US,dying and death|nightmare|possession|carnival|mascot|evil doll|mute|apocalypse|demon|campy|amusement park|animatronic|demonic|hilarious|cliché|android horror|animatronic band,Hulu|Amazon Prime Video|fuboTV|Amazon Prime Video with Ads,2026-10-03
644083,Twist,en,GB,graffiti|parkour|art gallery|art theft,Lionsgate+ Amazon Channel,2026-10-03
644495,House of Gucci,en,US,marriage crisis|italy|biography|based on true story|fashion designer|murder|fashion|failing marriage|1980s|1990s|rich family|gucci|apathetic|dubious,Hulu|Amazon Prime Video|Amazon Prime Video with Ads,2026-10-03
645689,The Duke,en,GB,couple|release,Hulu|fuboTV|YouTube TV|FXNow,2026-10-03
646380,Don't Look Up,en,US,artificial intelligence (a.i.)|the white house|asteroid|climate change|satire|global warming|comet|end of the world|social commentary|social satire|meteorite|astronomer|disaster|teacher student relationship|denial|mass hysteria|aftercreditsstinger|duringcreditsstinger|tragic,Netflix|Netflix Standard with Ads,2026-10-03
646385,Scream,en,US,mask|california|attempted murder|halloween|hallucination|sequel|murder|serial killer|hospital|slasher|whodunit|killing spree|hometown|self-referential|reboot|crime spree|illegitimate child|murder mystery|legacy|fandom|copycat killer|generation z|murder spree|sister sister relationship|retired cop|return to hometown,Netflix|Paramount Plus Premium|Paramount Plus Essential|Paramount+ Amazon Channel|Paramount+ Roku Premium Channel|Netflix Standard with Ads,2026-10-03
646389,Plane,en,GB,airplane|pilot|philippines|held hostage|plane crash|intense,fuboTV|YouTube TV|Lionsgate+ Amazon Channel|MovieSphere+ Amazon Channel,2026-10-03
646683,The Exorcism,en,US,exorcism|survival horror|broken family|psychological horror|amused,Netflix|Philo|AMC Plus Apple TV channel|AMC+ Amazon Channel|AMC+ Roku Premium Channel|AMC+|Shudder|Shudder Amazon Channel|Netflix Standard with Ads|Shudder Apple TV channel,2026-10-03
647245,Reagan,en,US,usa president|politics|affectation|biography|based on true story|nicaragua|historical figure|ronald reagan|movie star|nostalgic|historical drama|1940s|1950s|1960s|candid|political scandal|reflective|iran–contra affair|christian film|america|hiv/aids epidemic|introspective|provocative|factual|direct|dramatic|romantic|admiring|adoring|appreciative|approving|authoritarian|awestruck|celebratory|cheerful|comforting|commanding|compassionate|empathetic|enchant|excited|matter of fact|optimistic|sincere,,2026-10-03
648579,The Unbearable Weight of Massive Talent,en,US,central intelligence agency (cia)|undercover|screenplay|satire|birthday party|drug lord|struggling actor|father daughter relationship|ambiguous|euphoric,Howdy Amazon Channel,2026-10-03
648878,Eddington,en,US,small town|sheriff|husband wife relationship|new mexico|mayor|dark comedy|protest|satire|murder|shootout|blunt|neo-western|covid-19|absurd|antagonistic|gloomy,HBO Max Amazon Channel|HBO Max,2026-10-03
649609,Renfield,en,US,vampire|police corruption|criminal underworld|bugs|mob family|reluctant hero|crooked cops|immortal|dracula|abusive relationship|bloody death|joyous|violence|amused|satirical tone|gothic parody|slapstick gore|brutal fights,Peacock Premium|YouTube TV|Peacock Premium Plus,2026-10-03
653346,Kingdom of the Planet of the Apes,en,US,empire|kingdom|gorilla|dystopia|chimpanzee|post-apocalyptic future|eagle|sequel|anthropomorphism|distant future|ape|orangutan|evolution|primate|sign languages|journey|cgi-live action hybrid|evil tyrant,Amazon Prime Video|fuboTV|Amazon Prime Video with Ads,2026-10-03
653851,Devotion,en,US,korean war (1950-53)|based on true story|aftercreditsstinger|duringcreditsstinger|war,,2026-10-03
655082,Eiffel,fr,FR,"paris, france|eiffel tower, paris|19th century|world's fair|tour eiffel",Amazon Prime Video|Darkroom|Amazon Prime Video with Ads,2026-10-03
656663,Jackass Forever,en,US,stunt|stuntman|making of|stuntperson|stunt flying|aerial stunts|aggressive|stuntmen|pathetic|reality show|absurdist humor|absurd|stunting,Paramount Plus Premium|Paramount Plus Essential|Paramount+ Amazon Channel|Paramount+ Roku Premium Channel,2026-10-03
660120,The Worst Person in the World,no,NO,"bookshop|photographer|pregnancy|man woman relationship|magic mushroom|cancer|break-up|older man younger woman relationship|oslo, norway|controversial artist|turning thirty|witty|bitter|sincere",,2026-10-03
661374,Glass Onion: A Knives Out Mystery,en,US,detective|greece|investigation|mona lisa (la gioconda)|dark comedy|satire|sequel|murder|billionaire|whodunit|puzzle box|clue|identical twin|murder mystery|arrested development|closeted homosexual|covid-19|offbeat,Netflix|Netflix Standard with Ads,2026-10-03
661539,A Complete Unknown,en,US,new york city|based on novel or book|musician|biography|folk music|music history|singer-songwriter|greenwich village|1960s|artistic risk|fictionalized history|electric guitar|acoustic folk,Hulu,2026-10-03
661791,The Grandmother,es,FR|ES,"paris, france|madrid, spain|family secrets|old woman|grandmother granddaughter relationship|fashion model",,2026-10-03
663260,Black Box,fr,FR,airplane|conspiracy|airplane crash|anomaly|plane crash|conspiracy thriller|ntsb,France Channel Amazon Channel,2026-10-03
663870,Riders of Justice,da,DK,mathematics|train accident|revenge|train|father daughter relationship,Philo|Magnolia Selects Amazon Channel|Warriors and Gangsters Amazon Channel,2026-10-03
664341,Eileen,en,US,"prison|sexual abuse|based on novel or book|winter|kidnapping|boston, massachusetts|female friendship|dysfunctional family|alcoholism|femme fatale|film noir|murder|loneliness|female protagonist|accidental death|masturbation|new england|death of mother|alcoholic father|female psychologist|deadbeat dad|daydreaming|aggressive|1960s|youth correctional facility|anxious|dark|psychological|depressing",,2026-10-03
664469,Amsterdam,en,US,investigation|secret organization|based on true story|death of father|friends|conspiracy|racism|witness to murder|disfigured face|veteran|duringcreditsstinger|framed for murder|political corruption|mysterious death|1930s|political conspiracy,Hulu|fuboTV|YouTube TV,2026-10-03
666277,Past Lives,en,US,"new york city|immigrant|friendship|nostalgia|woman between two men|interracial marriage|fate|playwright|married woman|childhood friends|semi autobiographical|woman director|korean american|childhood sweethearts|memories|dreary|korean|asian american|independent film|seoul, south korea",,2026-10-03
667216,Infinity Pool,en,CA,infidelity|island|identity|clone|eroticism|orgy|hallucination|surrealism|vacation|writer's block|drug trip|interracial relationship|execution|humiliation|hedonism|body horror|nepotism,,2026-10-03
667538,Transformers: Rise of the Beasts,en,US,peru|alien|end of the world|based on toy|giant robot|robot|duringcreditsstinger|1990s|brother brother relationship,Paramount Plus Premium|Paramount Plus Essential|Paramount+ Amazon Channel|Paramount+ Roku Premium Channel,2026-10-03
667717,Deep Sea,zh,CN,female protagonist|curious|reflective|3d animation|grand|understated|幻境|深海|拯救|感动,Shout! Factory Amazon Channel,2026-10-03
668482,Roald Dahl's Matilda the Musical,en,GB,child abuse|corruption|library|magic|circus|musical|child prodigy|based on play or musical|telekinesis|remake|parenting|based on children's book|fantasy sequence|escape artist|precocious child|evil dictator|acrobats|bad parenting|female child abuser|kid genius|abusive family|magical realism,Netflix|Netflix Standard with Ads,2026-10-03
668640,Official Competition,es,ES,,Philo|AMC Plus Apple TV channel|AMC+ Amazon Channel|AMC+|Sundance Now,2026-10-03
670292,The Creator,en,US,artificial intelligence (a.i.)|asia|dystopia|cyberpunk|transhumanism|robot|space station|kids|ex special forces|humanoid robot|missing wife|near future|war against machines,Hulu,2026-10-03
673309,American Underdog,en,US,"american football|biography|based on true story|los angeles, california|aftercreditsstinger|nfl (national football league)",fuboTV|YouTube TV|FXNow|Wonder Project Amazon Channel,2026-10-03
673593,Mean Girls,en,US,high school|musical|illinois|female friendship|bullying|based on play or musical|remake|kenya|teen movie|prom|teenage girl|homeschooling|math teacher|gossip|intervention|clique|former best friend|teen comedy|reboot|based on movie|public humiliation|aftercreditsstinger|woman director|teenage romance|high school rivalry|teenage life|manipulative friend|math genius|segregation|musical comedy|female bully|dumb blonde|high school romance,Paramount Plus Premium|Paramount Plus Essential|Paramount+ Amazon Channel|Paramount+ Roku Premium Channel,2026-10-03
674324,The Banshees of Inisherin,en,GB|US,friendship|island|donkey|dark comedy|irish civil war (1922-23)|church|ireland|drinking|former best friend|self mutilation|fiddle|mysterious|1920s|brother sister relationship|pub|provocative,fuboTV|YouTube TV|FXNow,2026-10-03
675353,Sonic the Hedgehog 2,en,US,mad scientist|sequel|revenge|based on video game|duringcreditsstinger|hedgehog|live action and animation|relaxed|joyous|bold|cheerful|enthusiastic|sonic cinematic universe,Netflix|Paramount Plus Premium|Paramount Plus Essential|Philo|Paramount+ Amazon Channel|Paramount+ Roku Premium Channel|Netflix Standard with Ads,2026-10-03
675445,PAW Patrol: The Movie,en,US,cartoon|rescue mission|dog|animals|cartoon dog|kids|based on tv series|3d animation,Paramount Plus Premium|Paramount Plus Essential|Paramount+ Amazon Channel|Paramount+ Roku Premium Channel,2026-10-03
675871,Super Troopers 3,en,US,police|cop|engagement|sequel|interracial romance|wedding|indian wedding,,2026-10-03
676710,The Amazing Maurice,en,DE|BE|GB,based on novel or book|grim reaper|cartoon cat|nine lives|rat|terry pratchett|3d animation|discworld|interspecies friendship,Hulu,2026-10-03
676727,The Inventor,en,US,inventor|leonardo da vinci|stop motion|historical fiction|renaissance|renaissance painting|italian renaissance|3d animation|famous painter|famous painting,Amazon Prime Video|Amazon Prime Video with Ads,2026-10-03
677179,Creed III,en,US,"husband wife relationship|philadelphia, pennsylvania|sports|deaf|sequel|orphan|former best friend|ex-con|childhood friends|juvenile detention center|boxing|prodigy|intense|assertive|audacious",Hulu|Amazon Prime Video|Paramount Plus Premium|Paramount Plus Essential|Paramount+ Amazon Channel|Paramount+ Roku Premium Channel|Amazon Prime Video with Ads,2026-10-03
678512,Sound of Freedom,en,US,kidnapping|human trafficking|based on true story|honduras|child kidnapping|rescue operation|lost children|children in danger|colombia|awestruck|undercover mission|criminal network|determined agent|remote hideouts|international rescue|justice pursuit,Amazon Prime Video|Angel Studios|Amazon Prime Video with Ads,2026-10-03
680493,Return to Silent Hill,en,GB|US,monster|wife|supernatural|letter|painter|sequel|punishment|love|survival|murder|creature|based on video game|ghost town|psychological|plot twist|psychological horror|violence|ambivalent,Hulu|Screambox Amazon Channel,2026-10-03
680813,Flee,da,DK,refugee|trauma|afghanistan|therapy|war trauma|memories|war refugees|gay theme|animated documentary,,2026-10-03
681887,Cosmic Sin,en,US,space battle|space war|space colony|alien contact|future war|alien race|alien space craft|human vs alien|alien attack,,2026-10-03
682012,Little Amélie or the Character of Rain,fr,FR,japan|based on novel or book|chocolate|housekeeper|nature|curiosity|chocolate bar|post war japan|belgian|foreigners|wonder|audacious|human connection|human connection in film,,2026-10-03
682507,Where the Crawdads Sing,en,US,based on novel or book|artist|bullying|alcoholism|coming of age|survival|domestic abuse|first love|marsh|boyfriend girlfriend relationship|social outcast|jury trial|naturalist|murder mystery|murder trial|1960s|alcohol problems|courtroom drama|abusive boyfriend|abandoned child|southern culture|audacious,Hulu|fuboTV|YouTube TV|FXNow,2026-10-03
683311,Castle Falls,en,US,race against time|moral conflict|struggle for survival|hostage situation|gang warfare|hostile takeover|hidden money|abandoned building|demolition countdown|rival gangs|explosive showdown|criminal pursuit|high‑risk confrontation|desperate alliances|physical combat|survival action,fuboTV|Peacock Premium|Peacock Premium Plus|Shout! Factory Amazon Channel,2026-10-03
687163,Project Hail Mary,en,US,friendship|coma|based on novel or book|bravery|sun|language barrier|space travel|space mission|alien|space|memory loss|astronaut|scientist|science teacher|save the planet|spaceship|interspecies friendship,Amazon Prime Video|fuboTV|MGM+ Amazon Channel|Philo|MGM Plus Roku Premium Channel|MGM Plus|Amazon Prime Video with Ads,2026-10-03
693113,Midnight in the Switchgrass,en,US,fbi|texas ranger|based on true story|serial killer|truck stop,Lionsgate+ Amazon Channel,2026-10-03
693134,Dune: Part Two,en,US,based on novel or book|sandstorm|chosen one|sequel|distant future|creature|planet|desert|destiny|giant worm|space opera|sand dune|allegorical|messiah|fall from grace|vengeance|religious allegory|giant creature|power|ambiguous|antagonistic|melodramatic,HBO Max Amazon Channel|YouTube TV|TNT|TBS|tru TV|HBO Max,2026-10-03
693827,Lansky,en,US,gangster|crime boss|mafia boss|organized crime|questioning|crime syndicate|meyer lansky|lansky|meier suchowlański vel lansky|meier suchowlański|arrogant|cruel|enraged,Amazon Prime Video|Amazon Prime Video with Ads,2026-10-03
695721,The Hunger Games: The Ballad of Songbirds & Snakes,en,US,daughter|based on novel or book|arena|fight|mentor|dystopia|riot|exploration|president|prequel|survival|murder|snow|creature|battle|fight to the death|young adult|origin story|based on young adult novel|death game|teenager,Netflix|YouTube TV|Netflix Standard with Ads,2026-10-03
696157,Whitney Houston: I Wanna Dance with Somebody,en,US,musician|drug addiction|biography|rhythm and blues (r&b)|singer|pop music|lgbt|burlesque|domineering|dance-pop|spousal abuse|soul music|exhilarated,Hulu|fuboTV|YouTube TV,2026-10-03
696393,Cold Storage,en,US,australia|based on novel or book|mutation|vomit|deer|outbreak|survival|nuclear bomb|epidemic|fungus|underground facility|storage compound|hilarious|sci-fi horror|harsh|comedy horror,fuboTV|MGM+ Amazon Channel|Philo|MGM Plus Roku Premium Channel|MGM Plus,2026-10-03
696506,Mickey 17,en,GB|US,based on novel or book|dark comedy|space travel|betrayal|alien planet|creature|vaccine|space adventure|human clone|spaceship|2050s|futuristic world|colonial workforce|clone technology|frozen world|authoritarian leader|expendable worker,HBO Max Amazon Channel|HBO Max,2026-10-03
698508,Redeeming Love,en,US,"pedophilia|child abuse|california|rape|based on novel or book|prayer|san francisco, california|love at first sight|brothel|gold rush|sterility|arson|skinny dipping|period drama|evangelical christianity|incest|self-doubt|crucifix|death of mother|frontier town|misogyny|courtship|lynch mob|illegitimate child|brothel madam|old testament|19th century|traumatic childhood|self reflection|runaway bride|child prostitution|child selling|sexual predator|misandry|christian film|child sexual abuse|christian faith|independent film|gender violence|biblical|psychological manipulation|gold dust|1850s|psychological drama|absurd|appreciative|cliché|comforting|compassionate|disrespectful|domestic drama|father daughter sex|brother in law sister in law relationship",Peacock Premium|Peacock Premium Plus,2026-10-03
698687,Transformers One,en,US,based on toy|giant robot|aftercreditsstinger|duringcreditsstinger|buddy movie|brothers-in-arms relationship|origin story|3d animation|alien robot,Amazon Prime Video|fuboTV|MGM+ Amazon Channel|Paramount Plus Premium|Paramount Plus Essential|Philo|Paramount+ Amazon Channel|Paramount+ Roku Premium Channel|Amazon Prime Video with Ads,2026-10-03
700391,65,en,US,monster|asteroid|cave|giant monster|prehistory|dinosaur|quicksand|crash landing|alien race|sick child|shipwrecked|man vs nature|father daughter relationship|alien spaceship,Hulu|Amazon Prime Video|Amazon Prime Video with Ads,2026-10-03
701387,Bugonia,en,US,saving the world|capitalism|kidnapping|paranoia|delusion|symbolism|dark comedy|satire|alien|remake|extraterrestrial|alien invasion|power politics|mental illness|hierarchy|global threat|absurdism|political conflict|alien conspiracy|ecologism|social critique|excited|comedy horror|vistavision,Netflix|Netflix Standard with Ads,2026-10-03
709631,Cobweb,en,US,nightmare|halloween|dysfunctional family|pumpkin|basement|devil|demon|schoolteacher|child protagonist,MovieSphere+ Amazon Channel,2026-10-03
710295,Wolf Man,en,US,"monster|moon|transformation|full moon|melancholy|infection|car crash|woods|oregon, usa|remake|wolfman|werewolf|childhood home|creature feature|monster movie|lycanthrope|body horror|horror",Peacock Premium|Peacock Premium Plus,2026-10-03
712454,The Summit of the Gods,fr,FR|LU,based on manga|mount everest|missing body|alpine climbing|investigative reporter|sport,Netflix|Netflix Standard with Ads,2026-10-03
713704,Evil Dead Rise,en,US,"sibling relationship|pregnancy|supernatural|earthquake|gore|sequel|los angeles, california|demon|spin off|evil|book of the dead|evil dead|necronomicon|reboot|demonic possession|motherhood|sisterhood|sister sister relationship|supernatural horror|mischievous|body horror|apartment|furious|assertive|audacious|disgusted|frightened|harsh",HBO Max Amazon Channel|YouTube TV|HBO Max,2026-10-03
714676,Alice,en,US,1970s|slavery|plantation|revenge,Amazon Prime Video|Amazon Prime Video with Ads,2026-10-03
714888,Argentina 1985,es,AR,based on true story|argentina|lawyer|courtroom|1980s|argentinian dictatorship,Amazon Prime Video|Amazon Prime Video with Ads,2026-10-03
716612,Spencer,en,GB|US,princess|marriage crisis|royal family|biography|based on true story|psychological abuse|norfolk|1990s|british royal family|british monarchy|body horror|princess diana|sentimental|melodramatic,,2026-10-03
717728,Jeepers Creepers: Reborn,en,FI|US|GB,slasher|reboot|grim,,2026-10-03
717930,Kandahar,en,US,central intelligence agency (cia)|undercover agent|behind enemy lines,Hulu,2026-10-03
718032,Licorice Pizza,en,US|CA,high school|california|jealousy|1970s|bed|mattress shop|politician|coming of age|love|teenage love|former child star|young love|san fernando valley|pinball machine|self confidence|aggressive|young entrepreneur|closeted homosexual|brother brother relationship|jewish|age-gap relationship|period piece|teenager,,2026-10-03
718789,Lightyear,en,US,time warp|villain|time travel|space travel|alien life-form|alien planet|stranded|spin off|aftercreditsstinger|duringcreditsstinger|origin story|3d animation|amused|pixar,Disney Plus,2026-10-03
718821,Twisters,en,US,dying and death|rodeo|climate|tornado|twister|natural disaster|oklahoma|storm chaser|sequel|meteorologist|duringcreditsstinger|disaster movie|weather chasers|social media influencer|youtuber|extreme weather|hilarious|exhilarated|science experiment,Hulu,2026-10-03
718930,Bullet Train,en,US,mission|japan|assassin|based on novel or book|hitman|briefcase|train|luck|runaway train|deadly snake|duringcreditsstinger|train travel|professional assassin|interwoven stories|high speed|passenger train|bullet train|death by poisoning|shinkansen|traveling by train,Hulu|fuboTV|YouTube TV,2026-10-03
719221,Tarot,en,US,tarot cards|magic show|horoscope|fate|group of friends|astrology|college student|magician|supernatural horror|zodiac signs|cursed object,Hulu|fuboTV|YouTube TV,2026-10-03
719256,Jesus Revolution,en,US,hippie|1970s|based on true story|aftercreditsstinger|southern california|sentimental|hopeful,Angel Studios|Lionsgate+ Amazon Channel,2026-10-03
720557,Tiger 3,hi,IN,intense,Amazon Prime Video|Amazon Prime Video with Ads,2026-10-03
722778,The Hand of God,it,IT,"italy|naples, italy|loss of virginity|family relationships|coming of age|poverty|teenage boy|football (soccer) fan|semi autobiographical|1980s",Netflix|Netflix Standard with Ads,2026-10-03
724495,The Woman King,en,US,africa|arranged marriage|warrior woman|based on true story|slave trade|duringcreditsstinger|woman director|military unit|19th century|mother daughter reunion|freed slave|female warrior|west africa|weapons training,Hulu|fuboTV|YouTube TV|FXNow,2026-10-03
724665,"Confess, Fletch",en,US,based on novel or book|art theft|stolen painting|reboot|mischievous|playful|irreverent|casual|reminiscent|witty|enthusiastic|sardonic|vibrant|wry,fuboTV|Paramount Plus Premium|Paramount Plus Essential|Paramount+ Amazon Channel|Paramount+ Roku Premium Channel,2026-10-03
725201,The Gray Man,en,US,central intelligence agency (cia)|based on novel or book|hitman|kidnapping|agent|rogue agent|hunted|ex-cia agent,Netflix|Netflix Standard with Ads,2026-10-03
728949,Nightbitch,en,US,based on novel or book|melancholy|satire|magic realism|metamorphosis|suburbanite|motherhood|playful|body horror,Hulu,2026-10-03
730047,Cyrano,en,CA|US|GB,"paris, france|love triangle|theater play|musical|based on play or musical|17th century",,2026-10-03
734002,The Peasants,pl,PL,adultery|based on novel or book|peasant|sexual violence|poland|marriage for money|adult animation|historical drama|19th century|peasant girl|traditional values|peasants|disruption|establishment,,2026-10-03
734253,Adipurush,hi,IN,"ramayana|based on myths, legends or folklore|cgi-live action hybrid",Netflix|Amazon Prime Video|Netflix Standard with Ads|Amazon Prime Video with Ads,2026-10-03
736732,Broker,ko,KR,"baby|adoption|investigation|broker|road trip|family relationships|road movie|abandoned baby|busan, south korea|thought provoking|baby box|family story|embarrassed",,2026-10-03
738652,Copshop,en,US,police|hitman|shootout|police station|jail cell|crooked cop,Peacock Premium|YouTube TV|Peacock Premium Plus,2026-10-03
739405,Operation Fortune: Ruse de Guerre,en,US,"martial arts|london, england|showdown|madrid, spain|espionage|spy|secret agent|shootout|cannes, france",Lionsgate+ Amazon Channel,2026-10-03
743563,Vikram,ta,IN,entertainer|shootout|investigator|action hero|action thriller|crime organization|lokesh cinematic universe (lcu),,2026-10-03
744275,After We Fell,en,US,based on novel or book|family history|sequel|love|teenage crush|woman director|family tension|zealous|toxic relationship|mischievous|enraged|based on fanfiction,Netflix|Netflix Standard with Ads,2026-10-03
744276,After Ever Happy,en,US,based on novel or book|sequel|love|teenage crush|zealous|toxic relationship|based on fanfiction,Netflix|Netflix Standard with Ads,2026-10-03
744594,White Noise,en,US,based on novel or book|natural disaster|new hampshire|dysfunctional family|toxic waste|airborne attack|dartmouth,Netflix|Netflix Standard with Ads,2026-10-03
746036,The Fall Guy,en,US,"sydney, australia|movie business|stuntman|missing person|aftercreditsstinger|duringcreditsstinger|action comedy|based on tv series",,2026-10-03
747188,Asteroid City,en,US,quarantine|asteroid|diner|grandfather|war photographer|alien|grief|space|family|widower|astronomy|story within the story|existentialism|parent-in-law child-in-law relationship|vending machine|stage play|death of wife|1950s|convention|stargazing|meta|science fiction|desert town|ambiguous|audacious|skeptical|wry,Peacock Premium|Peacock Premium Plus,2026-10-03
747803,One Way,en,US,,,2026-10-03
748618,The Lady of Heaven,en,GE|GB,faith|islam|tragedy|muhammad|torture|terrorism|brutality|fatima|revelations|isis (daesh),Amazon Prime Video|Amazon Prime Video with Ads,2026-10-03
748783,The Garfield Movie,en,US|GB,friendship|cat|villain|based on comic|lasagna|computer animation|based on cartoon|food|dog|female villain|aftercreditsstinger|father son relationship|3d animation|adaptation,Hulu,2026-10-03
749004,Petite Maman,fr,FR,grief|magic realism|childhood|woman director|mother daughter relationship,,2026-10-03
749274,Cry Macho,en,US,mexico|based on novel or book|kidnapping|1970s|neo-western|animal whisperer|apathetic|disapproving,,2026-10-03
751237,Umma,en,US,farm|east asian lead|death of mother|motherhood|woman director|korean american|mother daughter relationship|korean,Hulu|fuboTV|YouTube TV|FXNow,2026-10-03
752623,The Lost City,en,US,kidnapping|romcom|writer|model|novelist|lost treasure|duringcreditsstinger|lost civilization|book tour|book,Netflix|Paramount Plus Premium|Paramount Plus Essential|Paramount+ Amazon Channel|Paramount+ Roku Premium Channel|Netflix Standard with Ads,2026-10-03
753336,Origin,en,US,based on novel or book|based on true story|racism|period drama|caste system|woman director|historical drama|1940s|19th century|1960s|1990s|female writer|2010s|disrespectful|biographical drama|biopic|systemic racism / systemic discrimination,,2026-10-03
753342,Napoleon,en,US,empire|france|general|biography|napoleon bonaparte|based on true story|napoleonic wars|18th century|19th century|violence,Apple TV|Apple TV Amazon Channel,2026-10-03
756397,Hitpig!,en,CA|GB,friendship|bounty hunter|hitman|animal species|futuristic|3d animation|admiring|animal rights activist,,2026-10-03
756999,The Black Phone,en,US,mask|small town|child abuse|dreams|sibling relationship|kidnapping|sadistic|1970s|supernatural|cellar|colorado|bullying|basement|serial killer|slasher|based on short story|alcoholic father|child kidnapping|speculative|angry|supernatural horror,Netflix|Netflix Standard with Ads,2026-10-03
757725,Shadow Force,en,US,espionage|spy|son|special forces|hunter are hunted|action thriller|bounty,Amazon Prime Video|Amazon Prime Video with Ads|Starz Apple TV channel,2026-10-03
758323,The Pope's Exorcist,en,US,"spain|rome, italy|pig|vatican (holy see)|pope|exorcism|possession|conspiracy|devil|exorcist|skepticism|demonic possession|catholic priest|1980s|supernatural horror",Hulu|Amazon Prime Video|fuboTV|YouTube TV|Amazon Prime Video with Ads,2026-10-03
758336,Love Again,en,US,new york city|journalist|based on novel or book|illustrator|artist|text messaging|based on movie|grieving|duringcreditsstinger|death of fiancé|music critic|children's author|unexpected romance|confess feelings,Hulu|fuboTV|YouTube TV,2026-10-03
758866,Drive My Car,ja,JP,"infidelity|japan|loss of loved one|theater play|theater director|road trip|hiroshima, japan|grief|rehearsal|audition|sensuality|old car|driver|artistic sex|based on short story|sign languages|reflective|slow cinema|bilingual|loss of child",,2026-10-03
758923,Baaghi 4,hi,IN,,Amazon Prime Video|Amazon Prime Video with Ads,2026-10-03
760099,Living,en,GB,"london, england|terminal illness|remake|period drama|post world war ii|1950s|understated",fuboTV|YouTube TV,2026-10-03
760161,Orphan: First Kill,en,CA|US,psychopath|family secrets|prequel|murder|impersonator|mental patient|psycho killer|escaped mental patient|evil child|missing daughter|estonia|female psychopath|evil little girl|absurd,Paramount Plus Premium|Paramount Plus Essential|Paramount+ Amazon Channel|Paramount+ Roku Premium Channel,2026-10-03
760329,The Smashing Machine,en,US,sports|drug addiction|biography|based on true story|mixed martial arts (mma)|price of fame|1990s|sports drama|depressed|self awareness|intense|biographical drama,HBO Max Amazon Channel|HBO Max,2026-10-03
760741,Beast,en,US,wild animal,Netflix|Netflix Standard with Ads,2026-10-03
760926,Gold,en,AU,paranoia|survival,Amazon Prime Video|Amazon Prime Video with Ads,2026-10-03
762430,Retribution,en,US,"berlin, germany|assassination|bomb|remake|divorce|duringcreditsstinger|phone call",YouTube TV|Lionsgate+ Amazon Channel,2026-10-03
762441,A Quiet Place: Day One,en,US,escape|cat|alien|prequel|survival|survivalist|fear|alien invasion|spin off|survival horror|alien monster|noise|silence|quiet|sci-fi horror,Netflix|Amazon Prime Video|MGM+ Amazon Channel|Paramount Plus Premium|Paramount Plus Essential|Paramount+ Amazon Channel|Paramount+ Roku Premium Channel|Netflix Standard with Ads|Amazon Prime Video with Ads,2026-10-03
762504,Nope,en,US,california|horse|exploitation|death of father|alien|ufo|social commentary|alien invasion|alien contact|aftercreditsstinger|horse farm|african american man|racial issues|brother sister relationship|horror western|psychological horror|sci-fi horror|sci-fi western,Netflix|Netflix Standard with Ads,2026-10-03
762509,Mufasa: The Lion King,en,US,friendship|paradise|lion|musical|sequel|prequel|jungle|told in flashback|betrayal by friend|chance meeting|live action remake|found family|lost,Disney Plus,2026-10-03
763285,Ambulance,en,US,"ambulance|car crash|remake|officer involved shooting|los angeles, california|bank robbery|veteran|heist gone wrong|bank heist|police helicopter|brother brother relationship",Netflix|Netflix Standard with Ads,2026-10-03
763329,Red Rocket,en,US,texas|narcissism|relationship problems|porn star|estranged wife|selfishness|ex-husband ex-wife relationship|return home|frantic|candid|anxious|2010s|return to hometown|texas city|dramatic|unlikeable protagonist|admiring|adoring|ambiguous|ambivalent|antagonistic|audacious|brisk|cliché|dubious|exhilarated,,2026-10-03
765897,The Unbreakable Boy,en,US,sibling relationship|based on novel or book|autism|bullying|based on true story|alcoholism|coming of age|family drama|disability|junior high school|pre-teen|christian faith|autistic child|cliché|condescending|disrespectful|earnest|sincere,,2026-10-03
766475,See How They Run,en,GB,"london, england|investigation|theater play|murder|whodunit|murder mystery|1950s",Hulu|fuboTV|YouTube TV,2026-10-03
766798,Parallel Mothers,es,ES,mother|photographer|pregnancy|spanish civil war (1936-39)|memory|single mother|motherhood|dna testing|switched at birth|post spanish civil war|lesbian,Starz Apple TV channel,2026-10-03
768362,Missing,en,US,"kidnapping|amateur detective|fbi|detective story|sequel|betrayal|teenage girl|los angeles, california|home video|teenage daughter|computer screen|found footage|social media|generation z|overprotective mother|mother daughter relationship|screenlife|colombia|secret|missing mother|van nuys, california|found footage adjacent",Hulu|fuboTV|YouTube TV,2026-10-03
770724,L'immensità,it,IT,"dancing|rome, italy|1970s|family drama|transsexual|lgbt",Amazon Prime Video|Brew|OVID|Amazon Prime Video with Ads,2026-10-03
770906,Salaar: Part 1 - Ceasefire,te,IN,,Netflix|Netflix Standard with Ads,2026-10-03
772973,The Inhabitant,en,US,absurd,Peacock Premium|Peacock Premium Plus|MovieSphere+ Amazon Channel,2026-10-03
774370,Dog Man,en,US,villain|based on children's book|spin off|police dog|human animal hybrid|playful|3d animation|amused|joyful,Peacock Premium|Peacock Premium Plus,2026-10-03
774456,Garcia & Garcia,es,ES,airport|identity swap|assumed name|garcia si garcia,,2026-10-03
774531,Young Woman and the Sea,en,US,english channel|biography|based on true story|swimming|1920s|women's sports|motivational,Disney Plus,2026-10-03
776503,CODA,en,US,parent child relationship|music teacher|fishing|deaf|massachusetts|coming of age|remake|singing|family|teen comedy|first love|disability|based on movie|woman director|sign languages|school choir|music school|calm|american sign language (asl)|loving|teenager|appreciative|coda,Apple TV|Apple TV Amazon Channel,2026-10-03
777245,Women Talking,en,US,rape|based on novel or book|faith|illiteracy|bolivia|mennonites|religion|gang rape|teenage rape|meeting|duringcreditsstinger|woman director|sexual assault|abusive husband|2000s|vindictive|pregnancy from rape|arrogant|disdainful,,2026-10-03
777270,Belfast,en,US|GB|XI,"working class|black and white|belfast, north ireland|1960s|the troubles (north ireland, 1966-98)",,2026-10-03
779816,White Bird,en,US,france|nazi|holocaust (shoah)|world war ii|private school|bullying|hitler youth|coming of age|german occupation of france|kindness|based on graphic novel|jewish girl|jewish refugee|1940s|nazi propaganda|grandmother grandson relationship|interfaith,Stingray Karaoke Amazon Channel,2026-10-03
780382,The Wolf and the Lion,en,CA|FR,canada|wolf|lion|animals|loving,Angel Studios,2026-10-03
780609,Men,en,GB,countryside|vacation|woods|flashback|church|police officer|apple tree|grieving|intruder|body horror|pub|loss of husband|house rental,HBO Max Amazon Channel|Cinemax Amazon Channel|HBO Max|Cinemax Apple TV channel,2026-10-03
781732,Animal,hi,IN,fistfight|shootout|held at gunpoint|machine gun|hand to hand combat|action hero|father son conflict|complex relationship,Netflix,2026-10-03
784651,Fighter,hi,IN,helicopter|airplane|fighter pilot|helicopter pilot|kashmir conflict|behind enemy lines|jet fighter pilot|military|retaliation|armed conflict|kashmir|fighter pilots|india pakistan border|military aviation|military pilots|islamic terrorism|amused|indian air force|india pakistan conflict,Netflix|Netflix Standard with Ads,2026-10-03
785084,The Whale,en,US,depression|nurse|missionary|idaho|bible|overweight man|based on play or musical|dying man|obesity|religion|death of lover|rebellious daughter|recluse|lgbt|eating disorder|empathy|teen anger|english teacher|abandonment|alcoholic mother|father daughter relationship|essay|religious symbolism|father daughter estrangement|complicated|powerful|morbidly obese|binge eating|queer loneliness,,2026-10-03
785663,Old Henry,en,US,double cross|hidden cache|headstrong son|hell unleashed|old west legend|branded gang|familiar,Netflix|Netflix Standard with Ads,2026-10-03
786892,Furiosa: A Mad Max Saga,en,AU|US,chase|post-apocalyptic future|warlord|prequel|wasteland|spin off|struggle for survival|desert|tyrant|tyranny|masculinity|mother daughter relationship|child abduction|car,HBO Max Amazon Channel|YouTube TV|TNT|TBS|tru TV|HBO Max,2026-10-03
787699,Wonka,en,GB,factory|chocolate|candy|musical|prequel|duringcreditsstinger|cartel|joyous|amused,HBO Max Amazon Channel|YouTube TV|HBO Max,2026-10-03
788929,Lamb,is,IS,musician|brother|mountain|melancholy|iceland|grief|lamb|parenthood|birth|couple|mental illness|mysterious|grim|thoughtful|somber|sheep farm|reflective|remote location|complex|dreary|introspective|serene|folk tale|absurd|ambiguous|ambivalent|complicated|distressing|ominous,Amazon Prime Video|Amazon Prime Video with Ads,2026-10-03
790462,I.S.S.,en,US,alcohol|paranoia|space|astronaut|zero gravity|woman director|thoughtful|international space station (iss)|world war|inspirational|provocative|compassionate|defiant|powerful|scathing|tragic|wry,Hulu|Netflix|Netflix Standard with Ads,2026-10-03
791177,Bones and All,en,US,based on novel or book|sense of guilt|homelessness|addiction|road trip|love|interracial romance|teenage girl|family abandonment|cannibal|guilt|sensuality|first love|pickup truck|flesh eating|road movie|genre bending|dark secret|1980s|american midwest|abandonment|romantic thriller|estranged mother|brother sister relationship|love story|body horror|intimate|suspenseful|sentimental|brutal violence,,2026-10-03
792293,Dumb Money,en,US,"massachusetts|manipulation of the media|based on true story|securities, stocks and bonds |stock price|social media|stock market|meditative|dramedy|philosophical|investing|investment|stockholder|stock swindle|insider trading|vlogger|brother brother relationship|internet scam|social media influencer|finance trading|inspirational|critical|internet personality|intense|gamestop|audacious|defiant|dignified|earnest|instructive|powerful|urgent|2020s",Hulu|fuboTV|HBO Max Amazon Channel|YouTube TV|HBO Max,2026-10-03
792307,Poor Things,en,US,"ship|london, england|experiment|paris, france|based on novel or book|obsession|lisbon, portugal|crooked lawyer|love|domestic abuse|female protagonist|doctor|prostitution|cruelty|scientist|masturbation|disfigured face|sexual awakening|exploring sexuality|sex worker|female empowerment|female sexuality|brain transplant|absurdism|spousal abuse|women's liberation|alexandria egypt|victorian era|quest for identity|frankenstein|body horror|amused|melodramatic|wry",Hulu,2026-10-03
793285,God's Not Dead: We The People,en,US,faith|christianity|sequel|religion|evangelical christianity|independent film|antagonistic|disrespectful,Pure Flix|Great American Pure Flix Amazon Channel,2026-10-03
796185,The Three Musketeers: D'Artagnan,fr,FR,sword|musketeer|1620s|three musketeers,Amazon Prime Video|Amazon Prime Video with Ads,2026-10-03
798286,Beau Is Afraid,en,US,suicide|nightmare|funeral|therapist|paranoia|orgasm|trauma|dark comedy|satire|surrealism|childhood trauma|crude humor|grief|fear|overbearing mother|maniac|birth|attic|death of mother|entrepreneur|existentialism|oedipus complex|anxiety disorder|absurdist|unwarranted guilt|complex|mother son relationship|kafkaesque|simulated sex|munchausen syndrome by proxy|based on short film|anxiety|odyssey,,2026-10-03
798645,The Running Man,en,US,based on novel or book|dystopia|game show|survival|on the run|media manipulation|near future|baffled|authoritarian control|public spectacle|rigged competition|broadcast violence|elite hunters|corrupt producers|state propaganda|mass entertainment,Amazon Prime Video|fuboTV|MGM+ Amazon Channel|Paramount Plus Premium|Paramount Plus Essential|Philo|Paramount+ Amazon Channel|MGM Plus|Paramount+ Roku Premium Channel|Amazon Prime Video with Ads,2026-10-03
799379,Project Wolf Hunting,ko,KR,prison|ship|pacific|extreme violence,Amazon Prime Video|Screambox Amazon Channel|Rakuten Viki|ViX Premium Amazon Channel|Amazon Prime Video with Ads|Midnight Pulp Amazon Channel|Hi-YAH Amazon Channel,2026-10-03
799583,The Ministry of Ungentlemanly Warfare,en,US,casino|based on novel or book|nazi|world war ii|based on true story|historical figure|military prison|harbor|british spy|british prime minister|black ops|dangerous mission|nazism|1940s|british intelligence|german navy|west africa|winston churchill,Netflix|YouTube TV|Netflix Standard with Ads,2026-10-03
799766,Better Man,en,AU,depression|drug addiction|musical|biography|based on true story|family abandonment|drugs|monkey|teenage boy|pop music|price of fame|boy band|1980s|1990s|arrested development|self-harm|father son relationship|mother son relationship|wonder|2000s|grandmother grandson relationship|jukebox musical|based on real person,Amazon Prime Video|fuboTV|MGM+ Amazon Channel|Paramount Plus Premium|Paramount Plus Essential|Philo|Paramount+ Amazon Channel|MGM Plus Roku Premium Channel|MGM Plus|Amazon Prime Video with Ads,2026-10-03
799876,The Outfit,en,US,"chicago, illinois|gangster|murder|mobster|organized crime|psychological thriller|killer|double cross|tailor|one night|power struggle|1950s|suspenseful|deadly secrets|criminal hideout|bespoke tailoring shop|mob confrontation",Netflix|Netflix Standard with Ads,2026-10-03
800158,The Killer,en,US,"sniper|new york city|assassin|airport|paris, france|hitman|new orleans, louisiana|dark comedy|client|product placement|sociopath|revenge|murder|fate|lawyer|brutality|based on graphic novel|character study|perfectionist|hired killer|empathy|dominican republic|assassination attempt|cold blooded killer|detached|tampa, florida|satirical|manhunt|international manhunt|precision|gig economy|dark|clinical|psychological|secret|violence|suspenseful|intense|audacious|wry",Netflix|Netflix Standard with Ads,2026-10-03
800383,Beast,ta,IN,hijacking|heist|soldier|mall|raw agent,Netflix|Sun Nxt|Netflix Standard with Ads,2026-10-03
800497,Werewolves Within,en,US,hotel|isolation|transformation|snowstorm|forest ranger|murder|werewolf|whodunit|power outage|based on video game|blizzard|lycanthrope|pipeline,Philo|AMC Plus Apple TV channel|AMC+ Amazon Channel|AMC+ Roku Premium Channel|AMC+|Shudder|Sundance Now|Shudder Amazon Channel|Shudder Apple TV channel,2026-10-03
800939,Ticket to Paradise,en,US,"paradise|exotic island|architect|family relationships|indonesia|stranded|cultural difference|wedding|falling in love|american abroad|ex-husband ex-wife relationship|divorced parents|exotic locale|bali|drinking game|young lovers|airplane pilot|relationship sabotage|father daughter relationship|mother daughter relationship|memories|competitive|disapproving parent|balinese culture|daughter's wedding|romantic|amused|college graduation|bali, indonesia|wedding customs|art gallery owner",Netflix|Netflix Standard with Ads,2026-10-03
801688,Kalki 2898-AD,te,IN,rebellion|hero|temple|dystopia|villain|desert|religious statue|futuristic society|quest|imperialism|ancient temple|indian folklore|evil empire|fantasy|indian gods|mahabharat,Netflix|Amazon Prime Video|fuboTV|Netflix Standard with Ads|Amazon Prime Video with Ads,2026-10-03
802219,Bob Marley: One Love,en,US,"london, england|jamaica|biography|rastafarian|reggae music|assassination attempt|weed|absurd|dramatic|romantic|bewildered|cliché|earnest",Paramount Plus Premium|Paramount Plus Essential|Paramount+ Amazon Channel|Paramount+ Roku Premium Channel,2026-10-03
803114,The Requin,en,US,shark attack|shark|great white shark|storm at sea|survival at sea,MovieSphere+ Amazon Channel|Howdy Amazon Channel,2026-10-03
803796,KPop Demon Hunters,en,US,double life|loyalty|supernatural|musical|female friendship|female protagonist|demon|self-doubt|sing-along|girl power|duringcreditsstinger|demon hunter|girl group|boy band|fandom|k-pop|chibi|action comedy|found family|south korea|korean|3d animation|half demon|save the world|self-redemption|ramen noodles|k-pop group|trio|hidden secret|animesque,Netflix|Netflix Standard with Ads,2026-10-03
804095,The Fabelmans,en,US,high school|husband wife relationship|arizona|bullying|family relationships|coming of age|teenage boy|filmmaking|childhood|semi autobiographical|marital problem|big dreams|father son relationship|mother son relationship|compassionate|empathetic|young filmmaker,Peacock Premium|Peacock Premium Plus,2026-10-03
804150,Cocaine Bear,en,US,cocaine|animal attack|georgia|based on true story|rampage|campy|duringcreditsstinger|woman director|animal horror|satirical|black bear|apex predator|casual,Peacock Premium|YouTube TV,2026-10-03
804251,Alcarràs,ca,IT|ES,"catalonia, spain|summer|orchard|catalan cinema|amused",MUBI|MUBI Amazon Channel,2026-10-03
804370,Arco,fr,FR,affectation|time travel|family relationships|conspiracy theory|absent parent|environmental issues|near future|2070s|independent film|rainbow|science fantasy|male female friendship|compassionate|vibrant|21st century,Hulu,2026-10-03
807172,The Exorcist: Believer,en,US,based on novel or book|faith|exorcism|possession|sequel|priest|disappearance|demon|roman catholic church|death of mother|exorcist|reboot|demonic possession|religious horror|father daughter relationship|supernatural horror|awestruck|frightened|horrified|missing children,Peacock Premium|Peacock Premium Plus,2026-10-03
807356,Watcher,en,US,husband wife relationship|window|paranoia|language barrier|stalker|decapitation|neighbor|serial killer|psychological thriller|voyeurism|romania|woman director|apartment,Philo|AMC Plus Apple TV channel|AMC+ Amazon Channel|AMC+|Shudder|Shudder Amazon Channel|Shudder Apple TV channel,2026-10-03
809140,Father Stu,en,US,based on true story|priest|catholic|1990s|father son conflict|identity struggle,Hulu|fuboTV|YouTube TV|FXNow,2026-10-03
809787,Mafia Mamma,en,US,italy|mafia boss|mafia|camp|family|woman director|family establishment|heritage,Hulu,2026-10-03
811631,Infinite Storm,en,AU,race against time|rescue mission|survival|mountain rescue|life after personal tragedy|human connection|harsh weather|physical endurance|life‑or‑death stakes|lost hiker|difficult descent|psychological struggle|constant danger|mountain wilderness|winter expedition|inner turmoil,,2026-10-03
811941,Devara: Part 1,te,IN,sea|ship|red sea|boat|revenge|fear|battle|unassuming|swords|ships|violence|boats,Netflix|Netflix Standard with Ads,2026-10-03
811944,Game Changer,te,IN,bureaucrat|anti-corruption,Amazon Prime Video|fuboTV|Amazon Prime Video with Ads,2026-10-03
811945,HIT: The 2nd Case,te,IN,,Amazon Prime Video|Amazon Prime Video with Ads,2026-10-03
812583,Wake Up Dead Man: A Knives Out Mystery,en,US,dark comedy|sequel|whodunit|murder investigation|murder mystery|upstate new york|web of lies|mystery thriller|hidden motives|clue‑based deduction|high‑society secrets|eccentric detective|manipulative personalities|hidden relationships|isolated mansion|character‑driven mystery,Netflix|Netflix Standard with Ads,2026-10-03
812635,Chevalier,en,US,biography|marie antoinette|based on true story|violinist|18th century|illegitimate child,,2026-10-03
813418,Hot Spot,en,PL,artificial intelligence (a.i.)|telepathy|post-apocalyptic future|hypnosis|private detective|vagrant|woman director|seizure|cybercrime|self-driving car|public execution|independent film|authoritarian regime|psychic powers|absurd,,2026-10-03
814215,Sam Bahadur,hi,IN,1970s|based on true story|historical drama|india pakistan war,,2026-10-03
814757,Empire of Light,en,US,england|love|interracial relationship|racism|mental illness|projectionist|seaside town|1980s|lost soul|race relations|movie theater,fuboTV|YouTube TV,2026-10-03
814776,Bottoms,en,US,high school|cheerleader|female friendship|bullying|coming of age|teenage girl|school assembly|high school student|teen comedy|lgbt|sex comedy|duringcreditsstinger|teen anger|jocks|teen social issues|fight club|playful|provocative|absurdist humor|witty|amused|defiant|exuberant,,2026-10-03
814889,Never Let Go,en,US,shapeshifting|supernatural|woods|disturbed|supernatural horror|psychological horror,Starz Amazon Channel|Starz Apple TV channel|Howdy Amazon Channel,2026-10-03
816904,Mummies,es,ES,"egypt|london, england|museum|mummy|chariot race|musical|wedding ring|archaeologist|ancient egypt|aftercreditsstinger|journey|present day|3d animation",,2026-10-03
817758,TÁR,en,US,"infidelity|new york city|berlin, germany|composer|musician|classical music|conductor|orchestra|philippines|lgbt|character study|adopted child|concert pianist|fictional biography|angry|metoo|cautionary|cancel culture|dramatic",Netflix|Netflix Standard with Ads,2026-10-03
818110,The Magic Flute,en,DE,"london, england|magic|boarding school|musical|mozart|swiss alps|flute|based on opera|teen adventure|magical mystery tour|magic land|magic world",Amazon Prime Video|Amazon Prime Video with Ads|Shout! Factory Amazon Channel,2026-10-03
818397,Memory,en,US,assassin|alzheimer's disease|remake|assertive,Amazon Prime Video|Amazon Prime Video with Ads,2026-10-03
819876,Crimes of the Future,en,CA,human evolution|detective|dystopia|murder|performance art|transhumanism|evolution|surgery|shipyard|body horror|organ trafficking,Amazon Prime Video|fuboTV|Paramount Plus Premium|Paramount Plus Essential|Paramount+ Amazon Channel|Paramount+ Roku Premium Channel|Amazon Prime Video with Ads,2026-10-03
820446,Downton Abbey: A New Era,en,GB,villa|country house|southern france|testament|sequel|travel|britain|period drama|based on tv series,Netflix|Netflix Standard with Ads,2026-10-03
820525,After Everything,en,US,"based on novel or book|alcohol|forgiveness|lisbon, portugal|trauma|writer's block|sequel|love|grief|author|wedding|biting|anger|blunt|social media|troubled past|candid|dysfunctional relationship|breaking up with boyfriend|toxic relationship|based on young adult novel|fanfic|based on fanfiction",Netflix|Netflix Standard with Ads,2026-10-03
820697,The Five Devils,fr,FR,time travel|lesbian relationship|interracial relationship|woman director|scent|swimming instructor|building on fire|hyperosmia,MUBI|MUBI Amazon Channel,2026-10-03
822119,Captain America: Brave New World,en,US,hero|usa president|the white house|superhero|based on comic|sequel|revenge|superhuman|summit|aftercreditsstinger|marvel cinematic universe (mcu)|sidekick|assassination attempt|political thriller|treaty|international relations,Disney Plus,2026-10-03
823219,Flow,lv,LV,ocean|cat|boat|dystopia|survival|dog|ruins|flood|aftercreditsstinger|lemur|kids|somber|bird|3d animation|no dialogue|teamwork|fantasy|absurd|capybara|adventure|admiring|adoring|complicated,Criterion Channel,2026-10-03
823425,National Champions,en,US,sports|american football|college sports|college american football,,2026-10-03
823452,The Boys in the Boat,en,US,sports|olympic games|based on true story|rowing|1930s|factual|dramatic|overcoming obstacles|washington university,Amazon Prime Video,2026-10-03
823464,Godzilla x Kong: The New Empire,en,US,giant monster|sequel|dinosaur|monkey|kaiju|fantasy world|giant ape|godzilla|king kong|amused|monsterverse,HBO Max Amazon Channel|TNT|TBS|tru TV|HBO Max,2026-10-03
823482,Dream Scenario,en,US,dreams|nightmare|professor|sleep|subconsciousness|dark comedy|satire|family relationships|shared dream|psychological|psychological horror|cancel culture|bewildered|dream,,2026-10-03
823491,Out of Darkness,en,GB,stone age|pleistocene,,2026-10-03
823625,Blacklight,en,AU|US,undercover agent|hitman|blackmail|fbi|conspiracy|fixer,Amazon Prime Video|Amazon Prime Video with Ads,2026-10-03
824281,Easter Sunday,en,US,commercial|comedian|family relationships|easter|family conflict|semi autobiographical|filipino american|duringcreditsstinger|aspiring actor|divorced father|teenage son|father son relationship|mother son relationship|teenage angst|filipino,Netflix|Netflix Standard with Ads,2026-10-03
826510,Harold and the Purple Crayon,en,US,based on children's book|live action and animation|unassuming|crayon|imagination|moose,Hulu,2026-10-03
826749,Fortress,en,US,,Lionsgate+ Amazon Channel,2026-10-03
829051,About My Father,en,US,"chicago, illinois|culture clash|class differences|in-laws|military veteran|boyfriend girlfriend relationship|semi autobiographical|u.s. senator|country club|woman director|eccentric family|hairstylist|painter as artist|wealth differences|rich family|father son conflict|father son relationship|italian immigrant|cheerful|hotelier|rich girl poor boy|embarrassment",Lionsgate+ Amazon Channel,2026-10-03
830784,"Lyle, Lyle, Crocodile",en,US,crocodile|musical|based on children's book|outsider|live action and animation|talking animal|appreciative|enthusiastic,Hulu|fuboTV|FXNow,2026-10-03
830788,The Invitation,en,US,suicide|countryside|vampire|marriage|mansion|caterer|drinking blood|ceramics|dracula,Hulu|fuboTV|YouTube TV|FXNow,2026-10-03
833339,Speak No Evil,da,DK,friendship|husband wife relationship|countryside|denmark|italy|manipulation|restaurant|netherlands|babysitter|family vacation|disturbed|hostile|grim|children in danger|intense|bold|cruel|harsh|pessimistic,Philo|AMC Plus Apple TV channel|AMC+ Amazon Channel|AMC+ Roku Premium Channel|AMC+|Shudder|Shudder Amazon Channel|Shudder Apple TV channel,2026-10-03
833420,To Chiara,it,IT,,,2026-10-03
834562,Poolman,en,US,"swimming pool|los angeles, california|apartment building|city council",Hulu,2026-10-03
837881,She Said,en,US,"based on novel or book|journalism|biography|sexual violence|sexual harassment|hollywood|female journalist|new york times|woman director|sexual assault|judiciary|based on magazine, newspaper or article|abuse of power|metoo|2010s|harvey weinstein",Netflix|Netflix Standard with Ads,2026-10-03
838240,Robot Dreams,es,ES,friendship|based on comic|bromance|summer|robot|silent film|adult animation,Hulu,2026-10-03
839033,The Lord of the Rings: The War of the Rohirrim,en,US,based on novel or book|prequel|treachery|fantasy world|anime|high fantasy|war|horsemen,HBO Max Amazon Channel|TNT|HBO Max,2026-10-03
839369,May December,en,US,infidelity|sexual abuse|dark comedy|based on true story|statutory rape|pedophile|boundary violations|older woman younger man relationship|existentialism|dramedy|candid|baker|method acting|reflective|savannah georgia|complex|father son relationship|grand|melodrama|provocative|actress|tense|audacious|inflammatory|melodramatic|scathing|wry,Netflix|Netflix Standard with Ads,2026-10-03
840326,Sisu,fi,FI,world war ii|nordic mythology|gold prospector|1940s|finnish mythology|bloody|violence|survival instinct|nazi pursuit|relentless chase|lapland wilderness|ss soldiers|silent warrior|enemy platoon,MovieSphere+ Amazon Channel,2026-10-03
840430,The Holdovers,en,US,"vietnam war|winter|boarding school|holiday|boston, massachusetts|1970s|melancholy|alcoholism|grief|misfit|mental illness|teacher student relationship|new england|boys' boarding school|christmas|winter break|troubled youth|loss of son|christmastime|cook|adoring|peaceful",Peacock Premium|Peacock Premium Plus,2026-10-03
840464,Greenland 2: Migration,en,US,natural disaster|sequel|shelter|protective father|traumatized child|audacious|human resilience|emotional trauma|post‑apocalyptic journey|family survival|constant threat|resourceful mother|military authority|collapse of society|resource scarcity|parental sacrifice|lawless zones,HBO Max Amazon Channel|HBO Max,2026-10-03
840705,Blink Twice,en,US,rape|forgiveness|exploitation|dark comedy|seclusion|sexual violence|gang rape|psychological thriller|gender roles|therapy|self esteem|remote island|debauchery|wealthy man|woman director|rape revenge|sex slavery|entitlement|abuse of power|repressed trauma|gaslighting|psychological manipulation|drugging someone|me too movement|tech-mogul|private island,Paramount Plus Premium|Paramount Plus Essential|Paramount+ Amazon Channel|Paramount+ Roku Premium Channel,2026-10-03
842675,The Wandering Earth II,zh,CN,space travel|space station|earth in peril|global threat|giant engine|global government|admiring,Hi-YAH|Hi-YAH Amazon Channel,2026-10-03
842924,The Life of Chuck,en,US,life and death|brain tumor|coming of age|dying man|slice of life|cancer|death|based on short story|school dance|dance club|deathbed|accountant|accepting death|reverse chronology|subconscious|walt whitman|vision of the future|childhood memory|child raised by grandparents|adaptation|life|reconsidering of life|moments of life|orphan boy,Hulu,2026-10-03
843394,Cat Person,en,US,dating|based on short story|woman director|college student|asexuality|movie theater,Hulu,2026-10-03
844417,Marlowe,en,FR|IE|US,"los angeles, california|private detective|missing person|1930s|old hollywood",Amazon Prime Video|Amazon Prime Video with Ads|Shout! Factory Amazon Channel,2026-10-03
845781,Red One,en,US,rescue|bounty hunter|holiday|kidnapping|santa claus|rescue mission|polar bear|rescue team|christmas|action comedy|christmas eve|defence team|awestruck|enthusiastic,Amazon Prime Video|Amazon Prime Video with Ads,2026-10-03
848058,Piggy,es,ES,spain|kidnapping|village|abusive father|bullying|murder|torture|summer|karma|grieving parents|folk horror|fat shaming|rural setting|based on short film|romantic,AMC+ Amazon Channel,2026-10-03
848538,Argylle,en,GB,"london, england|france|cat|spy|greece|secret organization|colorado|secret agent|writer's block|author|novelist|aftercreditsstinger|double identity|international espionage|covert operations|mind manipulation|encrypted files|comic misunderstandings",Apple TV|Apple TV Amazon Channel,2026-10-03
848685,The Beasts,fr,FR,,MUBI|MUBI Amazon Channel,2026-10-03
850028,"Alice, Darling",en,CA|US,friendship|psychological stress|female friendship|vacation|psychological abuse|intervention|manipulative lover|mental health|boyfriend girlfriend relationship|low self esteem|woman director|social issues|enduring friendship|perspective|breaking point|panic attack|abusive boyfriend|rediscovery|codependency|anxiety|independent film|best friends|psychological manipulation|mental abuse|cabin at a lake|loss of control|friend's birthday,Philo|Lionsgate+ Amazon Channel|Howdy Amazon Channel,2026-10-03
850165,The Iron Claw,en,US,"sports|1970s|texas|wrestling|brotherhood|biography|dallas, texas|based on true story|dysfunctional family|family relationships|grief|tragedy|curse|historical|family|death|mental illness|overbearing father|mourning|death of brother|1980s|grim|family legacy|brothers|period piece|cerebral|intimate|depressing|adoring|compassionate|powerful|tragic",,2026-10-03
852247,Problemista,en,US,new york city|immigrant|widow|assistant|american dream|narcissism|cryogenics|satire|lgbt|toy designer|thoughtful|lost soul|eccentric woman|lyrical|wonder|wistful|absurd|witty|whimsical|joyful|sincere|vibrant,,2026-10-03
852438,Final Cut,fr,FR,mistake|vomit|remake|film in film|behind the scenes|live broadcast|zombie|improvisation|filmmaking|living dead|horror filmmaking|film director|film crew|live cinema|blood|filming|film remake|axe|film inside film|low-budget horror|long take|actors,,2026-10-03
854239,Till,en,US,"chicago, illinois|mother|funeral|son|based on true story|racist|grief|murder|racism|justice|casket|lynching|death of son|woman director|1950s|civil rights movement",,2026-10-03
855435,Faces of Death,en,US,post-traumatic stress disorder (ptsd)|kidnapping|beheading|trauma|sequel|murder|serial killer|internet|slasher|violent death|home invasion|death|death of sister|viral video|internet culture|aggressive|tv news anchor|copycat killer|social media influencer|meta|content moderation|tense|disgusted|meta narrative|splatter horror|blood and gore,Philo|AMC Plus Apple TV channel|AMC+ Amazon Channel|AMC+ Roku Premium Channel|Shudder,2026-10-03
857598,Pushpa 2 - The Rule,te,IN,sequel|ego clash,Netflix|Netflix Standard with Ads,2026-10-03
858017,I Saw the TV Glow,en,US,high school|friendship|loss of sense of reality|sexuality|identity|obsession|surrealism|asthma|sleepover|nostalgia|buried alive|suburbia|coming of age|loneliness|arcade|vhs|tv show in film|guilt|lgbt|lgbt teen|nostalgic|planetarium|running away|gender dysphoria|existentialism|disturbed|1990s|repression|escapism|desperate|subconscious|2000s|2010s|gay theme|queer horror|movie theater|bar|independent film|body horror|teenager|liminal space|nonbinary director|romantic|earnest|hopeful|tragic,,2026-10-03
858024,Hamnet,en,US,based on novel or book|grief|historical fiction|death in family|motherhood|woman director|16th century|somber|period film|sentimental|compassionate|tragic|based on real person,Netflix|Netflix Standard with Ads,2026-10-03
859235,Coup de chance,fr,FR,"infidelity|husband wife relationship|paris, france|hunting accident|private detective",Amazon Prime Video|Amazon Prime Video with Ads,2026-10-03
862965,Emily the Criminal,en,US,"job interview|organized crime|los angeles, california|criminal underworld|credit card fraud|criminal record|food delivery|student debt",,2026-10-03
864168,Joy Ride,en,US,female friendship|adopted child|woman director|asian american,Amazon Prime Video|Amazon Prime Video with Ads,2026-10-03
864692,Pathaan,hi,IN,spy|fake death|spy thriller,Amazon Prime Video|Amazon Prime Video with Ads,2026-10-03
866398,The Beekeeper,en,US,massachusetts|secret government organization|government conspiracy|hand to hand combat|vengeance|fbi agent|beekeepers|scam call center|retired assassin|revenge mission|relentless pursuit|scam operation|justice by force|system corruption|powerful elites,Amazon Prime Video|AMC Plus Apple TV channel|AMC+|Amazon Prime Video with Ads,2026-10-03
869291,Cuckoo,en,US,germany|grief|female protagonist|dead mother|shriekers|sign languages|seizure|half sister|trippy|mountain resort|lesbian|brooding|ambiguous|commanding|german alps,Hulu,2026-10-03
869612,Master Gardener,en,US,garden|character study,Hulu,2026-10-03
869626,Marcel the Shell with Shoes On,en,US,journalist|mockumentary|stop motion|family|fake documentary|viral video|shell|children's story|kids|airbnb|stop frame|grandmother grandson relationship|based on short film|3d animation,,2026-10-03
870028,The Accountant²,en,US,hitman|autism|sequel|conspiracy|whodunit|insecure|accountant|mysterious death|brother brother relationship|grand|incredulous|excited|hum,Hulu|Amazon Prime Video|Amazon Prime Video with Ads,2026-10-03
870360,The Day the Earth Blew Up: A Looney Tunes Movie,en,US,chewing gum|zombie|alien invasion|buddy comedy|duringcreditsstinger|chaotic|playful|based on tv series|hilarious|cliché,HBO Max Amazon Channel|HBO Max,2026-10-03
872585,Oppenheimer,en,US,husband wife relationship|based on novel or book|atomic bomb|patriotism|new mexico|world war ii|atomic bomb test|physics|biography|based on true story|antisemitism|interrogation|guilt|historical event|nuclear weapons|communism|red scare|mccarthyism|top secret project|moral dilemma|usa politics|1940s|20th century|manhattan project|los alamos,Peacock Premium|YouTube TV|Peacock Premium Plus,2026-10-03
872906,Jawan,hi,IN,revenge|vigilantism|political|admiring,Netflix|Netflix Standard with Ads,2026-10-03
877269,Strange World,en,US,monster|coming of age|harmony|farmer|explorer|lgbt teen|alternative world|3d animation|cliché,Disney Plus,2026-10-03
878361,Big George Foreman,en,US,adultery|sports|1970s|texas|biography|based on true story|family|1980s|1960s|boxing|inspirational|hopeful,Hulu|fuboTV|YouTube TV|FXNow,2026-10-03
881415,Love Me,en,US,artificial intelligence (a.i.)|post-apocalyptic future|woman director|whirlwind romance|independent film,fuboTV|Paramount Plus Premium|Paramount+ Amazon Channel|Paramount+ Roku Premium Channel,2026-10-03
882059,Boy Kills World,en,US,resistance|dystopia|deaf-mute|gore|hallucinogen|murder|arcade|shaman|one man army|death|television broadcast|aftercreditsstinger|duringcreditsstinger|vengeance|loss of family|brother sister relationship|based on short film|blood,MovieSphere+ Amazon Channel,2026-10-03
882569,Guy Ritchie's The Covenant,en,US,ambush|interpreter|afghanistan|rescue mission|afghanistan war (2001-2021)|taliban|behind enemy lines|wounded soldier|war trauma|covenant,Amazon Prime Video,2026-10-03
882598,Smile,en,US,suicide|new jersey|post-traumatic stress disorder (ptsd)|therapist|detective|paranoia|trauma|curse|hospital|doctor|mental illness|evil|self-harm|demonic|smile|supernatural horror|based on short film|body horror|psychological horror|horror,Paramount Plus Premium|Paramount Plus Essential|Paramount+ Amazon Channel|Paramount+ Roku Premium Channel,2026-10-03
883502,Fortress: Sniper's Eye,en,US,,Lionsgate+ Amazon Channel,2026-10-03
884452,The Ambush,ar,FR|AE,,Amazon Prime Video|Peacock Premium|ViX Premium Amazon Channel|Amazon Prime Video with Ads|Peacock Premium Plus,2026-10-03
884605,No Hard Feelings,en,US,friendship|older woman seduces younger guy|romcom|summer|new york state|teen comedy|hometown|bankruptcy|craigslist|animal shelter|socially awkward|uber|late coming of age|nude swimming|graduation party|playful|lighthearted|helicopter parenting|amused,Hulu|fuboTV|HBO Max Amazon Channel|YouTube TV|HBO Max,2026-10-03
885331,Gadar 2,hi,IN,sequel,,2026-10-03
888321,Corsage,de,AT,biography|duringcreditsstinger,Philo|AMC Plus Apple TV channel|AMC+ Amazon Channel|AMC+ Roku Premium Channel|AMC+|Sundance Now,2026-10-03
889737,Joker: Folie à Deux,en,US,based on comic|sequel|madness|mental health|super villain|1980s|prisoner abuse|dark romance|jukebox musical|corrupt officials,HBO Max Amazon Channel|TNT|TBS|tru TV|HBO Max,2026-10-03
891584,The History of Sound,en,US,"world war i|boston, massachusetts|conservatory|folk music|road trip|maine|male homosexuality|period drama|new england|based on short story|oxford, england|lgbt|1920s|1980s|1910s|gay romance|countryman|gay theme|festival chéries chéris",Hulu|MUBI|MUBI Amazon Channel,2026-10-03
893723,PAW Patrol: The Mighty Movie,en,US|CA,superhero|cartoon|mad scientist|sequel|dog|animals|kids|elasticity|based on tv series|3d animation,Paramount Plus Premium|Paramount Plus Essential|Paramount+ Amazon Channel|Paramount+ Roku Premium Channel,2026-10-03
896250,The Cello,ar,SA,,,2026-10-03
896536,The Legend of Ochi,en,US,bite|forest|dysfunctional family|creature|children's adventure|dreary|interspecies friendship,HBO Max Amazon Channel|HBO Max,2026-10-03
897087,Freelance,en,US,coup d'etat|dictatorship|political assassination|duringcreditsstinger|investigative journalism|ex special forces|action hero|hilarious|amused|exhilarated,Hulu,2026-10-03
898704,Desert Warrior,en,US,princess|saudi arabia|emperor|concubine|fugitive|period drama|desert|bandit|historical drama|female warrior|tribes|7th century|historical epic|father and daughter|war drama,Hulu,2026-10-03
899112,Violent Night,en,US,holiday|santa claus|mercenary|saving christmas|booby trap|questioning|duringcreditsstinger|aggressive|christmas|audacious,Netflix|Netflix Standard with Ads,2026-10-03
900409,On Fire,en,US,wildfire|christian film,Amazon Prime Video|Peacock Premium|Amazon Prime Video with Ads|Peacock Premium Plus|Dove Amazon Channel,2026-10-03
901362,Trolls Band Together,en,US,pop star|brother|musical|sequel|based on toy|troll|duringcreditsstinger|reunite|sister sister relationship|brother brother relationship|3d animation|jukebox musical,Amazon Prime Video|Peacock Premium|Amazon Prime Video with Ads|Peacock Premium Plus,2026-10-03
906126,Society of the Snow,es,ES,rescue|friendship|based on novel or book|prayer|1970s|brotherhood|based on true story|rugby|uruguay|struggle for survival|mountain climbing|inspiring|andes mountains|historical drama|plane crash|dark|cannibalism|cine uruguayo|wilderness survival,Netflix|Netflix Standard with Ads,2026-10-03
906221,Magic Mike's Last Dance,en,US,"london, england|sequel|dancehall girl|male stripper|dancefilm|abusive relationship",HBO Max Amazon Channel|TNT|TBS|tru TV|HBO Max,2026-10-03
911430,F1,en,US,sports|comeback|racing|race car driver|sport competition|aftercreditsstinger|beforecreditsstinger|rookie|formula one (f1)|motorsport|car racing|disdainful|exhilarated|joyful,Apple TV|Apple TV Amazon Channel,2026-10-03
912649,Venom: The Last Dance,en,US,hero|superhero|anti hero|villain|alien life-form|based on comic|sequel|aftercreditsstinger|duringcreditsstinger|hunted|woman director,Disney Plus|fuboTV|YouTube TV|Netflix Standard with Ads,2026-10-03
912908,Strays,en,US,talking dog|magic mushroom|crude humor|male masturbation|duringcreditsstinger|animal liberation|self-liberation|abandonment|smutty|abandoned puppy|toxic relationship|talking animal|raunchy comedy|smutty comedy|crude comedy,Peacock Premium|Peacock Premium Plus,2026-10-03
913290,Barbarian,en,US,monster|sexual abuse|paranoia|flashback|basement|serial killer|duringcreditsstinger|paranoid|airbnb|abduction|metoo|secret room,Hulu|fuboTV,2026-10-03
913673,Nefarious,en,US,oklahoma|death row|prison guard|evangelical|serial killer|electrocution|psychiatrist|demonic possession|psychological terror|supernatural horror|christian,Amazon Prime Video|Philo|Screambox Amazon Channel|Amazon Prime Video with Ads,2026-10-03
913814,Brian and Charles,en,GB,inventor|mockumentary|robot|public humiliation|eccentric man|town bully|shared loneliness|science fiction|robot companion|shy guy|gadgets|evil neighbor|violent confrontation,Netflix|Netflix Standard with Ads,2026-10-03
914206,The Beast,fr,FR,"factory|artificial intelligence (a.i.)|drowning|paris, france|musician|paranoia|nightclub|trauma|medium|earthquake|satire|risk|female protagonist|los angeles, california|pianist|home invasion|period drama|death|based on short story|misogyny|flood|doll factory|mind alteration|humanity|1910s|housesitting|2040s|near future|2010s|dolls|emotion|actress|romantic drama",,2026-10-03
915935,Anatomy of a Fall,fr,FR,husband wife relationship|winter|bisexuality|moral conflict|autopsy|blind|courtroom|lgbt|death of husband|woman director|moral dilemma|courtroom drama|mother son relationship|introspective|bisexual woman|grenoble|suspenseful|intense|amused|human mystery,HBO Max Amazon Channel|HBO Max,2026-10-03
916224,Suzume,ja,JP,"magic|door|natural disaster|calamity|travel|teenage girl|female protagonist|shrine|supernatural creature|enviromental|journey|anime|great east japan earthquake|great kantō earthquake|adventure|miyagi, japan|bewildered|disaster aftermath",Hulu|Netflix|Crunchyroll|Crunchyroll Amazon Channel|Netflix Standard with Ads,2026-10-03
916401,Watch the Skies,sv,SE,wormhole|cover-up|ufo|teenage girl|female protagonist|1980s|1990s|ufo sighting|father daughter relationship|independent film|mysterious disappearance|foster kid,Amazon Prime Video|Amazon Prime Video with Ads,2026-10-03
917496,Beetlejuice Beetlejuice,en,US,afterlife|halloween|haunted house|sequel|paranormal|teenage girl|gothic|death|new england|ghost|unexpected death|mother daughter relationship|fantasy|suburban gothic|surreal visuals|ghoulish humor,HBO Max Amazon Channel|YouTube TV|Cinemax Amazon Channel|HBO Max|Cinemax Apple TV channel,2026-10-03
917594,Camp Hideout,en,US,,Lionsgate+ Amazon Channel|Howdy Amazon Channel,2026-10-03
918287,I Used to Be Funny,en,CA,"post-traumatic stress disorder (ptsd)|toronto, canada|nanny|comedian|melancholy|female protagonist|woman director|sexual assault|candid|intimate|missing girl|understated|sentimental|compassionate|disheartening|earnest|tragic",Netflix|Amazon Prime Video|Netflix Standard with Ads|Amazon Prime Video with Ads,2026-10-03
924482,The Ledge,en,US,italy|mountain|fractured leg|murder|person on fire|trapped|mountain climbing|ledge|free climbing|fall from height|lost girl,,2026-10-03
926393,The Equalizer 3,en,US,italy|investigation|camorra|organized crime|vigilante justice|personal redemption|retired operative|mafia retaliation|quiet town under threat|brutal takedowns|criminal intimidation|community protection|mysterious outsider|crime‑ridden territory|calm before violence,Hulu|fuboTV|HBO Max Amazon Channel|YouTube TV|FXNow|TNT|TBS|tru TV|HBO Max,2026-10-03
927107,The Bricklayer,en,US,blackmail|conspiracy|ex-cia agent,Amazon Prime Video|Amazon Prime Video with Ads,2026-10-03
929590,Civil War,en,GB|US,"sniper|new york city|race against time|usa president|washington dc, usa|the white house|civil war|post-traumatic stress disorder (ptsd)|war crimes|photographer|militia|journalism|dystopia|war photographer|road trip|female protagonist|soldier|fictional war|photojournalism|xenophobia|secession|secessionists|usa politics|war trauma|war journalism|charlottesville|near future|violence",,2026-10-03
930564,Saltburn,en,GB|US,suicide|karaoke|obsession|country house|maze|college|dark comedy|birthday party|university|bathtub|lust|gothic|mental illness|lgbt|mental health|bisexual man|eating disorder|woman director|oxford university|family estate|alcohol problems|self-harm|suicide investigation|2000s|gay theme|boys' love (bl),Amazon Prime Video|HBO Max Amazon Channel|HBO Max|Amazon Prime Video with Ads,2026-10-03
931285,Mortal Kombat II,en,US,martial arts|magic|ninja fighter|gore|sequel|god|alternate dimension|ninja|fighting|based on video game|martial arts tournament|struggling actor|hand to hand combat|aggressive|amused,HBO Max Amazon Channel|HBO Max,2026-10-03
932086,Horizon: An American Saga - Chapter 1,en,US,montana|indigenous|brothel|new mexico|american civil war|post civil war|american west|19th century|manifest destiny|america|dreary|1860s|historical epic|1850s|absurd|arrogant|cliché|disrespectful,HBO Max Amazon Channel|TNT|TBS|tru TV|HBO Max,2026-10-03
933260,The Substance,en,GB|US,"new year's eve|capitalism|birthday|black market|identity|dark comedy|beauty|satire|aging|celebrity|female protagonist|los angeles, california|has been|aerobics|disfigurement|woman in jeopardy|woman director|substance|beauty standards|insecure woman|self image|drug|body horror|female rage|youth|actress",HBO Max Amazon Channel|MUBI|MUBI Amazon Channel,2026-10-03
933554,2000 Mules,en,US,presidential election|election|political corruption|election fraud|political documentary,,2026-10-03
934433,Scream VI,en,US,mask|new york city|trauma|halloween|college|dark comedy|fake identity|sequel|conspiracy theory|revenge|public murder|murder|social commentary|serial killer|police corruption|slasher|whodunit|multiple stabbings|brutality|killing spree|self-referential|crime spree|aftercreditsstinger|murder mystery|movie fan|copycat killer|generation z|fbi agent|ridiculous,Netflix|Paramount Plus Premium|Paramount Plus Essential|Paramount+ Amazon Channel|Paramount+ Roku Premium Channel|Netflix Standard with Ads,2026-10-03
934456,Americana,en,US,dark comedy|artifact|biting|south dakota|indigenous community|ambivalent|amused|celebratory,Hulu,2026-10-03
936075,Michael,en,US,child abuse|sibling relationship|1970s|abusive father|ambition|biography|based on true story|singer|period drama|music history|price of fame|singer-songwriter|rise to fame|1980s|1960s|music|admiring|biographical drama|music drama|biopic,Philo|Starz Amazon Channel|Starz|Starz Apple TV channel|Starz Roku Premium Channel,2026-10-03
936108,Smurfs,en,US,musical|portal|based on comic|shocking|live action and animation|estranged brother|abduction|brother brother relationship|adventure|amused|mocking|art shift,Amazon Prime Video|fuboTV|MGM+ Amazon Channel|Paramount Plus Premium|Paramount Plus Essential|Philo|Paramount+ Amazon Channel|MGM Plus|Paramount+ Roku Premium Channel|Amazon Prime Video with Ads,2026-10-03
937278,A Man Called Otto,en,US,friendship|based on novel or book|suicide attempt|flashback|remake|miscarriage|new neighbor|social media|forced retirement|death of wife|bus accident|real estate developer|grumpy man|loss of wife|transgender|grief and remembrance|angry old man,Hulu|fuboTV|YouTube TV,2026-10-03
937287,Challengers,en,US,"infidelity|husband wife relationship|love triangle|sports|tennis|competition|eroticism|atlanta|tennis player|male friendship|rivalry|interracial marriage|threesome|tennis court|ex-boyfriend ex-girlfriend relationship|knee injury|new rochelle, new york|prodigy|tennis pro|2000s|codependency|2010s|gay theme|female coach|psychosexual|sports drama|power dynamics|ambiguous",Paramount Plus Premium|Paramount Plus Essential|Paramount+ Amazon Channel|Paramount+ Roku Premium Channel,2026-10-03
937941,Shelby Oaks,en,US,rape|grave|ohio|woods|paranormal|paranormal investigation|evil|found footage|ghost town|video tape|supernatural horror|dreary|sisters|mysterious disappearance|body horror|missing|found footage adjacent,Hulu,2026-10-03
939243,Sonic the Hedgehog 3,en,US,moon|sequel|based on video game|psychotic|dual role|aftercreditsstinger|duringcreditsstinger|hedgehog|live action and animation|complex|grandfather grandson relationship|animal human friendship|anthropomorphic animal|bold|enthusiastic|sonic cinematic universe,Amazon Prime Video|fuboTV|MGM+ Amazon Channel|Paramount Plus Premium|Paramount Plus Essential|Philo|Paramount+ Amazon Channel|MGM Plus|Paramount+ Roku Premium Channel|Amazon Prime Video with Ads,2026-10-03
939997,Dicks: The Musical,en,US,musical|based on play or musical|twin brother|crude humor|twins|lgbt|child of divorce|subversive|independent film,,2026-10-03
940139,Here,en,US,based on graphic novel|thoughtful|introspective|psychological drama|dramatic,Hulu|fuboTV|YouTube TV,2026-10-03
940551,Migration,en,US,duck|villain|migration|flight|anthropomorphism|family|animals|chef|overprotective father|bird|3d animation,Amazon Prime Video|Amazon Prime Video with Ads,2026-10-03
940721,Godzilla Minus One,ja,JP,monster|loss of loved one|giant monster|kamikaze|duty|atomic bomb test|radioactivity|naval combat|reboot|kaiju|macabre|duringcreditsstinger|post war japan|1940s|naval battle|naval battleship|survivor's guilt|found family|godzilla|war orphan|tokusatsu,Netflix|Netflix Standard with Ads,2026-10-03
942922,80 for Brady,en,US,"new york city|american football|hallucination|female friendship|based on true story|cannabis|houston, texas|inspiration|contest|inspiring story|group of friends|buddy comedy|quarterback|ticket scalping|chemotherapy|super bowl|cancer survivor|elderly lady|fanfic|control room|best friends|cbd gummy",Netflix|Paramount Plus Premium|Paramount Plus Essential|Paramount+ Amazon Channel|Paramount+ Roku Premium Channel|Netflix Standard with Ads,2026-10-03
944401,Dogman,fr,FR,gangster|abusive father|singing|tragic past|traumatic childhood|broken man|social exclusion|identity reconstruction|dark atmosphere|emotional scars|protective dogs|animal loyalty|animal empathy|poetic darkness|somber storytelling,,2026-10-03
945729,A Haunting in Venice,en,GB|US,"based on novel or book|venice, italy|loss of loved one|detective|medium|sequel|grief|whodunit|investigator|guilt|novelist|post world war ii|murder investigation|ghost|séance|mysterious|murder mystery|spiritism|halloween night|palazzo|retired detective",Hulu,2026-10-03
945961,Alien: Romulus,en,US,alien life-form|spin off|alien contact|alien monster|space exploration|alien encounter|space capsule|spaceship|sci-fi horror|xenomorph threat|cryonics chamber|abandoned station|biological contamination|hostile organism|interstellar isolation,Hulu|fuboTV|FXNow,2026-10-03
947891,My Old Ass,en,US,canada|women's sexual identity|time travel|romcom|time|coming of age|magic mushroom|drug trip|lgbt teen|young love|woman director|time paradox|summer cottage|message from the future|lake house|woman centric|non-binary|lesbian|independent film|bisexual woman|teenager|lesbian love|hilarious|gay teenager|adoring,Hulu|Amazon Prime Video|Amazon Prime Video with Ads,2026-10-03
948549,Love Lies Bleeding,en,US,"homicide|blackmail|fbi|new mexico|eroticism|bisexuality|american dream|addiction|bodybuilder|steroids|murder|dirty cop|female protagonist|las vegas|brutality|crime family|gym|lgbt|estranged father|fitness|woman director|albuquerque, new mexico|vexed|neo-noir|female bodybuilder|frantic|1980s|abusive husband|shooting range|father daughter relationship|lesbian|body horror|audacious|commanding|exhilarated|exuberant",,2026-10-03
949229,Leo,ta,IN,leo|vijay beast|exhilarated|lcu|thalapathy vijay|vijay leo|lokesh cinematic universe (lcu),Netflix|Netflix Standard with Ads,2026-10-03
950028,The Invite,en,US,"husband wife relationship|san francisco, california|dark comedy|remake|firefighter|sexologist|candid|anxious|exuberant|neighbors",,2026-10-03
950387,A Minecraft Movie,en,US,friendship|village|idaho|surrealism|exploration|portal|miner|friends|survival|zombie|based on video game|aftercreditsstinger|duringcreditsstinger|farming|journey|live action and animation|crafting|imagination|teamwork|fantasy|exuberant|building,HBO Max Amazon Channel|HBO Max,2026-10-03
951491,Saw X,en,US,"mexico|mexico city, mexico|sadism|riddle|gore|sequel|con artist|prequel|cancer|scam|serial killer|torture|drugs|survival horror|duringcreditsstinger|shocking|grim|jigsaw|saw|death game|suspenseful|tense|sadistic horror|gloomy",Netflix|Netflix Standard with Ads,2026-10-03
956842,Fly Me to the Moon,en,US,romcom|moon landing|space race|1960s|apollo program|space race rivalry|public image manipulation|media‑driven narrative|nasa headquarters|television studio set|lunar simulation room|cold war backdrop|hilarious misunderstandings|mission control staff|public relations team,Apple TV|Apple TV Amazon Channel,2026-10-03
957304,Drive-Away Dolls,en,US,"philadelphia, pennsylvania|ex-girlfriend|suitcase|female friendship|road trip|lesbian sex|dildo|lgbt|candid|1990s|closeted homosexual|lesbian|tallahassee|audacious|bold|exuberant",,2026-10-03
957452,The Crow,en,US,husband wife relationship|soulmates|superhero|gore|crow|based on comic|remake|revenge|murder|back from the dead|death|reboot|true love|awakening|dark romance|re-imagining|extreme violence,Starz Apple TV channel,2026-10-03
958006,The Kill Room,en,US,hitman|dark comedy|money|modern art|crime,Amazon Prime Video|Amazon Prime Video with Ads|Shout! Factory Amazon Channel,2026-10-03
959092,Mayhem!,fr,FR,fighter|gore|revenge|violence|action,Hulu|Philo|AMC Plus Apple TV channel|AMC+ Amazon Channel|AMC+|Sundance Now,2026-10-03
960206,Godland,da,DK,photography|cultural conflict|young priest,,2026-10-03
964960,The Taste of Things,fr,FR,affectation|french cuisine|intimate,Hulu|AMC Plus Apple TV channel|AMC+ Amazon Channel|AMC+ Roku Premium Channel|AMC+|Sundance Now,2026-10-03
964980,Air,en,US,sports|based on true story|basketball|shoe|national basketball association (nba)|duringcreditsstinger|1980s,Amazon Prime Video|YouTube TV|Amazon Prime Video with Ads,2026-10-03
965489,Kushi,te,IN,,Netflix|Netflix Standard with Ads,2026-10-03
967582,3 Days Max,fr,FR,,,2026-10-03
967847,Ghostbusters: Frozen Empire,en,US,new york city|supernatural|halloween|ghostbuster|sequel|teenage girl|ghost|duringcreditsstinger|research laboratory|evil force|ice|monsters|ancient artifact|frozen apocalypse|paranormal expert|young ghostbuster|spectral invasion|family teamwork,Hulu|fuboTV|YouTube TV|FXNow,2026-10-03
967941,Wicked: For Good,en,US,witch|based on novel or book|musical|female friendship|based on play or musical|sequel|con artist|prequel|corrupt politician|governess|fantasy world|witch hunt|wizard|political corruption|illegitimate child|power struggle|woman in wheelchair|farm girl|munchkins|ambiguous|appreciative|friends to rivals|interquel|forgiveness and reconciliation,Netflix|Netflix Standard with Ads,2026-10-03
968051,The Nun II,en,US,france|nun|halloween|bullying|sequel|priest|religion|church|demon|gothic horror|demonic possession|praying|duringcreditsstinger|1950s|demonic|girls' school|convent,YouTube TV|HBO Max,2026-10-03
969492,Land of Bad,en,AU,brotherhood|air force|battle|behind enemy lines|special ops|rescue operation|life‑or‑death stakes|drone support|mission gone wrong|enemy fighters|tactical combat|intense firefights|constant pressure,Hulu,2026-10-03
969681,Spider-Man: Brand New Day,en,US,mind control|new york city|hero|mutation|secret identity|superhero|spider|villain|based on comic|sequel|transhumanism|super power|masked vigilante|spider web|aftercreditsstinger|marvel cinematic universe (mcu)|masked superhero|fight for justice|genetic mutation,,2026-10-03
970947,The Shrouds,en,CA,"artificial intelligence (a.i.)|widow|cemetery|toronto, canada|vandalism|grief|conspiracy|death|sister-in-law|graveyard|entrepreneur|paranoid|death of wife|burial|blind woman|body horror",,2026-10-03
970948,What Happens Later,en,US,ex-lover|romcom|woman director,Hulu|Netflix|Netflix Standard with Ads,2026-10-03
972230,Maybe I Do,en,US,cheating|based on play or musical|dating|relationship|parents|long term relationship|unfaithful wife|difficult choice|relationship changes|cheating husband|life advice,Hulu,2026-10-03
972533,Last Breath,en,US,deep sea|based on true story|dive|suspenseful|based on documentary,Peacock Premium|Peacock Premium Plus,2026-10-03
973778,The End We Start From,en,GB,"mother|london, england|based on novel or book|dystopia|flooding|survival|fleeing|ecological disaster|science fiction|suspenseful|post-apocalyptic",Hulu,2026-10-03
974036,Ordinary Angels,en,US,"small town|christianity|snowstorm|community|based on true story|alcoholism|tragedy|hospital|kindness|family|sick child|empathy|1990s|healthcare|louisville, ky|christian faith|widower with daughter|powerful woman|hilarious|admiring|adoring|hopeful|optimistic",Netflix|Netflix Standard with Ads,2026-10-03
974453,Absolution,en,US,gangster,Hulu,2026-10-03
974576,Conclave,en,US,vatican (holy see)|pope|religion|election|roman catholic church|catholicism|cardinal|philosophical|papal conclave|introspective|provocative|conspiracy thriller|critical|catholic monarchs|intense|comforting,Starz Amazon Channel|Starz Apple TV channel,2026-10-03
974635,Hit Man,en,US,"hitman|identity|professor|new orleans, louisiana|romcom|disguise|screwball comedy|undercover operation|sting operation|based on magazine, newspaper or article|persona|moonlighting",Netflix|Netflix Standard with Ads,2026-10-03
974950,Emilia Pérez,fr,FR,based on novel or book|musical|lawyer|drug lord|crime lord|questioning|based on opera|criminal organization|mexican cartel|transgender|self-redemption|admiring|amused|audacious|enchant,Netflix|Netflix Standard with Ads,2026-10-03
975056,Cabrini,en,US,new york city|immigrant|based on true story|19th century|somber|1900s|impoverished|italian immigrant|christian faith|1890s|hopeful,Angel Studios,2026-10-03
975225,Spinal Tap II: The End Continues,en,US,rock 'n' roll|satire|sequel|mockumentary|reunion|rock band|estranged|musical comedy|media satire|playful|music comedy|comedy|bandmates,HBO Max Amazon Channel|HBO Max,2026-10-03
975511,The Return,en,FR|GR|IT|GB,"greek mythology|based on song, poem or rhyme|ancient greece|odyssey",fuboTV|Paramount Plus Premium|Paramount+ Amazon Channel|Paramount+ Roku Premium Channel,2026-10-03
975773,Wicked Little Letters,en,GB,wonder|hilarious|admiring|cheerful,Hulu|YouTube TV,2026-10-03
976573,Elemental,en,US,fire|earth|computer animation|duringcreditsstinger|elements|water|3d animation|city|lighthearted|whimsical|hopeful|pixar,Disney Plus,2026-10-03
976584,The Book of Clarence,en,US,crucifixion|jerusalem|rags to riches|1st century|romans|escaped slaves|religious satire,Hulu|fuboTV|YouTube TV,2026-10-03
976893,Perfect Days,ja,JP,"tree|routine|slice of life|janitor|working class|tokyo, japan|character study|uncle niece relationship|audio cassette|solitude|mystical quest|human nature|playful|lighthearted|beauty of life",,2026-10-03
977262,Ezra,en,US,autism|road trip|parenting|divorced parents,,2026-10-03
977942,The Uprising,en,DE|US,rebellion|peasant|based on true story|farmer|medieval|revolt|plague|medieval england|14th century|1300s,,2026-10-03
980026,The Promised Land,da,DK,based on novel or book|murder|priest|colonisation|soldier|king|18th century|farming|danish|danish history|ex military|historical drama|shocking|aggressive|hopeless|landowner|history|furious|violence|antagonistic|pessimistic,Hulu,2026-10-03
980477,Ne Zha 2,zh,CN,"fight|magic|sequel|dark fantasy|based on myths, legends or folklore|3d animation|nezha|chinese mythology|donghua|shenmo",HBO Max Amazon Channel|HBO Max,2026-10-03
980489,Gran Turismo,en,US,sports|based on true story|racing|based on video game|aftercreditsstinger|duringcreditsstinger|motorsport|awestruck|enthusiastic|hopeful|persuasive,Hulu|fuboTV|HBO Max Amazon Channel|YouTube TV|HBO Max,2026-10-03
980599,Bhool Bhulaiyaa 3,hi,IN,haunted house|sequel|vengeful spirit|west bengal,Netflix|Netflix Standard with Ads,2026-10-03
982271,Book Club: The Next Chapter,en,US,italy|female friendship|vacation|book club,Peacock Premium|YouTube TV|USA Network|Peacock Premium Plus,2026-10-03
985939,Fall,en,US,stranded|struggle for survival|desert|tower|free climbing|sport climbing|adrenaline junkie|dehydration|middle of nowhere|anxious|best friends|grieving widow|tense|ridiculous|survival thriller,MovieSphere+ Amazon Channel,2026-10-03
986054,Theater Camp,en,US,friendship|coma|summer camp|musical|camp|improvisation|new york state|woman director|candid|playful|based on short film|theatre|theater|lighthearted|casual|sentimental|witty|hilarious|celebratory|earnest|exuberant,,2026-10-03
986056,Thunderbolts*,en,US,new york city|superhero|anti hero|villain|based on comic|super power|superhero team|mental health|aftercreditsstinger|duringcreditsstinger|marvel cinematic universe (mcu)|congressman|father daughter relationship|impeachment|survivor's guilt|teamwork|ragtag|band of misfits|hilarious|epic heroes,Disney Plus,2026-10-03
986097,HIM,en,US,ritual|american football|cult|training|religion|psychotic|injury|quarterback|athletics|candid|satanic|blood|critical|horror|audacious|bold|informative|pessimistic|powerful|scathing|sport,Netflix|Netflix Standard with Ads,2026-10-03
986280,Fallen Leaves,fi,FI,"helsinki, finland|coma|karaoke|alcoholism|romance|loneliness|stray dog|deadpan comedy|russian invasion of ukraine (2022)|movie theater|independent film|working class people|romantic dramedy|dry humor",MUBI|MUBI Amazon Channel,2026-10-03
991494,The SpongeBob Movie: Search for SquarePants,en,US,sequel|based on cartoon|pirate|based on tv series|3d animation|casual|underworld|adoring|amused|cheerful|familiar,Amazon Prime Video|fuboTV|MGM+ Amazon Channel|Paramount Plus Premium|Paramount Plus Essential|Philo|Paramount+ Amazon Channel|MGM Plus|Paramount+ Roku Premium Channel|Amazon Prime Video with Ads,2026-10-03
993784,Lisa Frankenstein,en,US,high school|cemetery|halloween|dark comedy|coming of age|murder|teenage girl|female protagonist|corpse|body mutilation|campy|death of mother|macabre|reanimated corpse|woman director|1980s|romantic|ghoulish,Peacock Premium|Peacock Premium Plus,2026-10-03
994108,All of Us Strangers,en,US,"london, england|based on novel or book|isolation|screenwriter|gay club|surrealism|nostalgia|alcoholism|love|grief|loneliness|neighbor|memory|childhood home|death|magic realism|high rise|tower block|lgbt|death of parent|record player|drunkenness|metaphysical|father son relationship|mother son relationship|gay theme|independent film|wistful|apartment|adoring|frightened|dorking, england|35mm film|queer loneliness",Hulu,2026-10-03
998846,Back to Black,en,GB,biography|addiction|based on true story|alcoholism|mental illness|singer-songwriter|substance abuse|1980s|1990s|alcohol problems|2000s|soul music|2010s|admiring|comforting,,2026-10-03
999243,Hell of a Summer,en,US,summer camp|woods|serial killer|camp|slasher|whodunit|summer|series of murders|campfire|camp counselor|frantic,Hulu,2026-10-03
999582,Babes,en,US,,Hulu|Netflix|Netflix Standard with Ads,2026-10-03
1000837,I'm Still Here,pt,BR,"mother|beach|husband wife relationship|based on novel or book|1970s|rio de janeiro|based on true story|anti-communism|sao paulo, brazil|grief|female protagonist|interrogation|seaside|missing person|military dictatorship|family photo|injustice|nostalgic|historical drama|humanity|family dynamics|missing husband|1990s|activism|mother son relationship|mother daughter relationship|resilience|realistic|2010s|independent film|adaptation|political drama|assertive|baffled|missing father|political dissident|biographical drama|brazilian military dictatorship|torture and murder|torture military",Netflix,2026-10-03
1000866,The Marching Band,fr,FR,brotherhood|marching band|adopted|orchestra conductor|brother brother relationship|amused|sympathetic|tragic,,2026-10-03
1007734,Nobody 2,en,US,dark comedy|black humor|sequel|one man army|family vacation|marital tensions|celebratory|russian mafia|revenge cycle|explosive action|assassin contracts|reluctant killer|family under pressure|eccentric allies|hit list|deadly missions,Netflix|Netflix Standard with Ads,2026-10-03
1008042,Talk to Me,en,AU,suicide|trauma|possession|female friendship|addiction|grief|female protagonist|death of mother|self mutilation|mental health|found footage|dead parent|social media|peer pressure|disembodied hand|generation z|self-harm|supernatural horror|cautionary tale|adelaide australia|body horror|teenager|modern australia,HBO Max Amazon Channel|HBO Max,2026-10-03
1008392,The Blackening,en,US,parody|murder|serial killer|cabin|slasher|group of friends|racial stereotype|black stereotype|duringcreditsstinger|weekend getaway|african american|death game|juneteenth,Hulu,2026-10-03
1008409,The Bikeriders,en,US,"chicago, illinois|based on novel or book|photographer|gangster|1970s|interview|biker|outlaw|murder|arson|gang|motorcycle|motorcycle gang|criminal|period drama|gang violence|masculinity|motorcycle chase|1960s|american midwest|motorcycle accident",,2026-10-03
1008903,Left Behind: Rise of the Antichrist,en,CA,canada|based on novel or book|pilot|cult|the rapture|sequel|evangelical christianity|family|religious fundamentalism|religious film|religious propaganda|left behind,Amazon Prime Video|UP Faith & Family Apple TV channel|Amazon Prime Video with Ads|UP Faith & Family Amazon Channel ,2026-10-03
1009640,Valiant One,en,US,rescue|survival|tension|crash|special forces|behind enemy lines,Hulu,2026-10-03
1010600,The Strangers: Chapter 1,en,US,mask|remake|murder|slasher|home invasion|reboot|cliché,YouTube TV|HBO Max|Starz Apple TV channel,2026-10-03
1010755,The Strangers: Chapter 3,en,US,sequel|serial killer|slasher|cat and mouse|dirty sheriff|isolated setting|violent intrusion|unexpected attacks|victims under siege|moral collapse,Philo|Starz Amazon Channel|Starz|Starz Apple TV channel|Starz Roku Premium Channel,2026-10-03
1010756,The Strangers: Chapter 2,en,US,ambulance|sequel|hospital|slasher|reboot|masked maniac,HBO Max Amazon Channel|Starz Amazon Channel|HBO Max|Starz Apple TV channel,2026-10-03
1011477,Karate Kid: Legends,en,US,"new york city|martial arts|kung fu|mentor|ex-boyfriend|karate|sequel|beijing, china|martial arts tournament|martial arts training|living abroad|overprotective mother|boxing ring|cultural identity|family pressure|martial discipline",Netflix,2026-10-03
1011985,Kung Fu Panda 4,en,US,martial arts|kung fu|china|villain|sequel|panda|anthropomorphism|chameleon|female villain|wuxia|3d animation|joyous|enthusiastic|joyful,Amazon Prime Video|Amazon Prime Video with Ads,2026-10-03
1012201,HAIKYU!! The Dumpster Battle,ja,JP,high school|sports|training|volleyball|sequel|high school sports|tournament|based on manga|sport competition|aftercreditsstinger|shounen|anime|school club|japanese high school|bukatsu,Crunchyroll Amazon Channel,2026-10-03
1013406,"Modi, Three Days on the Wing of Madness",en,IT,world war i|biography|modigliani|paris,Amazon Prime Video|Amazon Prime Video with Ads,2026-10-03
1013601,The Alto Knights,en,US,new york city|crime boss|biography|mafia|true crime|assassination attempt|usa history|1950s|20th century,HBO Max Amazon Channel|Cinemax Amazon Channel|HBO Max|Cinemax Apple TV channel,2026-10-03
1013850,A Real Pain,en,US,pain|suicide attempt|holocaust (shoah)|vacation|grief|jewish american|poland|cousin relationship|reflection|dramedy|candid|coping mechanisms|heritage|jewish|tour|death of grandmother|witty|compassionate|gentle,Hulu,2026-10-03
1016084,BlackBerry,en,CA,based on novel or book|technology|it-expert|silicon valley|satire|biography|based on true story|workplace|rise and fall|cell phone|phone|nostalgic|information technology|social history|communicating via phone|1990s|science and technology|smart phone|it professional|new technology|technological evolution|history and legacy|phone message|smartphone|digital technology|offbeat|advanced technology|make it happen|history and technology|humans and technology,Netflix|Philo|AMC Plus Apple TV channel|AMC+ Roku Premium Channel|AMC+|Sundance Now|Netflix Standard with Ads,2026-10-03
1016121,Beautiful Disaster,en,US,based on novel or book|bare knuckle boxing|underground fighting|young adult|based on young adult novel|independent film|provocative|romantic drama|pugilistic|romantic|amused,Amazon Prime Video|Amazon Prime Video with Ads,2026-10-03
1016848,The Front Room,en,US,ku klux klan|mother-in-law|racism|based on short story|confederate|evil stepmother|holy spirit|hardcore christian|psychological horror|pregnancy horror|unborn baby,,2026-10-03
1020006,Priscilla,en,US,jealousy|husband wife relationship|obsession|1970s|drug addiction|biography|based on true story|coming of age|love|singer|fame|mansion|based on memoir or autobiography|historical|underage girlfriend|autobiographical|woman director|abusive marriage|1960s|grooming|psychological|celebrities|slow burn|intimate|understated|absurd|gilded cage,,2026-10-03
1022074,Maareesan,ta,IN,suspenseful|intense,Netflix|Netflix Standard with Ads,2026-10-03
1022787,Elio,en,US,villain|alien|coming of age|computer animation|eye patch|social outcast|aftercreditsstinger|beforecreditsstinger|woman director|space adventure|sattelite|pre-teen|amateur radio|mother son relationship|good versus evil|3d animation|depressed|interspecies friendship|clones|adoring|comforting|powerful|pixar,Disney Plus,2026-10-03
1022789,Inside Out 2,en,US,sadness|disgust|sequel|computer animation|teenage girl|fear|anger|envy|aftercreditsstinger|duringcreditsstinger|emotions|embarrasment|joy|3d animation|anxiety|witty|assertive|cheerful|enthusiastic|hopeful|pixar,Disney Plus,2026-10-03
1022796,Wish,en,US,friendship|villain|black magic|wish|musical|computer animation|female protagonist|betrayal by friend|aftercreditsstinger|woman director|wicked king|disabled person|3d animation|evil king|star|corrupt government|hopeful,Disney Plus,2026-10-03
1023922,MaXXXine,en,US,"pornography|gore|sequel|murder|fame|slasher|hollywood|whodunit|los angeles, california|video store|horror filmmaking|stardom|murder mystery|1980s|film production|televangelist|film within a film|aspiring actress|pastiche|satanic panic|night stalker|father daughter estrangement|religious trauma|mystery|excited|scathing",Hulu|Amazon Prime Video|HBO Max Amazon Channel|HBO Max|Amazon Prime Video with Ads,2026-10-03
1025491,Freud's Last Session,en,US|IE|GB,world war ii|based on true story|author|historical fiction|belief in god|psychiatry|1940s|1930s|lesbian|independent film|sigmund freud,Hulu|fuboTV|YouTube TV|FXNow,2026-10-03
1026227,There's Still Tomorrow,it,IT,woman director|female empowerment|1940s|abusive husband|women empowerment|historical comedy|pastiche|post-war italy,,2026-10-03
1026436,Miller's Girl,en,US,husband wife relationship|school|writer|teacher student relationship|teachers and students|disturbed|pathetic|provocative|absurd|pretentious,Lionsgate+ Amazon Channel,2026-10-03
1028196,Nickel Boys,en,US,florida|new york city|sexual abuse|based on novel or book|alligator|male friendship|racial segregation|martin luther king|based on true story|racism|reform school|wrongful conviction|historical drama|abuse|black youths|1960s|boxing|complex|african american history|stolen car|african american|grandmother grandson relationship|introspective|civil rights movement|american history|experimental cinema|boxing match|tallahassee|audacious|bold,Amazon Prime Video|MUBI|MUBI Amazon Channel,2026-10-03
1029235,Azrael,en,US,sacrifice|aggressive|ancient evil|azrael,Hulu|Philo|AMC Plus Apple TV channel|AMC+ Amazon Channel|AMC+ Roku Premium Channel|AMC+|Shudder|Sundance Now|Shudder Amazon Channel|Shudder Apple TV channel,2026-10-03
1029281,Strange Darling,en,US,new york city|rape|gore|sadomasochism|sexual violence|murder|serial killer|female protagonist|bdsm|aftercreditsstinger|rape fantasy|erotic thriller|independent film,Philo|AMC Plus Apple TV channel|Paramount+ Amazon Channel|AMC+ Amazon Channel|AMC+ Roku Premium Channel|AMC+,2026-10-03
1029955,Kinds of Kindness,en,US,husband wife relationship|dark comedy|anthology|sexual violence|mental illness|moral dilemma|shocking|dramedy|absurdism|victim blaming|self-harm|greek tragedy|cannibalism|drugging someone|suspenseful|sexual content|sex cult,,2026-10-03
1032194,The Blind,en,US,louisiana|patriarch|biography|addiction|based on true story|religion|family|1960s|religious propaganda|christian faith|deep south,Pure Flix|Angel Studios|Great American Pure Flix Amazon Channel,2026-10-03
1032823,Trap,en,US,"concert|philadelphia, pennsylvania|double life|escape|s.w.a.t.|pop star|father|limousine|celebrity|trap|serial killer|obsessive compulsive disorder (ocd)|trapped|mental illness|sting operation|mayhem|father daughter relationship|plot twist",Amazon Prime Video|HBO Max Amazon Channel|HBO Max|Amazon Prime Video with Ads,2026-10-03
1034541,Terrifier 3,en,US,monster|post-traumatic stress disorder (ptsd)|angel|shower|child murder|santa claus|college|clown|bartender|gore|dormitory|sequel|serial killer|teenage girl|slasher|chainsaw|massacre|mental illness|disfigured face|mental asylum|cousin relationship|mall santa|killer clown|terrorist bombing|christmas horror|evil clown|christmas spirit|christmas|murder of parents|orphan siblings|supernatural power|death of a child|supernatural horror|bar|bloody|independent film|blood|low budget|megaslasher|sadistic horror,Amazon Prime Video|Screambox Amazon Channel|Amazon Prime Video with Ads,2026-10-03
1035048,Elevation,en,US,mine|colorado|alien|hospital|alien invasion|ski lift|abandoned mine|monsters|mountains,Hulu|HBO Max Amazon Channel|Cinemax Amazon Channel|Cinemax Apple TV channel,2026-10-03
1035259,The Naked Gun,en,US,sequel|slapstick comedy|spoof|reboot|aftercreditsstinger|duringcreditsstinger|action comedy|based on tv series|bumbling detective,Amazon Prime Video|fuboTV|MGM+ Amazon Channel|Paramount Plus Premium|Paramount Plus Essential|Philo|Paramount+ Amazon Channel|MGM Plus|Paramount+ Roku Premium Channel|Amazon Prime Video with Ads,2026-10-03
1035806,Detective Knight: Independence,en,US,terrorism|terrorist threat|domestic terrorism|reign of terror|state terrorism|war|hunter are hunted,Amazon Prime Video|fuboTV|Lionsgate+ Amazon Channel|Amazon Prime Video with Ads,2026-10-03
1037113,Snack Shack,en,US,love triangle|gambling|male friendship|beer|swimming pool|coming of age|bully|crush|vhs|summer|lifeguard|summer job|semi autobiographical|teenage romance|nebraska|1990s|girl next door|cliché,,2026-10-03
1038392,The Conjuring: Last Rites,en,US,"pennsylvania, usa|supernatural|exorcism|halloween|haunted house|sequel|priest|religion|wedding|spirit|paranormal investigation|ghost|1980s|demonic|mirror|supernatural horror|horror",HBO Max Amazon Channel|HBO Max,2026-10-03
1040148,"Ruby Gillman, Teenage Kraken",en,US,high school|ocean|boat|transformation|fisherman|mermaid|villain|coming of age|prom|teenage girl|female protagonist|kraken|coastal town|fitting in|trident|mother daughter relationship|3d animation|teenager|animation,Peacock Premium|Peacock Premium Plus,2026-10-03
1041613,Immaculate,en,US,nun|italy|pregnancy|priest|female protagonist|church|convent (nunnery)|dark secret|unassuming|religious horror|body horror|excited,Netflix|Netflix Standard with Ads,2026-10-03
1042834,Eden,en,US,relationship problems|survival|neighborhood|neighbor neighbor relationship|aggressive|isolated island|life on the margin|struggle for independence|casual|admiring|adoring|appreciative|arrogant,Netflix|Netflix Standard with Ads,2026-10-03
1048522,Fremont,en,US,"immigrant|california|post-traumatic stress disorder (ptsd)|san francisco, california|afghanistan|fortune cookie|oakland, california|black and white|racial prejudice|translator|us military",Hulu|Amazon Prime Video|MUBI|MUBI Amazon Channel|Amazon Prime Video with Ads,2026-10-03
1051180,Mechamato Movie,ms,MY,superhero|prequel|based on cartoon|supervillain|based on tv series|3d animation,,2026-10-03
1051891,Thelma,en,US,"widow|scam|female protagonist|los angeles, california|scooter|duringcreditsstinger|old-age home|vigilante justice|grandmother grandson relationship|elderly woman|old age|absurd|sentimental|missing grandmother|amused|overbearing family|telephone scam",Hulu,2026-10-03
1054867,One Battle After Another,en,US,rebellion|based on novel or book|resistance|usa–mexico border|riot|interracial relationship|on the run|xenophobia|aftercreditsstinger|missing daughter|white supremacy|anti-fascism|father daughter relationship|revolutionaries|african american|anti-racism|immigration detention center,Amazon Prime Video|HBO Max Amazon Channel|HBO Max|Amazon Prime Video with Ads,2026-10-03
1056360,American Fiction,en,US,"sibling relationship|boston, massachusetts|writing|race politics|dark comedy|satire|alzheimer's disease|dysfunctional family|pseudonym|family drama|lgbt|racial stereotype|dramedy|thoughtful|publishing|complex|mother son relationship|race relations|serious|inspirational|black stories|provocative|admiring|assertive|audacious|bold|complicated|dignified|empathetic|instructive|scathing|wry",Amazon Prime Video,2026-10-03
1057265,Peddi,te,IN,sports|politics|cricket|1980s|multi-sports,Netflix|Netflix Standard with Ads,2026-10-03
1058424,Hope,ko,KR,police chief|police officer|hunted|remote village|aliens|20th century|grand|exhilarated|fight for survival|unknown entity,,2026-10-03
1058694,Radical,es,MX,usa–mexico border|border town|teachers and students,Amazon Prime Video|Amazon Prime Video with Ads,2026-10-03
1059128,Queer,en,US,"mexico city, mexico|based on novel or book|sexuality|telepathy|drug addiction|eroticism|surrealism|addiction|drug use|loneliness|jungle|period drama|desire|sensuality|psychedelics|lgbt|character study|bisexual man|heroin addiction|1950s|psychedelic drug|gay theme|self destructiveness|gay relationship|homoerotic|bar|age-gap relationship|romantic drama|queer loneliness",HBO Max Amazon Channel|Cinemax Amazon Channel|Cinemax Apple TV channel,2026-10-03
1060046,HIT: The Third Case,te,IN,investigation|violent death|anxious|brutal murder,Netflix|Netflix Standard with Ads,2026-10-03
1061474,Superman,en,US,dual identity|superhero|based on comic|dog|super power|reboot|kaiju|modern day adaptation|aftercreditsstinger|duringcreditsstinger|epic battle|supervillain|calm|dc universe (dcu)|anti-imperialism|adoring|amused|bold|cheerful|enthusiastic,Amazon Prime Video|HBO Max Amazon Channel|HBO Max|Amazon Prime Video with Ads,2026-10-03
1062215,Afraid,en,US,artificial intelligence (a.i.)|dysfunctional family|social media|smart home|cyberbullying|gaslighting|sci-fi horror|pessimistic,Hulu|fuboTV|YouTube TV,2026-10-03
1062722,Frankenstein,en,US,monster|based on novel or book|supernatural|halloween|identity crisis|surgeon|mad scientist|reanimation|gothic horror|father son relationship|mother son relationship|frankenstein|excited|tragic creature|moral transgression|forbidden science|unnatural life,Netflix|Netflix Standard with Ads,2026-10-03
1062807,SPY x FAMILY CODE: White,ja,JP,espionage|spy|slice of life|female assassin|based on manga|family|aftercreditsstinger|shounen|anime,Crunchyroll|Crunchyroll Amazon Channel,2026-10-03
1064213,Anora,en,US,"new year's eve|new york city|marriage|boardwalk|baptism|strip club|coney island|female protagonist|mansion|class differences|las vegas|lap dance|home invasion|drunk|sexual desire|brooklyn, new york city|screwball comedy|new york subway|hedonism|immaturity|city hall|exotic dancer|sex worker|naive children|female stripping|meddling parents|annulment|sex work|strip show|russian oligarch|sex|independent film|party|female rage|vegas wedding|romantic dramedy|cinderella story|brighton beach",Hulu,2026-10-03
1064486,Memoir of a Snail,en,AU,depression|difficult childhood|death of father|stop motion|foster family|adult animation|death in childbirth|broken family|claymation|brother sister relationship|snail|adoring,Hulu|Philo|AMC Plus Apple TV channel|AMC+ Amazon Channel|AMC+ Roku Premium Channel|AMC+|Sundance Now,2026-10-03
1066714,Main Atal Hoon,hi,IN,propaganda|prime minister|controversy|biography|brainwashing|political|political drama|brain washing|indian film|bollywood|godi media|political agenda|tax free|tax relief|free publicity|atal bihari vajpayee|bharatiya janata party,,2026-10-03
1071215,Thanksgiving,en,US,small town|sadism|holiday|massachusetts|thanksgiving|dark comedy|riot|plymouth|murder|serial killer|consumerism|slasher|whodunit|aftercreditsstinger|murder spree|teenage killer|black friday|based on short film|holidays|revenge slasher|stalked by a killer|revenge horror|masked killer|teen slasher|holiday horror,Hulu|fuboTV|HBO Max Amazon Channel|YouTube TV|HBO Max,2026-10-03
1071585,M3GAN 2.0,en,US,android|artificial intelligence (a.i.)|fight|killer robot|beheading|electromagnetic pulse|sequel|evil doll|wingsuit|robot|doll|spear throwing|synthetic human|robot fighting|exoskeleton|creepy doll|smart home|possessed doll|action|fbi operation|neural chip|android horror,Netflix|Netflix Standard with Ads,2026-10-03
1072342,Night Swim,en,US,supernatural|swimming pool|evil spirit|teenage girl|real estate agent|1990s|pool party|pool|2000s|supernatural horror|based on short film|night swimming|horror,,2026-10-03
1072790,Anyone but You,en,US,australia|hiking|romcom|based on play or musical|law school|aftercreditsstinger|duringcreditsstinger|fake dating|destination wedding|comforting,Hulu|fuboTV|YouTube TV|FXNow,2026-10-03
1075971,"Food, Inc. 2",en,US,supermarket|capitalism|monopoly|slavery|fast food restaurant|agriculture|sequel|food|food industry|cattle|migrant farmworker|corn|fast food|corporate power|labor union|government corruption|nutrition|farm crisis|sustainability|factory farming|dairy cow|livestock|exploited immigrants|eco-sustainability|farmers exploitation|dairy farmer|fish farming|union struggle|documentary|overproduction|fishery|soil|agricultural crisis|minimum wage|food industry lobbying|cruelty to animals|dairy farm|worker exploitation|calorie|processed meat,Hulu,2026-10-03
1078605,Weapons,en,US,"witch|small town|pennsylvania, usa|ritual|junkie|teacher|trance|witchcraft|clown makeup|multiple storylines|bullied|folk horror|dark fairy tale|unstable cop|supernatural horror|mysterious disappearance|spell|psychological horror|mystery|evil aunt|missing children",Amazon Prime Video|HBO Max Amazon Channel|HBO Max|Amazon Prime Video with Ads|Howdy Amazon Channel,2026-10-03
1079091,It Ends with Us,en,US,based on novel or book|love triangle|abusive father|trauma|florist|flashback|love|domestic abuse|domestic violence|macabre|candid|satirical|repressed trauma|abusive relationship|adaptation|romantic drama|absurd|critical|antagonistic|baffled|defiant|vibrant,Hulu|fuboTV|YouTube TV,2026-10-03
1079244,Bonhoeffer: Pastor. Spy. Assassin,en,BE|IE,assassin|based on true story|moral courage|tyranny|historical drama|1940s|christian film|nazi germany|independent film|theologian|pastor spy|public opposition|pacifism conflict|wartime oppression|resistance network,Angel Studios,2026-10-03
1081003,Supergirl,en,US,galaxy|hero|superhero|villain|based on comic|space|female protagonist|dog|super power|heroine|reboot|solitude|supervillain|rescue dog|dc universe (dcu),HBO Max Amazon Channel|HBO Max,2026-10-03
1082195,The Order,en,US,based on novel or book|fbi|idaho|based on true story|heist|murder|bank robbery|counterfeit money|police shootout|white supremacists|1980s|fbi agent,Hulu,2026-10-03
1083381,Backrooms,en,US,california|monster|therapist|surrealism|childhood trauma|alcoholism|found footage|1990s|other dimension|based on web series|psychological|liminal|body horror|psychological horror|liminal space|analog horror|sci-fi horror|bewildered|foreboding|liminal horror,HBO Max,2026-10-03
1083433,I Know What You Did Last Summer,en,US,fisherman|harpoon|sequel|revenge|murder|serial killer|slasher|car accident|killer|group of friends|fourth of july|nostalgic|engagement party|duringcreditsstinger|seaside town|hopeless|insecure|pathetic|absurd|horror|holiday horror|cliché|conceited,Netflix,2026-10-03
1083637,Kantara - A Legend: Chapter 1,kn,IN,,Amazon Prime Video|fuboTV|Amazon Prime Video with Ads,2026-10-03
1083968,Locked,en,US,race against time|remake|psychological thriller|mind games|father daughter relationship|psychological manipulation|dark and emotional tone|unknown captors|hidden motives|survival situation|forced isolation|voice communication|unknown enemy|unreliable clues|mystery confinement,Hulu,2026-10-03
1084153,Sneaks,en,US,new york city|computer animation|children's adventure|sneakers|3d animation|bold|euphoric|excited|anthropomorphic shoe,,2026-10-03
1084199,Companion,en,US,android|artificial intelligence (a.i.)|cabin|robot|boyfriend girlfriend relationship|duringcreditsstinger|robot girl|weekend getaway|human android relationship|toxic relationship|abusive relationship|malfunctioning android|robot companion|sentient machine|sci-fi horror|human vs machines|cybernetics|android horror,HBO Max Amazon Channel|Cinemax Amazon Channel|HBO Max|Cinemax Apple TV channel,2026-10-03
1084242,Zootopia 2,en,US,snake|bunny|fox|cop|sequel|anthropomorphism|animals|displacement|buddy cop|buddy comedy|complex|playful|talking animal|3d animation|embarrassed|excited,Disney Plus,2026-10-03
1084244,Toy Story 5,en,US,farm|island|pig|horse|rescue mission|rivalry|sequel|love|stranded|wedding|tire swing|walkie talkie|cowgirl|blunt|cowboy|buddy comedy|duringcreditsstinger|toy comes to life|hippo|abandonment|toilet paper|replacement|toy|frog|3d animation|tablet|pixar,,2026-10-03
1084736,The Count of Monte Cristo,fr,FR,based on novel or book|count|revenge|wrongful conviction|hidden fortune|19th century|moral downfall|post‑napoleonic france|parisian aristocracy|marseille harbor|betrayal conspiracy|methodical vengeance|lost love tragedy|power corruption|luxurious estates,fuboTV|MGM+ Amazon Channel|Philo|MGM Plus Roku Premium Channel|MGM Plus,2026-10-03
1086747,The Watchers,en,US,based on novel or book|shapeshifting|bunker|forest|shelter|ireland|changeling|dark fantasy|strangers|mimic|fairies|trapped in a room|irish mythology|supernatural presence|mysterious watchers|rules of survival,HBO Max Amazon Channel|HBO Max,2026-10-03
1087192,How to Train Your Dragon,en,US,flying|vikings (norsemen)|remake|dragon|battle|warrior|live action remake|reminiscent,Netflix,2026-10-03
1087891,The Amateur,en,US,central intelligence agency (cia)|based on novel or book|escape|blackmail|revenge|agent|government assassin|government cover-up|government conspiracy|death of wife|spy thriller|computer hacker|suspenseful|enthusiastic,Amazon Prime Video|Amazon Prime Video with Ads,2026-10-03
1088096,Goodrich,en,US,pregnant daughter|failing business|father daughter relationship|mother in rehab|family story|art gallery owner,HBO Max Amazon Channel|Cinemax Amazon Channel|Cinemax Apple TV channel,2026-10-03
1088514,The Room Next Door,es,ES,"new york city|suicide|based on novel or book|nihilism|war correspondent|female friendship|woodstock, new york|bosnian war (1992-95)|bereavement|cancer|writer|novelist|dual role|existentialism|euthanasia|terminal cancer|estranged daughter|autofiction|anecdote",Netflix,2026-10-03
1092329,Journey to Bethlehem,en,US,arranged marriage|bethlehem|musical|family drama|christmas music|nativity|king herod|joseph of nazareth|christian film|christian faith|unwed pregnancy,Hulu|Amazon Prime Video|fuboTV|Amazon Prime Video with Ads,2026-10-03
1093237,Hurry Up Tomorrow,en,US,"concert|musician|drug addiction|insomnia|arson|psychological thriller|los angeles, california|break-up|amusement park|companion piece|psychological drama|tour|surreal psychological drama",,2026-10-03
1094009,Summer Camp,en,US,summer camp|workaholic|1970s|female friendship|self help guru|food fight|troubled marriage|rekindle|whitewater river rafting|friends reunion|cliché|2020s,Hulu,2026-10-03
1094274,Y2K,en,US,new year's eve|android|artificial intelligence (a.i.)|beheading|condom|coming of age|y2k|1990s|assimilation|satirical|technological singularity|aol|acoustic guitar|evil robot|playful|severed arm|party|teenager|teen horror|absurd|computers|new year's party|hilarious|mocking|wry|android horror,HBO Max Amazon Channel|Cinemax Amazon Channel|Cinemax Apple TV channel,2026-10-03
1097549,Babygirl,en,US,infidelity|new york city|husband wife relationship|sexual frustration|sexuality|eroticism|seduction|workplace|female protagonist|married woman|ceo|intern|woman director|submission|taboo sex|masculinity|female sexuality|innuendo|erotic thriller|workplace romance|unfaithful wife|sex|young man seduces old lady|age-gap relationship|kink|power dynamics|employee boss relationship|workplace drama,HBO Max,2026-10-03
1100099,We Live in Time,en,GB,marriage|father|family relationships|romance|love|cancer|parenthood|relationship|family|tearjerker|kids|sick mother|love story|moving|modern|sad|bittersweet|heartfelt|meaningful,HBO Max Amazon Channel|Cinemax Amazon Channel|Cinemax Apple TV channel,2026-10-03
1100782,Smile 2,en,US,drug dealer|depression|new york city|dancing|suicide|concert|nightmare|escape|musician|winter|gun|talk show|delusion|possession|hallucination|mental breakdown|gore|stalker|self-inflicted injury|addiction|sequel|drug use|flashback|singer|murder|curse|hospital|fear|corpse|scar|drugs|demon|cell phone|apartment building|guilt|pop music|self esteem|family conflict|evil|phone|injury|mental health|watching tv|text messaging|knee injury|sobriety|substance abuse|gruesome|press agent|creepy person|breakdown|unsettling|woman agent|gun fight|creepy|hospital visit|abusive mother|chronic pain|depressed woman|jump scare|self-harm|delusional|spinal injury|popstar|emotional breakdown|pain medication|smile|drug|scared|pills|supernatural horror|self destructiveness|bar|bloody|city|body horror|blood|apartment|united states of america (usa)|phone message|psychological horror|nightmares|drug usage|hallucinations|public image|tour|horror|unknown number|mom|public figure|creepy faces|2020s|going insane|iphone footage|gorefest|new york winter|taking drugs|disturbing,Netflix|Amazon Prime Video|MGM+ Amazon Channel|Paramount Plus Premium|Paramount Plus Essential|Paramount+ Amazon Channel|Paramount+ Roku Premium Channel|Netflix Standard with Ads|Amazon Prime Video with Ads,2026-10-03
1100988,28 Years Later,en,GB,england|satanism|cult|sequel|survival|zombie|survival horror|satanic cult|zombie apocalypse|northumberland|violence|lindisfarne|post-apocalyptic,Netflix,2026-10-03
1101383,The End of Oak Street,en,US,teleportation|giant snake|time travel|wormhole|family relationships|suburbia|survival|prehistoric creature|dinosaur|survival horror|neighborhood|1980s|suburban|nuclear family|survival adventure|suburbs,,2026-10-03
1101412,Fall 2: Deadpoint,en,US|GB,sequel|rock climbing|sport climbing|climb|mountain climber,,2026-10-03
1102493,Small Things Like These,en,IE,small town|husband wife relationship|based on novel or book|choir|flashback|ireland|barbershop|catholicism|coal|merchant|disturbed|abuse|1980s|grim|complicity|convent|magdalene asylum|gentle,Hulu,2026-10-03
1102883,Mother Mary,en,US,pop star|supernatural|betrayal|dress|old grudge|estranged friend|psychosexual|absurd|intense|baffled,HBO Max Amazon Channel|HBO Max,2026-10-03
1103857,Juliet & Romeo,en,US,musical|fake suicide|based on play or musical|sword fight|potion|star crossed lovers|teenage romance|verona italy|14th century|romeo & juliet|plot twist|romantic drama|feuding families|1300s,,2026-10-03
1106739,Juror #2,en,US,jury duty|moral dilemma|murder trial|philosophical|courtroom drama|suspenseful|depressing|apathetic|apologetic|empathetic,HBO Max Amazon Channel|HBO Max,2026-10-03
1107166,Psycho Killer,en,US,police|cult|cop|murder|priest|serial killer|slasher|church|macabre|power plant|satanic|frustrated,Hulu,2026-10-03
1107325,Witchboard,en,US,"witch|magic|new orleans, louisiana|witch burning|supernatural|plantation|paranormal|remake|witchcraft|occult|demonic possession|coven (akelarre)|occult horror|wicca|17th century|cursed|present day|wiccan|haunted|divination|supernatural horror|hex|psychological descent|spirit world|dark rituals|pendulum board|spellbound",,2026-10-03
1108427,Moana,en,US,sailboat|sea|friendship|ocean|leaving one's family|musical|remake|curse|explorer|based on movie|demigod|polynesia|sea adventure|giant crab|animal sidekick|seafarer|live action remake|female explorer,,2026-10-03
1108658,The Shift,en,US,love of one's life|time travel|zealous|independent film|urgent|wry,Angel Studios,2026-10-03
1109086,War 2,hi,IN,,Netflix|Netflix Standard with Ads,2026-10-03
1109255,Parthenope,it,IT,siren|brother sister relationship|mythical,HBO Max Amazon Channel|HBO Max,2026-10-03
1109940,Accidental Texan,en,US,based on novel or book|actor,Lionsgate+ Amazon Channel,2026-10-03
1111873,Abigail,en,US,ransom|vampire|kidnapping|dark comedy|child vampire|gothic horror|exploding body|ballerina|reverse trap|dracula|evil kid,,2026-10-03
1114513,Speak No Evil,en,US,husband wife relationship|paranoia|remake|weekend getaway|europe vacation|children in danger|psychological horror|dangerous escalation|emotional manipulation|subtle menace|hospitality gone wrong|disturbing behavior|fear of strangers|predatory manipulation|deceptive kindness|parental fear,Philo|Starz Amazon Channel|Starz|Starz Apple TV channel,2026-10-03
1114967,Good Fortune,en,US,second chance|personal growth|guardian angel|contemporary fantasy|search for identity|morals / life lessons|multiple jobs|heavenly intervention|life‑changing mishaps|struggling worker|opposite lives|celestial mission|divine mistake|social contrast|life imbalance|class divide,Amazon Prime Video|Amazon Prime Video with Ads,2026-10-03
1115009,Unsung Hero,en,US,australia|immigrant|biography|based on true story|family|1980s|1990s|christian music|christian film|christian faith,Lionsgate+ Amazon Channel,2026-10-03
1116201,Iron Lung,en,US,future|moon|submarine|expedition|post-apocalyptic future|hallucination|gore|space|underwater|convict|based on video game|mourning|macabre|trenches|paranoid|grim|cosmic horror|sea creature|claustrophobic|wonder|anxious|indie horror|slow burn|independent film|mysterious disappearance|body horror|blood|intimate|desolate planet|hallucinations|eldritch|dramatic|planets|suspenseful|tense|intense|ambiguous|bewildered|disheartening|foreboding|frightened|horrified|ominous|pessimistic,,2026-10-03
1119449,"Good Luck, Have Fun, Don't Die",en,US,"artificial intelligence (a.i.)|time travel|diner|transhumanism|los angeles, california|blunt|dark future|mother son relationship|cautionary|adventure comedy|absurd|assertive|exuberant|frustrated|team mission",Hulu,2026-10-03
1120911,Saturday Night,en,US,new york city|chaos|1970s|biography|based on true story|sketch comedy|live television|nostalgic|anxious|live studio audience|playful|witty|audacious|bold|exhilarated|vibrant,Hulu|fuboTV|YouTube TV,2026-10-03
1122030,Alpha,hi,IN,female spy|raw agent,Netflix|Netflix Standard with Ads,2026-10-03
1122573,In the Grey,en,US,mission|heist|agent|dangerous mission|irreverent|provocative|intense|audacious|enthusiastic|sarcastic,Philo|Starz Amazon Channel|Starz|Starz Apple TV channel|Starz Roku Premium Channel,2026-10-03
1124142,The Rivals of Amziah King,en,US,oklahoma|envy|atmospheric|foster home|runaway child|foster daughter|beekeeping|beekeeper|business rivalry|family bonds,,2026-10-03
1124566,Sentimental Value,no,FR|NO,"dysfunctional family|family|filmmaking|generational|oslo, norway|father daughter relationship|sister sister relationship|memories|actress|sentimental",Hulu,2026-10-03
1124619,Bride Hard,en,US,mercenary|secret agent|female friendship|imminent wedding|action comedy|destination wedding,Hulu,2026-10-03
1124620,The Monkey,en,US,sibling relationship|shotgun|supernatural|drums|harpoon|dark comedy|gore|twin brother|maine|decapitation|accidental death|wasp|monkey|exploding body|death|evil|evil twin|based on short story|dual role|aftercreditsstinger|cursed|1990s|father son relationship|mother son relationship|brother brother relationship|toy monkey|supernatural horror|toy|body horror|cursed object|horror|japanese restaurant|father son estrangement,Hulu,2026-10-03
1125257,Freakier Friday,en,US,based on novel or book|body exchange|sequel|female protagonist|body-swap|mother daughter relationship|amused,Disney Plus,2026-10-03
1125311,Imaginary,en,US,stepmother|dysfunctional family|imaginary friend|supernatural creature|teddy bear|other dimension|possessed doll|supernatural horror|stepmother stepdaughter relationship|frightened|missing children,Hulu|Starz Apple TV channel,2026-10-03
1125701,Midwinter Break,en,NL|GB,"based on novel or book|amsterdam, netherlands",Netflix|Netflix Standard with Ads,2026-10-03
1126166,Flight Risk,en,US,"pilot|u.s. marshal|fugitive|airplane accident|anchorage, alaska|cessna|accountant|airplane pilot|trial witness",HBO Max Amazon Channel|HBO Max,2026-10-03
1127384,Deep Water,en,AU|US,deep sea|shark,MGM+ Amazon Channel|Philo|MGM Plus Roku Premium Channel|MGM Plus,2026-10-03
1127628,The Thing with Feathers,en,GB,based on novel or book|widower|death of mother|death of wife|father son relationship|loss of mother|loss of wife|coping|independent film|psychological drama|amused,,2026-10-03
1128650,The Prosecutor,cn,HK,court|drug trafficking|attempted murder|based on true story|killer|wrongful conviction|political corruption|gun fight,Amazon Prime Video|Amazon Prime Video with Ads,2026-10-03
1135303,The Senior,en,US,sports|american football|based on true story|sports drama,Angel Studios,2026-10-03
1136867,Materialists,en,US,new york city|love triangle|wedding|class differences|ex-boyfriend ex-girlfriend relationship|woman director|sexual assault|philosophical|matchmaker|ambivalent,HBO Max Amazon Channel|HBO Max,2026-10-03
1137179,Yadang: The Snitch,ko,KR,drugs,Amazon Prime Video|Amazon Prime Video with Ads,2026-10-03
1137350,The Phoenician Scheme,en,US,nun|espionage|dark comedy|arms dealer|industrialist|international organization|family abandonment|public works|father daughter reunion|moral transformation|assassination attempt|mortality|family legacy|plane crash|project management|absent father|project partners|corrupt businessman|father daughter estrangement|business partners|apathetic|business man|search for redemption|female heir,Peacock Premium|Peacock Premium Plus,2026-10-03
1138194,Heretic,en,US,faith|control|sociopath|religion|cat and mouse|held captive|religious hypocrisy|mormon missionary|trapped in a house|eccentric man|women of faith|ideological clash|psychological predator,Hulu|HBO Max Amazon Channel|Cinemax Amazon Channel|Cinemax Apple TV channel,2026-10-03
1140498,Is This Thing On?,en,US,new york city|stand-up comedian,Hulu,2026-10-03
1140535,Presence,en,US,husband wife relationship|new jersey|haunted house|grief|interracial marriage|psychological thriller|entity|death|real estate agent|ghost|found footage|voyeurism|family dynamics|death of best friend|first person view|mother son relationship|father daughter relationship|mother daughter relationship|brother sister relationship|supernatural horror|experimental cinema|psychological horror|drugging someone|horror|duchové|paranormální jevy|zlo,Hulu,2026-10-03
1146058,The Pout-Pout Fish,en,AU,fish|based on novel or book|dolphin|based on children's book|children's book|children's adventure|grumpy man|cuttlefish|independent film,Amazon Prime Video|Amazon Prime Video with Ads,2026-10-03
1146556,The 4:30 Movie,en,US,coming of age|teenage crush|semi autobiographical|movie theater,,2026-10-03
1149504,Honey Don't!,en,US,small town|drug trafficking|dark comedy|private investigator|church|lgbt|reverend|neo-noir|mysterious death|lesbian|whodunnit,Netflix|Netflix Standard with Ads,2026-10-03
1151031,Bring Her Back,en,AU,sibling relationship|ritual|supernatural|death of father|grief|death|death of daughter|angry|aggressive|folk horror|foster mom|blind child|supernatural horror|gaslighting|body horror|horror,HBO Max Amazon Channel|Cinemax Amazon Channel|HBO Max|Cinemax Apple TV channel,2026-10-03
1151244,Vermiglio,it,IT,mountain village|1940s|romantic drama|dramatic,,2026-10-03
1151272,Sirāt,es,ES,rave|rave party|blunt|raver|earnest|excited|ridiculous,Hulu,2026-10-03
1153399,Coolie,ta,IN,criminal underworld|hidden past,Amazon Prime Video|Amazon Prime Video with Ads,2026-10-03
1153714,Death of a Unicorn,en,US,dark comedy|mythical creature|unicorn|dark fantasy|folk horror|accidental killing|moral corruption|father daughter estrangement|magical realism|​hidden world|medicinal properties|biological exploitation|secret research|broken bond|reluctant accomplice,HBO Max Amazon Channel|HBO Max,2026-10-03
1154538,Nirvanna the Band the Show the Movie,en,CA,"toronto, canada|time travel|parody|road trip|mockumentary|candid camera|publicity stunt|comedy of situation|based on web series|2000s|metafiction|adventure comedy|based on tv series|independent film|alt comedy|metatextual|semi-scripted",Hulu,2026-10-03
1155281,Creation of the Gods II: Demon Force,zh,CN,monster|based on novel or book|sequel|mythological beast|high fantasy|physical immortality|chinese mythology|god warrior,,2026-10-03
1155828,Sing Sing,en,US,prison|based on novel or book|male friendship|based on true story|wrongful imprisonment|sing sing|african american|pathetic|inspirational|theatre|direct|vibrant,HBO Max Amazon Channel|History Vault|Cinemax Amazon Channel|Cinemax Apple TV channel,2026-10-03
1159559,Scream 7,en,US,"mask|indiana, usa|artificial intelligence (a.i.)|halloween|sequel|murder|serial killer|slasher|whodunit|killing spree|self-referential|reboot|crime spree|duringcreditsstinger|murder mystery|masked villain|murder spree|teen horror|slasher horror|horrified|whodunnit",Paramount Plus Essential,2026-10-03
1159831,The Bride!,en,US,"chicago, illinois|new york city|prostitute|based on novel or book|musical|mad scientist|niagara falls|murder|loneliness|reanimation|police corruption|back from the dead|attempted rape|undercover operation|reanimated corpse|companion|woman director|sexual assault|femicide|1930s|gothic romance|female scientist|female revolution|frankenstein|women empowerment|monster girl|horror romance|fugitive lovers|romantic fantasy|mary shelley|sci-fi horror|audacious|spirit possession",HBO Max Amazon Channel|HBO Max,2026-10-03
1160018,KILL,hi,IN,train|one man army|relationship|train robbery|aggressive|action hero|high octane,Hulu,2026-10-03
1160164,TAYLOR SWIFT | THE ERAS TOUR,en,US,musician|live performance|pop music|concert film|singer-songwriter|aftercreditsstinger|duringcreditsstinger|amused|cheerful,Disney Plus,2026-10-03
1160360,If I Had Legs I'd Kick You,en,US,"hotel|therapist|long island, new york|female protagonist|sick child|motherhood|woman director|absent husband|psychological drama|mysterious illness|montauk|parenting stress",HBO Max Amazon Channel|HBO Max,2026-10-03
1161406,Mastaney,pa,IN,,,2026-10-03
1161617,Code 3,en,US,satire|cynical|shocking|tragicomedy,Hulu,2026-10-03
1162322,After Death,en,US,suicide|afterlife|faith|psychology|death|christian film|christian faith|independent film|angel studios,Angel Studios,2026-10-03
1163258,12th Fail,hi,IN,awestruck,Hulu|Netflix|Netflix Standard with Ads,2026-10-03
1167271,Weekend in Taipei,en,FR,undercover|taiwan,fuboTV|MGM+ Amazon Channel|Philo|MGM Plus Roku Premium Channel|MGM Plus,2026-10-03
1167307,David,en,ZA|US|GB,aggression|bible|musical|religion|prophet|giant man|david vs. goliath|old testament|ancient regime|primitive civilization|shepherd boy|3d animation|independent film|philistine|bible prophecy|battles|biblical epic|songs|faith in god|winners vs. losers,Netflix|Netflix Standard with Ads|Angel Studios,2026-10-03
1171145,Crime 101,en,GB,"robbery|based on novel or book|jewelry|heist|police chase|los angeles, california|police detective|diamond heist|insurance|lapd|motorcycle chase|jewel robbery|ford mustang|amused|antwerp diamonds",Amazon Prime Video|Amazon Prime Video with Ads,2026-10-03
1175942,The Bad Guys 2,en,US,"california|based on novel or book|snake|police|wolf|fight|spider|villain|sequel|heist|anthropomorphism|space|los angeles, california|wedding|space station|framed for a crime|luchador|3d animation|lighthearted|joyful|animesque",Netflix|Netflix Standard with Ads,2026-10-03
1181107,The King of Kings,en,KR,based on novel or book|cat|19th century|1st century|jesus christ|father son relationship|christian film|imagination|historical epic|biblical|sentimental|familiar|hopeful,Angel Studios,2026-10-03
1182047,The Apprentice,en,US,new york city|rape|corruption|aids|funeral|politics|blackmail|1970s|biography|based on true story|atlantic city|lawyer|debt|bribery|misogyny|death of brother|character study|marital rape|wiretapping|mentor protégé relationship|real estate|discrimination|degenerate|1980s|closeted homosexual|father son relationship|brother brother relationship|absurd|malfeasance,Amazon Prime Video|Amazon Prime Video with Ads,2026-10-03
1184918,The Wild Robot,en,US,island|based on novel or book|parent child relationship|fox|robot|based on children's book|kindness|goose|nostalgic|aftercreditsstinger|duringcreditsstinger|shipwrecked|kids|adopted son|3d animation|woodland animals,Amazon Prime Video|Amazon Prime Video with Ads,2026-10-03
1185743,Renaissance: A Film by Beyoncé,en,US,musician|concert film|house music|music documentary|r&b artist|world tour|beyoncé|pop artist|beyonce,,2026-10-03
1185806,PAW Patrol: The Dino Movie,en,CA,diamond mine|sequel|based on cartoon|based on toy|prehistory|dinosaur|dog|corrupt mayor|children's adventure|talking animal|adventure comedy|based on tv series|illegal mining|awestruck|physically disabled,,2026-10-03
1186350,Marco,ml,IN,toxic|revenge killing|family man|shocking|aggressive|blind man|action hero|perfumer|loss of brother|amused|enraged|mikhael extended universe (meu),Amazon Prime Video|aha|Amazon Prime Video with Ads,2026-10-03
1186532,The Forge,en,US,faith|self-discovery|single mother|spin off|belief in god|troubled past|christian film|christian faith|independent film|biblical|biblical scholar,Hulu|fuboTV|YouTube TV,2026-10-03
1193501,Whistle,en,US,high school|grave|evil spirit|school|death|whistle|based on short story|supernatural horror|cautionary|cursed object|teen horror|horror|straightforward,Philo|AMC Plus Apple TV channel|AMC+ Amazon Channel|AMC+ Roku Premium Channel|Shudder,2026-10-03
1195506,Novocaine,en,US,pain|superhero|dark comedy|dream girl|bank robbery|hostage situation|held hostage|unlikely hero|genetic disorder|comedy thriller,Amazon Prime Video|fuboTV|MGM+ Amazon Channel|Paramount Plus Premium|Paramount Plus Essential|Philo|Paramount+ Amazon Channel|MGM Plus Roku Premium Channel|MGM Plus|Amazon Prime Video with Ads,2026-10-03
1196791,Soul on Fire,en,US,"based on novel or book|faith|based on true story|burn victim|st. louis, missouri|independent film",Netflix|Netflix Standard with Ads,2026-10-03
1197137,Black Phone 2,en,US,mask|child abuse|dreams|sibling relationship|winter|child murder|supernatural|rocky mountains|colorado|sequel|murder|domestic abuse|serial killer|snow|camp|slasher|based on short story|child kidnapping|1980s|1950s|masked villain|brother sister relationship|masked|supernatural horror|christian faith|psychological horror|nightmares|teen horror|horror|frozen lake,Netflix|Netflix Standard with Ads,2026-10-03
1197306,A Working Man,en,GB|US,based on novel or book|kidnapping|vigilante|missing person|black ops|construction worker|criminal conspiracy,Amazon Prime Video|fuboTV|MGM+ Amazon Channel|Philo|MGM Plus Roku Premium Channel|MGM Plus|Amazon Prime Video with Ads,2026-10-03
1198994,Send Help,en,US,bullying|role reversal|survival|struggle for survival|survival horror|deserted island|power struggle|colleagues|bullying in the workplace|plane crash|gender inequality|comedy thriller|comedy horror,Hulu,2026-10-03
1202479,Opus,en,US,pop star|cult|psychological thriller|cult of celebrity|mysterious disappearance|depressing|cliché,HBO Max Amazon Channel|Cinemax Amazon Channel|HBO Max|Cinemax Apple TV channel,2026-10-03
1203397,Rite Here Rite Now,en,US,concert|pope|heavy metal|rock music|demon|hard rock|concert film|progressive rock|ghoul|pop rock|imaginative|based on web series|father son relationship|mother son relationship|experimental narrative|swedish music|satanic|theatrical group|live concert,Amazon Prime Video|Amazon Prime Video with Ads,2026-10-03
1204680,Coyote vs. Acme,en,US,"judge|lawsuit|lawyer|courtroom|unlikely friendship|coyote|live action and animation|based on magazine, newspaper or article|cartoon characters|cgi-live action hybrid|absurd|dramatic|celebratory",,2026-10-03
1205229,Night of the Zoopocalypse,en,CA,zoo|halloween|zombie|aftercreditsstinger|horror for children|animated horror|3d animation,Amazon Prime Video|Amazon Prime Video with Ads,2026-10-03
1205515,"Sorry, Baby",en,US,rape|post-traumatic stress disorder (ptsd)|cat|professor|massachusetts|female friendship|jury duty|female protagonist|pregnant woman|healing process|sexual assault|female teacher|anxious|student mentor relationship|serious|independent film|dramatic|grad school|nonbinary director,HBO Max Amazon Channel|HBO Max,2026-10-03
1206008,Ella McCay,en,US,politics|aunt|dysfunctional family|political scandal|governer|absurd|ambiguous|baffled|woman,Hulu,2026-10-03
1206617,The Best Christmas Pageant Ever,en,US,based on novel or book|holiday|bullying|dysfunctional family|coming of age|juvenile delinquent|based on children's book|belief in god|community spirit|dramedy|christmas|community theater|christmas pageant|independent film|adoring,Peacock Premium|Starz Apple TV channel|Peacock Premium Plus,2026-10-03
1209058,Ryan's World the Movie: Titan Universe Adventure,en,US,comic book|robot|twins|unicorn|pre-teen|live action and animation|children's adventure|teen superhero|based on web series|social media influencer|big brother|cliché,Hulu|Ryan and Friends Plus Amazon Channel,2026-10-03
1212763,Evil Dead Burn,en,US,funeral|widow|supernatural|possession|dysfunctional family|sequel|grief|spirit|demon|spin off|family|book of the dead|evil dead|demonic possession|death of husband|abusive husband|supernatural horror|body horror|ambiguous,HBO Max Amazon Channel|HBO Max,2026-10-03
1212855,Fight or Flight,en,US|GB,chase|mercenary|dark comedy|betrayal|shootout|criminal underworld|misadventure|fight or flight|unlikely heroes|absurd situation|explosive sequences|chaotic adventure|dangerous encounters|team misfits,fuboTV|Paramount Plus Premium|Paramount+ Amazon Channel|Paramount+ Roku Premium Channel|Bloodstream,2026-10-03
1213243,Toxic,kn,IN,gangster|goa|betrayal|loving,,2026-10-03
1213898,Border 2,hi,IN,1970s|based on true story|sequel|indian army|historical drama|india pakistan war|historical epic|war drama|indian air force|india pakistan conflict|epic drama,Netflix|Netflix Standard with Ads,2026-10-03
1214130,Stitch Head,en,US,friendship|monster|musical|mad scientist|self love|surgical stitches|charlatan|freak show|absurd|hilarious|stitch head|defiant|emotional abuse & manipulation,,2026-10-03
1214684,Kiss of the Spider Woman,en,US,prison|based on novel or book|politics|homophobia|male friendship|musical|based on play or musical|male homosexuality|argentina|torture|informant|fantasy sequence|revolutionary|lgbt|political corruption|non conformity|dirty war|window dresser|political prisoner|1980s|film within a film|latin america|gay theme|musical adaptation|transgender|political drama|audacious|bold|quid pro quo|musical drama,Hulu,2026-10-03
1214931,Nuremberg,en,US,"based on novel or book|world war ii|nuremberg trials|based on true story|nuremberg, germany|post world war ii|historical drama|1940s|hermann göring",Netflix|Netflix Standard with Ads,2026-10-03
1217690,Homestead,en,US,based on novel or book|sense of guilt|post-apocalyptic future|dysfunctional family|homestead|community spirit|family dynamics|tv pilot|christian film|independent film|self-redemption,fuboTV|Paramount Plus Premium|Paramount+ Amazon Channel|Paramount+ Roku Premium Channel|Angel Studios,2026-10-03
1218925,Chainsaw Man - The Movie: Reze Arc,ja,JP,manipulation|gore|sequel|tragedy|loneliness|chainsaw|based on manga|tragic romance|mysterious|shounen|frantic|anime|philosophical|dark romance|thought provoking|loving|introspective|depressed|dramatic|bitter|awestruck|distressing|optimistic,Crunchyroll|Crunchyroll Amazon Channel,2026-10-03
1220515,Treasure,en,US,,Netflix|Netflix Standard with Ads,2026-10-03
1220564,The Secret Agent,pt,BR,police|professor|1970s|secret agent|dictatorship|on the run|recife|brazilian politics|brazil|ditadura militar brasileira,Hulu,2026-10-03
1223601,Sisu: Road to Revenge,fi,FI,sequel|1940s|karelia|survival instinct|immortal hero|mythic war survival|relentless vengeance|primal brutality|hostile wilderness warfare|soviet army|explosive confrontation|northern harshness|finnish frontier|post‑war tension,Netflix|Netflix Standard with Ads,2026-10-03
1225572,Screamboat,en,CA,monster|based on cartoon|independent film|slasher horror|fight for survival,Amazon Prime Video|Amazon Prime Video with Ads|Bloodstream,2026-10-03
1226406,Love Hurts,en,US,estate agent|martial arts|sibling relationship|hitman|strip club|organized crime|embezzler|martial artist|real estate agent|valentine's day|embezzlement|worlds collide|action comedy|hidden past|team up|video arcade|violent sibling|russian mob|poet warrior|former assassin|organised crime,Peacock Premium|Peacock Premium Plus,2026-10-03
1226578,Longlegs,en,US,"homicide|fbi|religion and supernatural|haunting|satanism|barn|satanist|code|oregon, usa|flashback|murder|serial killer|religion|female protagonist|corpse|series of murders|violent death|killing spree|catholic|death|death in family|occult|satanic cult|clairvoyant|crime spree|rookie|crime investigation|manic|sadistic psychopath|unsettling|scary doll|accomplice|1990s|dread|creepy doll|psychological terror|complex|singing in a car|haunted doll|homicide investigation|supernatural horror|female investigator|children in danger|psychological horror",Hulu,2026-10-03
1226863,The Super Mario Galaxy Movie,en,US,galaxy|friendship|sibling relationship|space travel|sequel|space|based on video game|buddy comedy|aftercreditsstinger|duringcreditsstinger|space adventure|father son relationship|parallel universe|brother brother relationship|talking animal|magic land|3d animation|adoring,Peacock Premium|Peacock Premium Plus,2026-10-03
1227877,I Love Boosters,en,US,department store|surreal|fashion designer|fashion|shoplifting|clothes|macabre|aftercreditsstinger|shoplifter|absurdism|provocative|absurd|critical|witty|whimsical|amused|reselling,,2026-10-03
1228246,Five Nights at Freddy's 2,en,US,killer robot|pizzeria|sequel|serial killer|security guard|based on video game|theme park|dead children|aftercreditsstinger|duringcreditsstinger|haunted attractions|night guard|animatronic|possessed doll|supernatural horror|ghost child|slasher horror|android horror,Netflix|Netflix Standard with Ads,2026-10-03
1228710,The Mandalorian and Grogu,en,US,galaxy|bounty hunter|spin off|space opera|space adventure|based on tv series|master apprentice relationship,Disney Plus,2026-10-03
1229349,Yolo,zh,CN,remake|boxing,,2026-10-03
1230368,Springsteen: Deliver Me from Nowhere,en,US,depression|based on novel or book|biography|mental health|singer-songwriter|curious|1980s|introspective,Hulu,2026-10-03
1232546,Until Dawn,en,US,witch|haunting|abandoned house|survival|memory loss|time loop|bear trap|slasher|exploding body|death|based on video game|creature feature|wendigo|murder mystery|butterfly effect|supernatural horror|body horror|psychological horror|horror|missing people,Netflix,2026-10-03
1232933,Fear Below,en,AU,shark|diver|independent film|bullshark,Hulu,2026-10-03
1233208,Santosh,fr,FR,widow|female protagonist|police officer|biting|female police officer|innocent murder,Metrograph,2026-10-03
1233413,Sinners,en,US,"chicago, illinois|capitalism|ku klux klan|musician|immortality|vampire|cousin|surrealism|sin|alcoholism|vampire hunter (slayer)|church|twins|blunt|estranged wife|dual role|cousin relationship|death of daughter|blues music|aftercreditsstinger|klansmen|1990s|1930s|salvation|assimilation|chinese immigrant|brother brother relationship|southern gothic|afro-descendants|supernatural horror|playful|train station|mississippi|frightened",HBO Max Amazon Channel|HBO Max,2026-10-03
1233575,Black Bag,en,US,"london, england|husband wife relationship|spy|zurich|marriage|suspicion|dinner|intelligence officer|calm|polygraph|modest",Peacock Premium|Peacock Premium Plus,2026-10-03
1234731,Anaconda,en,US,snake|animal attack|amazon rainforest|film in film|jungle|reptile|anaconda|reboot|animal horror|meta|bold|cliché|demeaning,Netflix|Netflix Standard with Ads,2026-10-03
1234821,Jurassic World Rebirth,en,US,island|secret mission|tyrannosaurus rex|spinosaurus|sequel|stranded|dinosaur|family|genetic experiment|mosasaurus|indifferent,Netflix|Netflix Standard with Ads,2026-10-03
1235246,Christmas Karma,en,IN|GB|US,"london, england|based on novel or book|businessman|1970s|musical|uganda|mariachi|miser|christmas|idi amin|class discrimination|refugee crisis|racial discrimination|scrooge|british asian|a christmas carol|bollywood|redemption arc",,2026-10-03
1235499,The Last Showgirl,en,US,female friendship|female protagonist|las vegas|audition|showgirl|woman director|mother daughter relationship,Hulu,2026-10-03
1236153,Mercy,en,US,"race against time|mission|artificial intelligence (a.i.)|bomb|kidnapping|dystopia|cop|los angeles, california|false accusations|innocent suspect|father daughter relationship|criminal justice system|evidence room|near future|screenlife|alcoholic cop|crime",Amazon Prime Video|fuboTV|MGM+ Amazon Channel|Philo|MGM Plus Roku Premium Channel|MGM Plus|Amazon Prime Video with Ads,2026-10-03
1236419,Piece by Piece,en,US,musical|biography|coming of age|live action and animation|lego|psychotropic drugs|music documentary|3d animation|experimental documentary|animated documentary|bikini babes,Amazon Prime Video|Amazon Prime Video with Ads,2026-10-03
1239134,Bhooth Bangla,hi,IN,"haunted house|black magic|based on myths, legends or folklore|supernatural horror|indian mythology|comedy horror|supernatural comedy",Netflix|Netflix Standard with Ads,2026-10-03
1239655,Friendship,en,US,drug dealer|jealousy|husband wife relationship|marriage crisis|obsession|florist|dark comedy|male friendship|drug trip|neighbor|toupee|bromance|home invasion|quicksand|fired from the job|missing person|marital separation|toad|handgun|aqueduct|mental desintegration|tv news anchor|perception|hero worship|missing wife|complex|breaking and entering|mental break|public meltdown|absurd|sick wife|odd neighbor|hilarious|weatherman|sewers|nosebleed|adult friends|cancer free,HBO Max Amazon Channel|Cinemax Amazon Channel|HBO Max|Cinemax Apple TV channel,2026-10-03
1240889,Teenage Sex and Death at Camp Miasma,en,US,sexuality|trauma|satire|casting|loss of virginity|remake|lesbian relationship|marijuana|serial killer|camp|slasher|polyamory|recluse|lgbt|camp counselor|aftercreditsstinger|older woman younger woman relationship|talent agent|transphobia|meta|zoom call|psychosexual|independent film|transgender|actress|filmmaker|final girl|hilarious|nonbinary director|adoring|audacious|bold|comforting|distorted reality,MUBI|MUBI Amazon Channel,2026-10-03
1241436,Warfare,en,US,u.s. navy seal|docudrama|iraq war|platoon|desert|behind enemy lines|real time|rookie|post 9/11|2000s,HBO Max Amazon Channel|HBO Max,2026-10-03
1241634,Saiyaara,hi,IN,romantic|romance musical|young adult romance,Netflix|Netflix Standard with Ads,2026-10-03
1241921,A Big Bold Beautiful Journey,en,IE|US,door|journey|memories,Netflix|Netflix Standard with Ads,2026-10-03
1241982,Moana 2,en,US,sea|ocean|villain|musical|sequel|coming of age|explorer|duringcreditsstinger|polynesia|giant crab|seafarer|3d animation|hopeful|female explorer,Disney Plus,2026-10-03
1242011,Together,en,US,countryside|musician|cave|cult|woods|romance|teacher|church|couple|psychotic|supernatural horror|body horror|psychological horror|baffled,Hulu,2026-10-03
1242265,Fuze,en,GB,"london, england|bomb|heist|betrayal|surveillance|paranoid|father son relationship|mother son relationship|malicious|plot twist|conspiracy thriller|techno thriller",HBO Max Amazon Channel|HBO Max,2026-10-03
1242332,Normal,en,US,small town|sheriff|bank robbery|small town sheriff|corrupt mayor|secret benefactor|criminal plot|criminal conspiracy|small town minnesota,HBO Max Amazon Channel|HBO Max,2026-10-03
1242419,Roofman,en,US,"based on true story|fugitive|toy store|escaped prisoner|armed robbery|hiding out|ex-elite soldier|former soldier|mcdonald's|charlotte, north carolina|escape from prison|u.s. army ranger",Amazon Prime Video|fuboTV|MGM+ Amazon Channel|Paramount Plus Premium|Paramount Plus Essential|Philo|Paramount+ Amazon Channel|MGM Plus|Paramount+ Roku Premium Channel|Amazon Prime Video with Ads,2026-10-03
1242434,Highest 2 Lowest,en,US,new york city|based on novel or book|ransom|remake|based on movie|moral dilemma|insecure|police procedural|absurd|arrogant|conceited|pretentious,Apple TV|Apple TV Amazon Channel,2026-10-03
1242526,Sound of Hope: The Story of Possum Trot,en,US,mentally disabled|child abuse|jealousy|prayer|forgiveness|pastor|texas|foster parents|disabled child|gospel|based on true story|dysfunctional family|domestic violence|death of mother|religious film|east texas|foster care|1990s|coping mechanisms|unconditional love|foster mom|christian film|black community|traumatized child|child sexual abuse|christian faith|inspirational|black stories|period piece|psychological trauma|broken trust|based on real person,Angel Studios,2026-10-03
1242898,Predator: Badlands,en,US,sequel|survival|outcast|alien planet|spin off|casual|team up|vibrant|hostile alien wilderness|relentless hunt|intense creature combat|deadly pursuit|invisible predator|territorial threat|unexpected alliances|hostile terrain|unknown world|deadly environment|hunter vs hunted|stealth pursuit,Hulu,2026-10-03
1244944,The Woman in the Yard,en,US,suicide|widow|car accident|single mother|family|death|mental health|death of husband|isolated farmhouse|supernatural horror|suspense|psychological horror|absurd|horror|ambivalent,Amazon Prime Video|Peacock Premium|Amazon Prime Video with Ads|Peacock Premium Plus,2026-10-03
1245347,Twinless,en,US,friendship|jealousy|support group|obsession|lie|male friendship|stalker|deception|liar|grief|bereavement|death|lgbt|dual role|identical twin|thoughtful|loss of brother|compulsive liar|gay theme|death of sibling|boys' love (bl)|twin|twin separation|empathetic|sincere|pathological liar,Hulu,2026-10-03
1245993,Caught Stealing,en,US,new york city|based on novel or book|cat|dark comedy|baseball bat|criminal underworld|duringcreditsstinger|detached|1990s|dramatic|suspenseful|urgent,Netflix|Netflix Standard with Ads,2026-10-03
1246049,Dracula,fr,FR,"paris, france|vampire|beheading|parfum|gargoyle|gothic horror|music box|eternal love|19th century|15th century|loss of wife|dracula",,2026-10-03
1249213,Drop,en,US,photographer|date|widow|restaurant|psychological thriller|whodunit|single mother|phone|murder mystery|mystery|thriller|threatening behavior,Amazon Prime Video|Peacock Premium|Amazon Prime Video with Ads|Peacock Premium Plus,2026-10-03
1255795,Putin,en,PL,artificial intelligence (a.i.)|1970s|troubled childhood|revisionist history|rise to power|historical drama|vladimir putin|1980s|1960s|1990s|2000s|independent film|fictionalized history|political drama|cgi effects,,2026-10-03
1259024,Good Bad Ugly,ta,IN,gangster|pop culture|breaking the fourth wall|action comedy|hidden past,Netflix|Netflix Standard with Ads,2026-10-03
1259102,Eternity,en,US,afterlife|widow|marriage|romcom|woman between two men|first love|death of husband|eternity|death of spouse|reflective|difficult choice|memories|loving|fantasy|reminiscent|souls,Apple TV|Apple TV Amazon Channel,2026-10-03
1263012,Dead Man's Wire,en,US,banker|kidnapping|hostage|1970s|dark comedy|indianapolis|based on true story|courtroom|hostage negotiator|standoff|radio host|duringcreditsstinger|mortgage|father son relationship|cautionary|private equity,Netflix|Netflix Standard with Ads,2026-10-03
1265063,After the Hunt,en,US,husband wife relationship|philosophy|narcissism|plagiarism|yale university|female protagonist|psychological thriller|ulcer|generation gap|sexless marriage|sexual assault|college professor|academia|accusation|complex|malicious|2010s|student mentor relationship|affair|philosophy professor|tenure|ambiguous|ambivalent|complicated|impartial,Amazon Prime Video|Amazon Prime Video with Ads,2026-10-03
1265827,Retro,ta,IN,gangster|chosen one|revenge|angry|aggressive|1990s|violent lover|saviour,Netflix|Netflix Standard with Ads,2026-10-03
1266127,Ready or Not: Here I Come,en,US,escape|ritual|dark comedy|satanism|gore|pact with the devil|sequel|cat and mouse|game|exploding body|satanic ritual|satanic cult|estranged sister|sister sister relationship|satanic|sisters|death game|horror|hilarious|intense,Hulu,2026-10-03
1267905,The Roses,en,GB|US,husband wife relationship|based on novel or book|dark comedy|remake|failing marriage|aspiring architect|jealous of someone's success|female chef|critical|intense,Hulu,2026-10-03
1272837,28 Years Later: The Bone Temple,en,GB,england|satanism|cult|sequel|zombie|crucifix|survival horror|satanic cult|zombie apocalypse|woman director|northumberland|post-apocalyptic,Netflix|Netflix Standard with Ads,2026-10-03
1273221,Scary Movie,en,US,parody|sequel|slapstick comedy|crude humor|spoof|animated scene|slasher|horror spoof|dildo|reboot|duringcreditsstinger|mother daughter estrangement|legacy|offensive|complex|cosmetic surgery|weed|horror parody|social media influencer|livestream|stoner comedy|mocking|meta humor|gross out|raunchy,Paramount Plus Premium|Paramount Plus Essential|Paramount+ Amazon Channel|Paramount+ Roku Premium Channel,2026-10-03
1275574,O'Romeo,hi,IN,based on novel or book|based on true story|organized crime|gang warfare|romantic thriller,Amazon Prime Video|Amazon Prime Video with Ads,2026-10-03
1275779,Disclosure Day,en,US,new york city|childhood trauma|alien|on the run|kansas city|mind reading|alien invasion|meteorologist|mysterious|paranoid|whistleblower|conspiracy thriller|arrogant,,2026-10-03
1278263,The Seed of the Sacred Fig,fr,FR,police brutality|husband wife relationship|court|judge|politics|paranoia|mistrust|family dynamics|mother daughter relationship|sister sister relationship,Hulu,2026-10-03
1278827,The Wedding Banquet,en,US,new york city|romcom|marriage of convenience|remake|male homosexuality|gay marriage|green card|lgbt|gay theme|lesbian|ivf treatment|korean culture,fuboTV|Paramount Plus Premium|Paramount+ Amazon Channel|Paramount+ Roku Premium Channel,2026-10-03
1280282,Gabby's Dollhouse: The Movie,en,US,friendship|magic|cat|mermaid|musical|coming of age|growing up|breaking the fourth wall|tragic villain|duringcreditsstinger|live action and animation|childhood innocence|based on tv series|grandmother granddaughter relationship|imagination|3d animation|cat lady,Netflix|Netflix Standard with Ads,2026-10-03
1280450,Stolen Girl,en,GB|US,,Amazon Prime Video|Philo|Amazon Prime Video with Ads,2026-10-03
1280672,One of Them Days,en,US,roommates|ghetto|female friendship|rent|racism|best friends|hilarious|farcical|vibrant,Hulu,2026-10-03
1280738,The Furious,zh,CN|HK,martial arts|kung fu|rescue mission|police corruption|child trafficking|child kidnapping|missing wife|child rescue|relentless vengeance|dynamic duo,Philo|Starz Amazon Channel|Starz|Starz Apple TV channel|Starz Roku Premium Channel,2026-10-03
1284046,Onslaught,en,US,gore|serial killer|super soldier|mercilessness|slasher|soldier|survival horror|military|government conspiracy|child protection|protective mother|death squads|mass slaughter|brutal violence|survival thriller,,2026-10-03
1284120,The Ugly Stepsister,no,NO,satire|based on fairy tale|beauty standards|stepmother stepdaughter relationship|independent film|body horror|psychological horror|horror|cinderella story|baffled|exuberant|forceful,Hulu|Philo|AMC Plus Apple TV channel|AMC+ Amazon Channel|AMC+ Roku Premium Channel|AMC+|Shudder|Shudder Amazon Channel|Shudder Apple TV channel,2026-10-03
1284465,The Death of Robin Hood,en,US,"robin hood|based on myths, legends or folklore|grim|salvation|grimdark",,2026-10-03
1285965,Dangerous Animals,en,US,shark attack|animal attack|tape|serial killer|creature|shark|held captive|survival horror|tape recording  |killer shark|ritual sacrifice|animal horror|female surfer|psychological horror|horror,Hulu|Philo|AMC Plus Apple TV channel|AMC+ Amazon Channel|AMC+ Roku Premium Channel|AMC+|Shudder|Shudder Amazon Channel|Shudder Apple TV channel,2026-10-03
1287322,Christy,en,US,attempted murder|based on true story|west virginia|domestic violence|female boxing|boxing|1990s|sports drama|admiring|assertive|based on real person|biographical drama,HBO Max Amazon Channel|HBO Max,2026-10-03
1288059,I Want Your Sex,en,US,"eroticism|artist|satire|muse|sexual harassment|sexual art|mansion|los angeles, california|art gallery|masturbation|sexual desire|threesome|dildo|missing person|bdsm|lgbt|police interrogation|generation z|independent film",,2026-10-03
1288072,Keeper,en,CA,cake|supernatural|woods|torture|couple|anniversary|folk horror|psychological horror|supernatural presence|remote cabin|ominous silence|occult ritual|ancestral curse|mind distortion|unreliable reality|emotional rupture|shared guilt,Hulu,2026-10-03
1288445,Mutiny,en,US,revenge|conspiracy|one man army|cargo ship|framed for murder,,2026-10-03
1289936,Downton Abbey: The Grand Finale,en,GB|US,con man|scandal|sequel|playwright|historical fiction|aristocrat|horse racing|lgbt|financial crisis|historical drama|aristocracy|1930s|series finale|downton abbey|father daughter relationship|sister sister relationship|based on tv series|multi generational|wistful|20th century|romantic drama|admiring|appreciative|celebratory|cheerful,Netflix|Netflix Standard with Ads,2026-10-03
1290190,Lokah Chapter 1: Chandra,ml,IN,female superhero|vampiress (female vampire)|supernatural ability|wayfarer cinematic universe (wcu),,2026-10-03
1290821,Shelter,en,GB|US,home invasion|mysterious girl|ghosts of the past|isolated island|child protection|audacious|solitary life|hidden secret|close‑quarters combat|dangerous escalation|storm rescue|unexpected threat|violent assault|protective instinct|lone protector|intense action thriller|siege situation,Philo|Starz Amazon Channel|Starz|Starz Apple TV channel|Starz Roku Premium Channel,2026-10-03
1291335,Solo Mio,en,US,"rome, italy|italy|sadness|honeymoon|romcom|loneliness|abandonment|relaxed|left at the altar",Hulu|Angel Studios,2026-10-03
1291595,Insidious: Out of the Further,en,US,supernatural|halloween|haunted house|cult|sequel|evil spirit|demon|dentist|other dimension|mother daughter relationship|insidious|supernatural horror|horror,,2026-10-03
1291608,Dhurandhar,hi,IN,espionage|political party|politics|patriotism|nationalism|gore|pakistan|torture|terrorism|terrorist attack|gun violence|bloodshed|political corruption|1990s|spy thriller|2000s|international espionage,Netflix|Netflix Standard with Ads,2026-10-03
1292695,They Will Kill You,en,US,"new york city|ritual|abusive father|gore|cult|survival|disappearance|housekeeper|survival horror|high rise|satanic cult|manhattan, new york city|aftercreditsstinger|sister sister relationship|playful|mysterious disappearance|action horror",HBO Max Amazon Channel|HBO Max,2026-10-03
1297181,Madharaasi,ta,IN,terrorist attack|psychological disorder,Amazon Prime Video|fuboTV|Amazon Prime Video with Ads,2026-10-03
1297842,GOAT,en,US,underdog|friendship|sports|allies|ambition|bullying|challenge|basketball|rivalry|coming of age|anthropomorphism|animals|intimidation|stereotype|basketball team|basketball player|big dreams|imaginary world|sneakers|vulture|playful|talking animal|anthropomorphic animal|athlete|feelgood|inspirational|enemy|courage|heartwarming|exciting|fantasy sports|admiring|amused|joyful|sports comedy,Netflix|Netflix Standard with Ads,2026-10-03
1301421,The Sheep Detectives,en,GB|US,shepherd|based on novel or book|investigation|murder|aftercreditsstinger|murder mystery|investigate|talking animal|inspirational|whodunnit|animal adventure|bumbling detective,Amazon Prime Video|Amazon Prime Video with Ads,2026-10-03
1302904,Practical Magic 2,en,US,witch|based on novel or book|magic|halloween|family relationships|sequel|family|legacy,,2026-10-03
1302916,Heart Eyes,en,US,"marriage proposal|commercial|holiday|detective|seattle, washington|carousel |female friendship|coffee shop|drive-in theater|serial killer|slasher|police station|killing spree|couple|campy|valentine's day|murder mystery|kink|holiday horror|audacious",Netflix,2026-10-03
1304313,Lee Cronin's The Mummy,en,IE|US,journalist|egypt|monster|ritual|kidnapping|pyramid|investigation|supernatural|mummy|possession|disappearance|curse|demon|tomb|missing person|mysterious|monster movie|supernatural horror|body horror|bewildered|frightened,HBO Max Amazon Channel|HBO Max,2026-10-03
1305781,Blades of the Guardians,zh,CN,martial arts|bounty hunter|nostalgic|wuxia|historical drama|historical epic|a.d. anno domini|based on manhua|grand|dramatic,,2026-10-03
1307373,Wasteman,en,GB,prison|male friendship|addiction|drug dealing|parole|parolee|estranged son|british prison|prison yard|prison drama,MUBI|MUBI Amazon Channel,2026-10-03
1308767,Young Washington,en,US,based on novel or book|biography|period drama|18th century|duringcreditsstinger|historical drama|inspirational|bold|exhilarated|hopeful|george washington|biographical drama,Angel Studios|Wonder Project Amazon Channel,2026-10-03
1309012,Altered,en,CA,furious,Amazon Prime Video|Amazon Prime Video with Ads,2026-10-03
1311031,Demon Slayer: Kimetsu no Yaiba Infinity Castle,ja,JP,supernatural|sequel|based on manga|demon|shounen|anime|brother sister relationship|taisho period,Hulu|Netflix|Amazon Prime Video|Crunchyroll|Crunchyroll Amazon Channel|Netflix Standard with Ads|Amazon Prime Video with Ads,2026-10-03
1314481,The Devil Wears Prada 2,en,US,new york city|based on novel or book|sequel|fashion|fashion magazine|dramedy|magazine editor|fashion industry|fashionista|whimsical|ambiguous,Hulu|Disney Plus,2026-10-03
1315303,Primate,en,US,hawaii|pet|chimpanzee|animal attack|gore|survival|monkey|survival horror|rabies|primate|mongoose|animal horror|pool party|pool|party|teen horror|horror|animal,Amazon Prime Video|Amazon Prime Video with Ads,2026-10-03
1315772,Minions & Monsters,en,US,magic|sequel|alien|prequel|hollywood|spin off|henchman|filmmaking|silent film|framing device|duringcreditsstinger|women's suffrage|1920s|humanoid robot|3d animation|monsters|hilarious|vibrant|early sound film,,2026-10-03
1316092,“Wuthering Heights”,en,GB|US,dying and death|infidelity|based on novel or book|forbidden love|grief|orphan|period drama|sexual sadism|kinky|foster child|18th century|woman director|gothic romance|whitewashing|passion and romance|romantic drama|violence|romantic|gothic period|pettiness|period romance|sensual|steamy romance,Amazon Prime Video|HBO Max Amazon Channel|HBO Max|Amazon Prime Video with Ads,2026-10-03
1317088,The Assessment,en,US,virtual reality|dystopia|desire to have children|dyslexic|woman director|oral sex|forced sex|assessment|ghoulish,Hulu|Amazon Prime Video|Amazon Prime Video with Ads,2026-10-03
1317149,I Swear,en,GB,scotland|dark comedy|biography|based on true story|alienation|outcast|tourette syndrome|docudrama|1980s|1990s|triumph over adversity|based on real person|tragedy drama,Netflix|Netflix Standard with Ads,2026-10-03
1317288,Marty Supreme,en,US,new york city|sports|capitalism|hustler|narcissism|ping pong|scheming|1950s|dedication|american businessman|table tennis|amused|bewildered,HBO Max Amazon Channel|HBO Max,2026-10-03
1318413,Pressure,en,GB,weather forecast|world war ii|metereologist|d-day|historical drama|1940s|extreme weather|matter of fact|unexpected problems|high‑stakes mission,Peacock Premium|Peacock Premium Plus,2026-10-03
1319969,Sketch,en,US,based on short film|serene|amused|awestruck,Angel Studios,2026-10-03
1320637,Am I Racist?,en,US,politics|racism|disguise|obnoxious|self-loathing|satirical|ironic|provocative|witty|hilarious|objective,,2026-10-03
1321173,A Blind Bargain,en,US,mad scientist|remake|independent film|horror remake,,2026-10-03
1321179,The King's Warden,ko,KR,coup d'etat|exile|based on true story|king|period drama|middle ages (476-1453)|historical drama|depose|nobleman|15th century|joseon dynasty (1392–1910)|based on real person|the gyeyu rebellion,Rakuten Viki,2026-10-03
1323409,Dracula,ro,RO,artificial intelligence (a.i.)|transylvania|vampire|satire|anthology|vulgarity|zombie|labor strike|phallic symbol|vignette|folktale|interactive|dracula|niche|minimalist|union struggle|independent film|absurd|audacious|penis|vlad the impaler|comedy horror,MUBI,2026-10-03
1325678,Sarah's Oil,en,US,based on novel or book|based on true story|oil|pre-teen|1900s|adult child friendship|christian faith|independent film|20th century,Amazon Prime Video|Amazon Prime Video with Ads|Wonder Project Amazon Channel,2026-10-03
1325734,The Drama,en,US,"infidelity|boston, massachusetts|dark comedy|romcom|engaged couple|trust issues|provocative|amused|audacious|complicated",HBO Max Amazon Channel|HBO Max,2026-10-03
1327819,Hoppers,en,US,"human vs nature|spy|beaver|oregon, usa|transhumanism|consciousness|aftercreditsstinger|duringcreditsstinger|human becoming an animal|robotic animal|mischievous|3d animation|amused|bold|enthusiastic|pixar",Disney Plus,2026-10-03
1327862,Regretting You,en,DE|US,high school|based on novel or book|aunt niece relationship|north carolina|death of father|car crash|underage drinking|tragedy|family drama|death of husband|underage smoking|death of wife|complex relationship|mother daughter relationship|sister sister relationship|grandfather grandson relationship|2000s|high school romance|loss of husband|cinephile|admiring|adoring|amused|bold|exhilarated|marijuana use|loss of father,Amazon Prime Video|fuboTV|MGM+ Amazon Channel|Paramount Plus Premium|Paramount Plus Essential|Philo|Paramount+ Amazon Channel|MGM Plus|Paramount+ Roku Premium Channel|Amazon Prime Video with Ads,2026-10-03
1328803,Prisoner of War,en,US,world war ii|prisoner of war|mental breakdown|struggle for survival|death match|internment camp|military operation|1940s|prisoner abuse|cliché|pow camp|forced combat|captured pilot|japanese officers|martial arts skills|resistance spirit|fear manipulation,Amazon Prime Video|ViX Premium Amazon Channel|Amazon Prime Video with Ads|Hi-YAH Amazon Channel,2026-10-03
1329016,Tony,en,US,"new jersey|1970s|lie|restaurant|crush|food|summer|chef|aspiring writer|dishwasher|provincetown, massachusetts|culinary arts|late coming of age|book writing|independent film|biographical drama|drama comedy|biographical comedy|biopic",,2026-10-03
1337562,Splitsville,en,US,fish|pottery|fraud|birthday party|open relationship|car accident|break-up|divorce|admiring|approving|baffled|brisk|celebratory,Hulu,2026-10-03
1340206,Tuner,en,CA|US,robbery|mentor|child prodigy|romance|theft|pianist|disability|headphones|tuner|piano|hearing impaired|lyrical|noise|piano tuner|safecracking|hyperacusis|medical bills|hearing condition|hearing disorder|perfect pitch,Paramount Plus Premium|Paramount Plus Essential|Paramount+ Amazon Channel|Paramount+ Roku Premium Channel,2026-10-03
1341138,Spa Weekend,en,US,female friendship,,2026-10-03
1352624,The Mastermind,en,US,vietnam war|1970s|massachusetts|father|heist|on the run|new england|woman director|art heist,MUBI|MUBI Amazon Channel,2026-10-03
1364608,Anemone,en,US,family relationships|family dynamics|father son relationship|brother brother relationship,Netflix|Netflix Standard with Ads,2026-10-03
1367642,Reminders of Him,en,US,"wyoming, usa|based on novel or book|loss of loved one|release from prison|mistake|car accident|second chance|ex-con|child custody|return to hometown|romantic drama|romantic|apologetic|melodramatic|broken relationships|forgiveness and reconciliation|parental struggle|reconnecting with child|protective motherhood",Peacock Premium|Peacock Premium Plus,2026-10-03
1368166,The Housemaid,en,US,based on novel or book|manipulation|psychological thriller|housekeeper|dominance|attic|housemaid|enigmatic|vindictive|adaptation|secret|mystery|suspense thriller|ambiguous|antagonistic|authoritarian|cruel|power shift|social disparity,Philo|Starz Amazon Channel|Starz|Starz Apple TV channel|Starz Roku Premium Channel,2026-10-03
1368314,Passenger,en,US,stalker|road trip|evil spirit|couple|frantic|demonic|supernatural horror|vanlife|baffled,Paramount Plus Premium|Paramount Plus Essential|Paramount+ Amazon Channel|Paramount+ Roku Premium Channel,2026-10-03
1368337,The Odyssey,en,GB|US,"ship|trojan war|greek mythology|historical fiction|ancient world|period drama|based on song, poem or rhyme|greek history|voyage|peplum|ancient|trojan horse|mediterranean sea|bronze age|mythical|odyssey|sword and sandal|epic fantasy",,2026-10-03
1371185,Song Sung Blue,en,US,wisconsin|based on true story|based on movie|milwaukee wisconsin|tribute band|sentimental|biographical drama|based on documentary,Netflix|Netflix Standard with Ads,2026-10-03
1374686,Light of the World,en,IE|US,bible|religious film|jesus christ|christian film|christian faith|family animation,,2026-10-03
1375441,Primetime,en,US,"pedophilia|infidelity|florida|new york city|husband wife relationship|journalism|texas|surrealism|based on true story|connecticut|hidden camera|confrontation|sting operation|taunting|network|online predator|based on magazine, newspaper or article|malicious|burbank|2000s|reality tv",,2026-10-03
1379266,Kokuho,ja,JP,"based on novel or book|rivalry|cross dressing|period drama|gender roles|lgbt|kabuki|1960s|theater performance|nagasaki, japan|grand|japanese culture|festival chéries chéris",,2026-10-03
1379520,Rule Breakers,en,US,based on true story|educational|robotics|2010s|courage|family dinamics,Angel Studios,2026-10-03
1380316,Is God Is,en,US,child abuse|fire|twin sister|based on play or musical|twin brother|revenge|arson|family abandonment|domestic violence|rage|twins|all black cast|dying mother|disfigured face|burn victim|neo-western|disfigurement|bedridden|woman director|aggressive|sister sister relationship|southern gothic|revenge thriller|abused child|fire accident|female rage|father daughter estrangement|directorial debut,Amazon Prime Video|fuboTV|MGM+ Amazon Channel|Philo|MGM Plus Roku Premium Channel|MGM Plus|Amazon Prime Video with Ads,2026-10-03
1380405,The Chosen: Last Supper,en,US,jesus christ|marie|jesus|chosen,,2026-10-03
1380415,The Last Supper,en,US,apostle|last supper|bible|judas|betrayal by friend|religious film|jesus christ|christian film|christian faith|independent film|biblical|arrogant|cliché,Pure Flix|Great American Pure Flix Amazon Channel,2026-10-03
1380417,By Any Means,en,US,hitman|ku klux klan|based on true story|mafia|1960s|white savior|civil rights movement|fbi agent|mississippi|unlikely partners,,2026-10-03
1380682,The Last Rodeo,en,US,bullfighting|matador (bullfighter)|bull riding|contests and competitions|estranged friend|christian faith|independent film|faith and religion,Angel Studios,2026-10-03
1384216,The Dog Stars,en,US,"based on novel or book|dystopia|denver, colorado|pilot|colorado|grief|pandemic|detached|lonely man|death of wife|scavengers|loving|joyful|group|dogs|post-apocalyptic",,2026-10-03
1397364,La Grazia,it,IT,moral crisis|presidency,MUBI|MUBI Amazon Channel,2026-10-03
1401281,The Testament of Ann Lee,en,US,new york city|christianity|celibacy|musical|evangelical christianity|18th century|woman director|meditative|manchester|repression|religious leader|provocative|admiring|adoring|exhilarated|tragic|based on real person|shakers,Hulu,2026-10-03
1405769,I Can Only Imagine 2,en,US,musician|abusive father|redemption|based on true story|sequel|singer-songwriter|father son relationship|christian film|christian faith|independent film|contemporary christian music|biographical drama,Philo|Starz Amazon Channel|Starz|Starz Apple TV channel|Starz Roku Premium Channel,2026-10-03
1408208,Exit 8,ja,JP,exit|based on video game|found footage|station|anomaly|cautionary|introspective|psychological|liminal|metro|psychological horror|liminal space|bewildered|ominous|liminal horror|found footage adjacent|endless cycle|exit 8,Philo|AMC Plus Apple TV channel|AMC+ Amazon Channel|AMC+ Roku Premium Channel|AMC+|Shudder,2026-10-03
1413097,Melania,en,US,"immigrant|washington dc, usa|presidential election|politics|first lady|fashion|inauguration|controversial",Amazon Prime Video|Amazon Prime Video with Ads,2026-10-03
1422562,The Moment,en,US,"london, england|concert|pop star|narcissism|controversy|ibiza|scandal|mockumentary|biting|price of fame|apology|nostalgic|social media|frantic|satirical|complex|playful|meta|independent film|provocative|didactic|dramatic|suspenseful|hilarious|intense|bold|euphoric|exhilarated|exuberant|farcical|powerful|sardonic|wry",HBO Max Amazon Channel|HBO Max,2026-10-03
1423191,Resident Evil,en,US,outbreak|survival|decapitation|zombie|based on video game|survival horror|reboot|zombie apocalypse|courier service|hopeless|body horror|grand|absurd|arrogant|condescending|disrespectful|pessimistic|zombie horror,,2026-10-03
1430077,Hokum,en,US,hotel|witch|mushroom|supernatural|grave|gothic horror|alcoholic|gothic|novelist|elevator|mysterious|folk horror|haunted|supernatural horror|remote inn|rural ireland|horror|sinister|funeral urn,,2026-10-03
1433367,One Night Only,en,US,new york city|romcom|meet cute|searching for love|single man|single woman|lyrical|strangers|lighthearted|romantic|enthusiastic,,2026-10-03
1440050,The Breadwinner,en,US,stay-at-home dad|business trip|working mom|breadwinner|father daughter relationship|inspirational|hilarious|comforting|stay-at-home husband|family comedy,Netflix|Netflix Standard with Ads,2026-10-03
1443940,Truth & Treason,en,US|LT,nonviolent resistance|based on true story|anti-nazi resistance|historical drama|nsdap (nazi party)|1940s|courtroom drama|nazi germany|intense,Angel Studios|Wonder Project Amazon Channel,2026-10-03
1444466,Awarapan 2,hi,IN,,,2026-10-03
1455079,"You, Me & Tuscany",en,US,"villa|italy|vineyard|cousin|romcom|squatter|tuscany, italy|female chef|familiar",Peacock Premium|Peacock Premium Plus,2026-10-03
1456349,It Was Just an Accident,fr,FR,revenge|iran|shocking|political prisoner,Hulu,2026-10-03
1461254,Salmokji: Whispering Water,ko,KR,investigation|suspense|female ghost,,2026-10-03
1465063,Forgotten Island,en,US,island|female friendship|philippines|coming of age|tragic villain|memory|best friend|demon|dog|1990s|female buddy|found family|merman|3d animation|filipino|filipino mythology|winged creatures|filipino culture|manananggal|magic portal|teenage werewolf|art shift|animesque,,2026-10-03
1469342,Her Private Hell,en,US,metropolis|yakuza|surrealism|film noir|neon|vigilante|serial killer|cyberpunk|slasher|mist|missing daughter|femicide|dreamlike|stepmother stepdaughter relationship|independent film|actress|bewildered|giallo,,2026-10-03
1476682,Gail Daughtry and the Celebrity Sex Pass,en,US,"hairdresser|assistant|betrayal|los angeles, california|psychic|high school sweetheart|aftercreditsstinger|engaged couple|celebrities|assassins|celebrity hall pass|getting even|tinseltown|paparazzo",,2026-10-03
1477104,Shaun the Sheep: The Beast of Mossy Bottom,en,GB,farm|sheep|halloween|sequel|based on cartoon|horror for children|claymation|based on tv series|comedy|slapstick humor,,2026-10-03
1477712,Ice Cream Man,en,US|GB,gore|murder|serial killer|summer|massacre|ice cream|ice cream man  |aftercreditsstinger|killer child|town|independent film|absurd|ai generated,,2026-10-03
1479832,DC,ta,IN,robbery|gangster|murder|extortion,Sun Nxt,2026-10-03
1500536,Dead to Rights,zh,CN,photography|grave|based on true story|second sino-japanese war (1937-45)|period drama|nanking massacre china 1937|historical drama|1940s|photo studio|1930s|nanjing|serious|critical|bitter,,2026-10-03
1514026,Buddy,en,US,supernatural|dark comedy|gore|slasher|madness|unicorn|tv host|suburban|supernatural horror|independent film|missing children|kids show,,2026-10-03
1515899,Billie Eilish - Hit Me Hard and Soft: The Tour (Live in 3D),en,US,concert film|documentary|comforting|enchant,Paramount Plus Premium|Paramount Plus Essential|Paramount+ Amazon Channel,2026-10-03
1541560,Stop! That! Train!,en,US,post-traumatic stress disorder (ptsd)|drag queen|stewardess|female friendship|train|campy|lgbt|runaway train|disaster movie|black lgbt|action comedy|best friends|female president|gay interest|musical number,Netflix|Netflix Standard with Ads,2026-10-03
1564614,Leviticus,en,AU,supernatural|priest|teenage boy|lgbt|lgbt teen|shocking|conversion therapy|queer|supernatural horror|gay theme|queer horror|psychological|independent film|psychological horror|teen horror,,2026-10-03
1582770,Dhurandhar: The Revenge,hi,IN,undercover|espionage|politics|spy|traitor|patriotism|nationalism|gore|gang leader|pakistan|sequel|betrayal|conspiracy|torture|soldier|interrogation|terrorist attack|undercover operation|gun violence|bloodshed|political corruption|serious|intense|cruel|excited,Netflix|Netflix Standard with Ads,2026-10-03
1594914,Lucky Strike,en,US,world war ii|based on true story|behind enemy lines|battle of the bulge|1940s,,2026-10-03
1612018,Jackass: Best and Last,en,US,"stunt|sequel|prank|hilarious|jackass|sex & nudity: severe|violence & gore: severe|profanity: severe|alcohol, drugs & smoking: mild|frightening & intense scenes: severe",Paramount Plus Premium|Paramount Plus Essential|Paramount+ Amazon Channel|Paramount+ Roku Premium Channel,2026-10-03
