tmdb_id,type,type_name,date,note,certification
76600,1,premiere,2022-12-12,"Los Angeles, California",PG-13
76600,3,theatrical,2022-12-16,,PG-13
76600,4,digital,2023-03-28,,PG-13
76600,4,digital,2023-06-07,Disney+ / Max,PG-13
76600,6,tv,2023-06-10,HBO,PG-13
76600,5,physical,2023-06-20,4K Ultra HD / 3D Blu-ray / Blu-ray / DVD,PG-13
76600,5,physical,2023-12-19,4K Collector’s Edition,PG-13
76600,3,theatrical,2025-10-03,IMAX 3D Re-Release,PG-13
83533,1,premiere,2025-12-01,"Dolby Theatre, Hollywood",PG-13
83533,3,theatrical,2025-12-19,,PG-13
83533,4,digital,2026-03-31,,PG-13
83533,5,physical,2026-05-19,4K Ultra HD / 3D Blu-ray / Blu-ray / DVD,PG-13
83533,4,digital,2026-06-24,Disney+,PG-13
192139,3,theatrical,2026-08-14,,PG
192139,4,digital,2026-09-01,,PG
192139,5,physical,2026-10-20,Blu-ray / DVD,PG
245842,3,theatrical,2022-01-21,,PG
269509,3,theatrical,2023-10-20,,PG
269509,4,digital,2023-12-05,,PG
283566,4,digital,2021-08-12,Amazon Prime Video,R
283566,3,theatrical,2022-12-06,,NR
283566,2,theatrical_limited,2023-09-15,,NR
283566,4,digital,2023-10-03,,NR
283566,5,physical,2023-10-17,4K Ultra HD / Blu-ray,NR
298618,1,premiere,2023-06-12,"Los Angeles, California",PG-13
298618,3,theatrical,2023-06-16,,PG-13
298618,4,digital,2023-07-18,,PG-13
298618,4,digital,2023-08-25,Max,PG-13
298618,6,tv,2023-08-26,HBO,PG-13
298618,5,physical,2023-08-29,4K Ultra HD / Blu-ray / DVD,PG-13
299054,3,theatrical,2023-09-22,,R
299054,4,digital,2023-10-13,,R
299054,5,physical,2023-11-21,4K Ultra HD / Blu-ray / DVD,R
299054,6,tv,2024-03-20,Starz,R
299054,4,digital,2025-09-20,The Roku Channel,R
299054,4,digital,2025-11-20,Peacock,R
315162,1,premiere,2022-11-25,Lincoln Center,
315162,3,theatrical,2022-12-21,,PG
315162,4,digital,2023-01-06,,PG
315162,5,physical,2023-02-28,Blu-ray / DVD,PG
315162,4,digital,2023-03-10,Peacock,PG
315162,4,digital,2023-07-10,Netflix,PG
324544,3,theatrical,2025-03-07,,R
324544,4,digital,2025-04-08,,R
324544,5,physical,2025-06-10,Blu-ray / DVD,R
324544,4,digital,2025-07-11,Hulu,R
326316,1,premiere,2023-03-15,,R
326316,2,theatrical_limited,2023-03-31,,R
335787,3,theatrical,2022-02-18,,PG-13
335787,4,digital,2022-04-26,,PG-13
335787,5,physical,2022-05-10,Blu-ray / DVD,PG-13
335787,4,digital,2022-08-05,Netflix,PG-13
335977,1,premiere,2023-06-14,El Capitan Theatre,PG-13
335977,3,theatrical,2023-06-30,,PG-13
335977,4,digital,2023-08-29,,PG-13
335977,4,digital,2023-12-01,Disney+,PG-13
335977,5,physical,2023-12-05,4K Ultra HD / Blu-ray / DVD,PG-13
335977,6,tv,2024-11-17,ABC (The Wonderful World of Disney),PG-13
337404,1,premiere,2021-05-18,"Los Angeles, California",
337404,3,theatrical,2021-05-28,,PG-13
337404,4,digital,2021-05-28,Disney+ Premier Access,PG-13
337404,4,digital,2021-06-25,,PG-13
337404,5,physical,2021-09-21,,PG-13
338953,3,theatrical,2022-04-15,,PG-13
338953,4,digital,2022-05-30,,PG-13
338953,6,tv,2022-06-04,HBO,PG-13
338953,5,physical,2022-06-28,,PG-13
346698,1,premiere,2023-07-09,"Los Angeles, California",PG-13
346698,3,theatrical,2023-07-21,,PG-13
346698,4,digital,2023-09-12,,PG-13
346698,2,theatrical_limited,2023-09-22,IMAX,PG-13
346698,5,physical,2023-10-17,DVD / Blu-ray / 4K UHD,PG-13
346698,4,digital,2023-12-15,Max,PG-13
346698,6,tv,2023-12-16,HBO,PG-13
346698,2,theatrical_limited,2024-01-26,re-release,PG-13
361743,1,premiere,2022-05-04,USS Midway Museum,PG-13
361743,3,theatrical,2022-05-27,,PG-13
361743,4,digital,2022-08-23,,PG-13
361743,5,physical,2022-11-01,4K Ultra HD / Blu-ray / DVD,PG-13
361743,3,theatrical,2022-12-02,,PG-13
361743,4,digital,2022-12-22,Paramount+,PG-13
361743,3,theatrical,2026-05-13,Top Gun 40th anniversary re-release,PG-13
361743,4,digital,2026-09-22,Netflix,PG-13
365177,3,theatrical,2024-08-09,,PG-13
365177,4,digital,2024-08-30,,PG-13
365177,5,physical,2024-10-22,Blu-ray / DVD,PG-13
365177,6,tv,2024-12-25,Starz,PG-13
365177,4,digital,2026-06-25,The Roku Channel,PG-13
365177,4,digital,2026-08-25,Peacock,PG-13
365620,1,premiere,2023-10-13,New York Film Festival,
365620,3,theatrical,2023-12-25,,R
365620,4,digital,2024-01-23,,R
365620,5,physical,2024-03-12,DVD & Blu-ray,R
365620,4,digital,2024-05-24,Hulu,R
366672,3,theatrical,2022-07-15,,PG
366672,4,digital,2022-08-16,,PG
366672,4,digital,2022-08-29,Paramount+,PG
366672,5,physical,2022-10-18,,PG
370172,3,theatrical,2021-10-08,,PG-13
370172,4,digital,2021-11-09,Premium VOD,PG-13
370172,3,theatrical,2022-01-21,"Re-release, IMAX",
379686,3,theatrical,2021-07-16,,PG
379686,4,digital,2021-07-16,HBO Max,PG
379686,6,tv,2021-12-02,HBO,PG
385103,4,digital,2020-05-15,,PG
385103,3,theatrical,2021-05-21,,PG
385128,1,premiere,2021-06-18,"Hollywood, California",
385128,3,theatrical,2021-06-25,,PG-13
385128,4,digital,2021-07-29,PVOD,PG-13
385128,4,digital,2021-09-07,,PG-13
385128,5,physical,2021-09-21,,PG-13
385128,4,digital,2022-03-04,HBO Max,PG-13
385128,6,tv,2022-03-05,HBO,PG-13
385687,3,theatrical,2023-05-19,,PG-13
385687,4,digital,2023-06-09,,PG-13
385687,5,physical,2023-08-01,4K Ultra HD / Blu-ray / DVD,PG-13
385687,4,digital,2023-09-15,Peacock,PG-13
385687,6,tv,2025-03-15,Starz,PG-13
399566,3,theatrical,2021-03-31,,PG-13
399566,4,digital,2021-03-31,HBO Max,PG-13
399566,4,digital,2021-05-21,,PG-13
399566,5,physical,2021-06-15,Blu-ray / DVD,PG-13
402431,2,theatrical_limited,2024-10-16,Universal Studios Lot - Influencers Only,
402431,1,premiere,2024-11-09,"Los Angeles, California",
402431,1,premiere,2024-11-14,"New York City, New York",
402431,3,theatrical,2024-11-22,,PG
402431,3,theatrical,2024-12-25,Sing-Along Version,PG
402431,4,digital,2024-12-31,,PG
402431,5,physical,2025-02-04,4K Ultra HD / Blu-ray / DVD,PG
402431,4,digital,2025-03-21,Peacock,PG
402431,2,theatrical_limited,2025-06-04,Wicked Movie + Wicked: For Good Trailer Debut,PG
402431,2,theatrical_limited,2025-11-14,Re-Release,PG
402431,6,tv,2025-11-19,NBC,PG
402431,3,theatrical,2025-11-20,Wicked + Wicked: For Good Double Feature,PG
402431,4,digital,2026-09-21,Hulu,PG
406759,1,premiere,2022-01-31,"Los Angeles, California",PG-13
406759,3,theatrical,2022-02-04,,PG-13
406759,4,digital,2022-04-01,,PG-13
406759,5,physical,2022-04-26,4K Ultra HD / Blu-ray / DVD,PG-13
406759,4,digital,2022-09-09,HBO Max,PG-13
406759,6,tv,2022-09-10,HBO,PG-13
412656,3,theatrical,2021-03-05,,PG-13
412656,4,digital,2021-04-02,PVOD,PG-13
413846,1,premiere,2022-10-12,"Harmony Gold Theatre in Los Angeles, California",
413846,3,theatrical,2024-08-30,,R
413846,4,digital,2024-09-17,,R
413846,5,physical,2024-11-05,Blu-ray,R
413846,6,tv,2025-02-26,Starz,R
413846,4,digital,2026-08-26,The Roku Channel,R
413846,4,digital,2026-10-26,Peacock,R
414906,1,premiere,2022-03-02,"New York City, New York",PG-13
414906,3,theatrical,2022-03-04,,PG-13
414906,4,digital,2022-04-18,,PG-13
414906,6,tv,2022-04-23,HBO,PG-13
414906,5,physical,2022-05-24,,PG-13
423108,3,theatrical,2021-06-04,,R
423108,4,digital,2021-06-04,HBO Max,R
423108,4,digital,2021-07-23,,R
423108,5,physical,2021-08-24,4K UHD / Blu-ray / DVD,R
423108,6,tv,2021-10-21,HBO,R
424277,2,theatrical_limited,2021-08-06,,R
424277,4,digital,2021-08-20,Amazon Prime Video,R
425274,1,premiere,2025-11-01,Alamo Drafthouse,
425274,3,theatrical,2025-11-14,,PG-13
425274,4,digital,2025-12-16,,PG-13
425274,4,digital,2026-03-14,Starz,PG-13
425274,6,tv,2026-03-14,Starz,PG-13
425274,4,digital,2026-10-02,Prime Video,PG-13
425909,1,premiere,2021-08-23,CinemaCon,
425909,1,premiere,2021-10-08,New York Comic Con,
425909,3,theatrical,2021-11-19,,PG-13
425909,4,digital,2022-01-04,,PG-13
425909,5,physical,2022-02-01,Blu-ray / DVD,PG-13
425909,6,tv,2022-05-16,Starz,PG-13
426063,1,premiere,2024-11-07,"Director’s Guild of America Theater, Los Angeles, California",R
426063,3,theatrical,2024-12-25,,R
426063,4,digital,2025-01-21,,R
426063,5,physical,2025-02-18,4K Ultra HD / Blu-ray / DVD,R
426063,4,digital,2025-02-21,Peacock,R
426063,4,digital,2026-08-21,Hulu,R
436270,1,premiere,2022-10-12,"New York City, New York",
436270,3,theatrical,2022-10-21,,PG-13
436270,4,digital,2022-11-22,,PG-13
436270,4,digital,2022-12-16,HBO Max,PG-13
436270,5,physical,2023-01-03,4K Ultra HD / Blu-ray / DVD,PG-13
436969,1,premiere,2021-08-02,"Los Angeles, California",R
436969,4,digital,2021-08-05,HBO Max,R
436969,3,theatrical,2021-08-06,,R
436969,4,digital,2021-09-17,,R
436969,6,tv,2021-12-23,HBO,R
437342,1,premiere,2024-03-26,"Los Angeles, California",
437342,3,theatrical,2024-04-05,,R
437342,4,digital,2024-05-28,,R
437342,4,digital,2024-05-30,Hulu,R
437342,5,physical,2024-07-30,Blu-ray / DVD,R
438148,1,premiere,2022-06-25,TCL Chinese Theatre,PG
438148,3,theatrical,2022-07-01,,PG
438148,4,digital,2022-08-02,,PG
438148,5,physical,2022-09-06,4K Ultra HD / Blu-ray / DVD,PG
438148,4,digital,2022-09-23,Peacock,PG
438148,4,digital,2023-01-23,Netflix,PG
438631,1,premiere,2021-10-07,New York Film Festival,
438631,4,digital,2021-10-21,HBO Max,PG-13
438631,3,theatrical,2021-10-22,,PG-13
438631,4,digital,2021-12-03,,PG-13
438631,5,physical,2022-01-11,4K Ultra HD / Blu-ray / DVD,PG-13
438631,6,tv,2022-03-26,HBO,PG-13
438631,2,theatrical_limited,2024-02-09,IMAX Re-Release,PG-13
438695,1,premiere,2021-11-14,AFI Fest,
438695,3,theatrical,2021-12-22,,PG
438695,4,digital,2022-01-07,,PG
438695,5,physical,2022-03-29,4K Ultra HD / Blu-ray / DVD,PG
447273,1,premiere,2025-03-15,"Los Angeles, California",PG
447273,3,theatrical,2025-03-21,,PG
447273,4,digital,2025-05-13,,PG
447273,4,digital,2025-06-11,Disney+,PG
447273,5,physical,2025-06-24,4K Ultra HD / Blu-ray / DVD,PG
447277,1,premiere,2023-05-08,"Los Angeles, California",PG
447277,3,theatrical,2023-05-26,,PG
447277,4,digital,2023-07-25,,PG
447277,2,theatrical_limited,2023-08-25,Sing-along edition,
447277,4,digital,2023-09-06,Disney+,PG
447277,5,physical,2023-09-19,4K Ultra HD / Blu-ray / DVD,PG
447277,6,tv,2024-10-06,ABC (The Wonderful World of Disney),PG
447365,1,premiere,2023-04-27,El Capitan Theatre,PG-13
447365,3,theatrical,2023-05-05,,PG-13
447365,4,digital,2023-07-07,,PG-13
447365,5,physical,2023-08-01,4K Ultra HD / Blu-ray / DVD,PG-13
447365,4,digital,2023-08-02,Disney+,PG-13
447365,6,tv,2025-09-28,ABC (The Wonderful World of Disney),PG-13
451048,1,premiere,2021-07-24,Disneyland,PG-13
451048,3,theatrical,2021-07-30,,PG-13
451048,4,digital,2021-07-30,Disney+ Premier Access,PG-13
453395,1,premiere,2022-05-02,"Hollywood, California",PG-13
453395,3,theatrical,2022-05-06,,PG-13
453395,4,digital,2022-06-22,,PG-13
453395,5,physical,2022-07-26,,PG-13
454527,1,premiere,2021-09-26,New York Film Festival,
454527,2,theatrical_limited,2021-12-03,,NR
454527,4,digital,2021-12-21,,NR
454527,5,physical,2022-06-14,,NR
454639,1,premiere,2026-05-18,"Los Angeles, California",
454639,3,theatrical,2026-06-05,,PG-13
454639,4,digital,2026-07-22,Prime Video,PG-13
454639,5,physical,2026-10-20,Blu-ray / DVD,PG-13
455476,3,theatrical,2023-05-12,,PG-13
455476,4,digital,2023-06-27,,PG-13
455476,4,digital,2023-10-26,Netflix,PG-13
459151,4,digital,2021-07-01,Peacock,PG
459151,3,theatrical,2021-07-02,,PG
460458,3,theatrical,2021-11-24,,R
460458,4,digital,2021-12-21,Premium VOD,R
460458,5,physical,2022-02-08,4K Ultra HD / Blu-ray / DVD,R
460465,3,theatrical,2021-04-23,,R
460465,4,digital,2021-04-23,HBO Max,R
460465,4,digital,2021-06-11,,R
466420,3,theatrical,2023-10-20,,R
466420,4,digital,2023-12-05,,R
466420,4,digital,2024-01-11,Apple TV+,R
466420,3,theatrical,2024-01-26,Re-Release,R
467244,1,premiere,2023-09-01,Telluride Film Festival,
467244,1,premiere,2023-10-08,New York Film Festival,
467244,1,premiere,2023-10-18,Chicago International Film Festival,
467244,2,theatrical_limited,2023-12-15,"New York City, New York / Los Angeles, California",PG-13
467244,2,theatrical_limited,2024-01-07,limited expansion,PG-13
467244,4,digital,2024-02-20,,PG-13
467244,4,digital,2024-04-05,Max,PG-13
467244,6,tv,2024-04-06,HBO,PG-13
467244,5,physical,2024-07-19,4k / Blu-ray,PG-13
467905,1,premiere,2026-02-14,AMC The Grove 14,R
467905,3,theatrical,2026-02-20,,R
467905,4,digital,2026-03-24,,R
467905,4,digital,2026-06-19,HBO Max,R
467905,6,tv,2026-06-20,HBO,R
467909,1,premiere,2021-06-04,Los Angeles Latino International Film Festival,
467909,1,premiere,2021-06-09,Tribeca Film Festival,
467909,3,theatrical,2021-06-10,,PG-13
467909,4,digital,2021-06-10,HBO Max,PG-13
467909,4,digital,2021-07-30,,PG-13
467909,5,physical,2021-08-31,,PG-13
476669,3,theatrical,2021-12-22,,R
476669,4,digital,2022-02-18,,R
476669,6,tv,2022-02-19,HBO,R
476669,5,physical,2022-02-22,4K Ultra HD / Blu-ray / DVD,R
477044,1,premiere,2021-09-02,Telluride Film Festival,
477044,1,premiere,2021-09-25,New York Film Festival,
477044,2,theatrical_limited,2021-10-15,,R
477044,4,digital,2021-10-22,,R
477044,5,physical,2023-01-31,The Criterion Collection Blu-ray / DVD,R
477044,4,digital,2024-03-01,The Criterion Channel,R
477044,4,digital,2024-05-11,MUBI,R
481879,2,theatrical_limited,2021-07-16,,R
481879,4,digital,2021-07-16,,R
481879,5,physical,2021-07-20,,R
482321,3,theatrical,2021-10-22,,PG
482321,5,physical,2021-12-07,,PG
482321,4,digital,2021-12-15,,PG
482321,6,tv,2021-12-18,HBO,PG
482373,3,theatrical,2021-08-13,,R
482373,4,digital,2021-09-03,,R
482373,5,physical,2021-10-26,Blu-ray / DVD,R
482373,4,digital,2025-11-10,Hulu,R
493529,1,premiere,2023-03-10,South by Southwest Film & TV Festival,
493529,1,premiere,2023-03-26,"Los Angeles, California",PG-13
493529,3,theatrical,2023-03-31,,PG-13
493529,4,digital,2023-05-02,,PG-13
493529,4,digital,2023-05-16,Paramount+,PG-13
493529,5,physical,2023-05-30,4K Ultra HD / Blu-ray / DVD,PG-13
497698,1,premiere,2021-06-29,"Los Angeles, California",PG-13
497698,3,theatrical,2021-07-09,,PG-13
497698,4,digital,2021-07-09,Disney+ Premier Access,PG-13
497698,4,digital,2021-08-10,,PG-13
497698,5,physical,2021-09-14,,PG-13
497828,1,premiere,2022-09-29,Fantastic Fest,
497828,1,premiere,2022-10-01,New York Film Festival,
497828,2,theatrical_limited,2022-10-07,,R
497828,3,theatrical,2022-10-28,,R
497828,4,digital,2022-11-22,,R
497828,4,digital,2023-03-03,Hulu,R
497828,5,physical,2023-04-25,The Criterion Collection,R
498402,3,theatrical,2022-01-21,,PG-13
501841,3,theatrical,2021-12-25,,PG-13
501841,4,digital,2022-02-22,,PG-13
501841,5,physical,2022-03-08,,PG-13
502356,1,premiere,2023-04-01,"Los Angeles, California",PG
502356,3,theatrical,2023-04-05,,PG
502356,4,digital,2023-05-16,,PG
502356,5,physical,2023-06-13,,PG
502356,4,digital,2023-08-03,Peacock,PG
502356,3,theatrical,2023-08-27,National Cinema Day re-release,PG
502356,4,digital,2023-12-03,Netflix,PG
502356,6,tv,2026-02-13,Bravo / Syfy,PG
503736,2,theatrical_limited,2021-05-14,,R
503736,4,digital,2021-05-21,Netflix,R
504827,3,theatrical,2022-05-27,,PG-13
504827,4,digital,2022-07-12,,PG-13
504827,5,physical,2022-07-19,,PG-13
505026,3,theatrical,2022-02-11,,PG-13
505026,4,digital,2022-03-29,,PG-13
505026,5,physical,2022-04-05,,PG-13
505642,1,premiere,2022-10-26,"Los Angeles, California",PG-13
505642,3,theatrical,2022-11-11,,PG-13
505642,4,digital,2023-02-01,,PG-13
505642,5,physical,2023-02-07,4K Ultra HD / Blu-ray / DVD,PG-13
507086,1,premiere,2022-06-06,"Los Angeles, California",PG-13
507086,3,theatrical,2022-06-10,,PG-13
507086,4,digital,2022-07-14,,PG-13
507086,4,digital,2022-08-16,Extended Edition,PG-13
507086,5,physical,2022-08-16,Blu-ray / DVD,PG-13
507086,4,digital,2022-09-02,Peacock,PG-13
507086,6,tv,2024-03-02,Starz,PG-13
507086,4,digital,2026-03-02,Netflix,PG-13
507089,4,digital,2023-10-26,Peacock,PG-13
507089,3,theatrical,2023-10-27,,PG-13
507089,4,digital,2023-11-28,,PG-13
507089,5,physical,2023-12-12,4K Ultra HD / Blu-ray / DVD,PG-13
507089,2,theatrical_limited,2024-10-30,BlumFest 2024,PG-13
507089,6,tv,2025-04-26,Starz,PG-13
507241,3,theatrical,2024-09-13,,R
507241,4,digital,2024-10-04,,R
507241,5,physical,2024-11-19,Blu-ray / DVD,R
507241,6,tv,2025-03-12,Starz,R
507244,3,theatrical,2025-09-19,,R
507244,5,physical,2026-01-06,,
508442,4,digital,2020-12-25,Disney+,PG
508442,4,digital,2021-03-23,,PG
508442,5,physical,2021-03-23,4K Ultra HD / Blu-ray / DVD,PG
508442,3,theatrical,2024-01-12,,PG
508883,1,premiere,2023-10-01,New York Film Festival,
508883,1,premiere,2023-10-09,Mill Valley Film Festival,
508883,1,premiere,2023-10-15,Chicago International Film Festival,
508883,1,premiere,2023-10-18,Animation Is Film Festival,
508883,1,premiere,2023-10-25,SCAD Savannah Film Festival,
508883,1,premiere,2023-11-08,Denver Film Festival,
508883,3,theatrical,2023-12-08,,PG-13
508883,4,digital,2024-06-25,,PG-13
508883,5,physical,2024-07-09,4K Ultra HD / Blu-ray + DVD,PG-13
508883,4,digital,2024-09-06,Max,PG-13
508883,6,tv,2024-09-07,HBO,PG-13
508883,3,theatrical,2025-11-15,Studio Ghibli Fest,PG-13
508943,2,theatrical_limited,2021-06-18,El Capitan Theatre,PG
508943,4,digital,2021-06-18,Disney+,PG
508943,4,digital,2021-08-03,,PG
508943,5,physical,2021-08-03,,PG
508943,3,theatrical,2024-03-22,Re-release,PG
508947,1,premiere,2022-03-01,"Los Angeles, California",PG
508947,4,digital,2022-03-11,Disney+,PG
508947,4,digital,2022-04-26,,PG
508947,5,physical,2022-05-03,,PG
508947,3,theatrical,2024-02-09,,PG
508947,6,tv,2025-05-25,Disney Channel,PG
511809,1,premiere,2021-11-29,"New York City, New York",PG-13
511809,3,theatrical,2021-12-10,,PG-13
511809,4,digital,2022-03-01,,PG-13
511809,4,digital,2022-03-02,Disney+ / HBO Max,PG-13
511809,6,tv,2022-03-12,HBO,PG-13
511809,5,physical,2022-03-15,,PG-13
512195,3,theatrical,2021-11-05,,PG-13
512195,4,digital,2021-11-12,Netflix,PG-13
516329,1,premiere,2021-10-11,Beyond Fest,
516329,1,premiere,2021-10-15,Chicago International Film Festival,
516329,1,premiere,2021-10-27,Philadelphia International Film Festival,
516329,3,theatrical,2021-10-29,,R
516329,4,digital,2021-12-21,,R
516329,5,physical,2022-01-04,Blu-ray and DVD,R
516329,4,digital,2022-02-11,HBO Max,R
516329,6,tv,2022-02-18,HBO,R
516729,3,theatrical,2025-02-14,,PG
516729,4,digital,2025-05-15,Netflix,PG
517302,4,digital,2022-01-22,Sundance Film Festival (Virtual),
517302,3,theatrical,2022-04-29,,NR
517302,4,digital,2022-05-17,,NR
519182,1,premiere,2024-06-16,Tribeca Festival,
519182,3,theatrical,2024-07-03,,PG
519182,4,digital,2024-08-06,,PG
519182,5,physical,2024-09-24,4K Ultra HD / Blu-ray / DVD,PG
519182,4,digital,2024-10-31,Peacock,PG
519182,4,digital,2025-02-28,Netflix,PG
519182,2,theatrical_limited,2025-06-11,Re-Release,PG
519182,3,theatrical,2025-07-04,Re-Release,PG
520023,1,premiere,2022-03-14,South by Southwest Film Festival,
520023,2,theatrical_limited,2022-08-05,,R
520023,3,theatrical,2022-08-12,,R
520023,3,theatrical,2022-09-22,A24 Screening Room,R
520023,4,digital,2022-09-27,,R
520023,5,physical,2022-10-18,,R
520023,6,tv,2023-03-01,Showtime,R
520023,4,digital,2024-03-20,Netflix,R
520763,1,premiere,2020-03-08,"New York City, New York",PG-13
520763,3,theatrical,2021-05-28,,PG-13
520763,4,digital,2021-07-12,Paramount+,PG-13
520763,4,digital,2021-07-13,,PG-13
520763,5,physical,2021-07-27,"DVD, Blu-ray, 4K UHD",PG-13
522016,3,theatrical,2022-01-07,,PG-13
522016,4,digital,2022-01-28,,PG-13
522016,4,digital,2022-02-21,Peacock,PG-13
522016,5,physical,2022-02-22,Blu-ray / DVD,PG-13
522016,6,tv,2023-08-21,Starz,PG-13
522016,4,digital,2025-08-21,Netflix,PG-13
522478,3,theatrical,2021-06-11,,PG
522478,4,digital,2021-07-27,,PG
522931,3,theatrical,2021-06-16,,R
522931,4,digital,2021-07-22,Amazon,R
522931,5,physical,2021-08-17,"DVD, Blu-ray, 4K UHD",R
523607,1,premiere,2023-10-02,New York Film Festival,
523607,1,premiere,2023-10-29,AFI Fest,
523607,2,theatrical_limited,2023-11-22,,R
523607,4,digital,2023-12-20,Netflix,R
524369,1,premiere,2021-09-22,Tribeca Fall Preview,
524369,3,theatrical,2021-10-01,,R
524369,4,digital,2021-10-01,HBO Max,R
524369,4,digital,2021-11-19,,R
524369,5,physical,2021-12-21,,R
524369,6,tv,2022-03-19,HBO,R
524434,1,premiere,2021-10-18,"Los Angeles, California",
524434,3,theatrical,2021-11-05,,PG-13
524434,4,digital,2022-01-12,,PG-13
524434,5,physical,2022-02-15,,PG-13
524635,1,premiere,2025-10-10,Hamptons International Film Festival,
524635,1,premiere,2025-10-13,NewFest,
524635,1,premiere,2025-10-26,AFI Fest,
524635,1,premiere,2025-10-31,SCAD Savannah Film Festival,
524635,1,premiere,2025-11-04,Denver Film Festival,
524635,2,theatrical_limited,2025-12-05,"New York City, New York / Los Angeles, California",R
524635,3,theatrical,2026-01-09,,R
524635,4,digital,2026-04-14,,R
526896,3,theatrical,2022-04-01,,PG-13
526896,4,digital,2022-05-17,,PG-13
526896,5,physical,2022-06-14,4K Ultra HD / Blu-ray / DVD,PG-13
526896,4,digital,2022-09-07,Netflix,PG-13
526896,4,digital,2024-03-01,Disney+,PG-13
526896,6,tv,2024-03-20,FX,R
527774,3,theatrical,2021-03-05,,PG
527774,4,digital,2021-03-05,Disney+ Premier Access,PG
527774,5,physical,2021-05-18,"DVD, Blu-ray, 4K UHD",PG
532408,1,premiere,2023-05-23,El Capitan Theatre,PG-13
532408,3,theatrical,2023-06-02,,PG-13
532408,4,digital,2023-08-29,,PG-13
532408,4,digital,2023-10-05,Hulu,PG-13
532408,5,physical,2023-10-10,Blu-ray / DVD,PG-13
532408,4,digital,2026-10-05,Netflix,PG-13
532710,3,theatrical,2022-05-13,,R
532710,4,digital,2022-05-13,Peacock,R
532710,4,digital,2022-06-12,,R
532710,5,physical,2022-06-28,Blu-ray / DVD,R
532710,6,tv,2023-11-12,Starz,R
532710,4,digital,2025-11-12,Netflix,R
533533,1,premiere,2025-10-06,"Los Angeles, California",PG-13
533533,3,theatrical,2025-10-10,,PG-13
533533,4,digital,2025-12-02,,PG-13
533533,5,physical,2026-01-06,Blu-ray / DVD,PG-13
533533,4,digital,2026-01-07,Disney+,PG-13
533535,1,premiere,2024-07-22,"New York City, New York",R
533535,3,theatrical,2024-07-26,,R
533535,4,digital,2024-10-01,,R
533535,5,physical,2024-10-22,4K Ultra HD / Blu-ray / DVD,R
533535,4,digital,2024-11-12,Disney+,R
533535,6,tv,2026-01-21,FX,R
536437,1,premiere,2023-03-12,South by Southwest Film & TV Festival,
536437,3,theatrical,2023-05-12,,R
536437,4,digital,2023-05-30,,R
536554,1,premiere,2022-12-07,"Los Angeles, California",PG-13
536554,3,theatrical,2023-01-06,,PG-13
536554,4,digital,2023-01-24,,PG-13
536554,4,digital,2023-02-24,Peacock,NR
536554,5,physical,2023-03-21,Blu-ray / DVD,NR
536554,2,theatrical_limited,2025-04-30,Halfway to Halloween,PG-13
539565,1,premiere,2020-01-24,Sundance Film Festival,
539565,3,theatrical,2021-06-30,,R
539565,4,digital,2021-07-21,A24 Screening Room,R
539565,4,digital,2021-07-23,,R
539565,5,physical,2021-09-14,,R
539681,3,theatrical,2022-07-29,,PG
539681,4,digital,2022-08-23,,PG
539681,4,digital,2022-09-26,HBO Max,PG
539681,5,physical,2022-10-04,4K Ultra HD / Blu-ray / DVD,PG
539681,6,tv,2022-10-08,HBO,PG
539745,1,premiere,2025-10-04,Mill Valley Film Festival,
539745,3,theatrical,2026-05-01,,PG
539745,4,digital,2026-05-26,,PG
539972,3,theatrical,2024-12-13,,R
539972,4,digital,2025-01-14,,R
539972,5,physical,2025-03-04,4K Ultra HD / Blu-ray / DVD,R
539972,4,digital,2025-03-13,Netflix,R
539972,4,digital,2026-09-13,Disney+,R
540549,1,premiere,2022-10-14,Chicago International Film Festival,
540549,1,premiere,2022-11-06,AFI Fest,
540549,2,theatrical_limited,2023-05-12,,R
541671,3,theatrical,2025-06-06,,R
541671,4,digital,2025-07-01,,R
541671,4,digital,2025-09-25,Starz,R
541671,4,digital,2026-03-27,HBO Max,R
542178,1,premiere,2021-10-02,New York Film Festival,
542178,1,premiere,2021-10-14,Heartland International Film Festival,
542178,1,premiere,2021-10-15,San Diego International Film Festival,
542178,1,premiere,2021-10-20,Independent Film Festival Boston / Philadelphia International Film Festival,
542178,1,premiere,2021-10-21,Montclair Film Festival,
542178,2,theatrical_limited,2021-10-22,,R
542178,1,premiere,2021-10-27,Virginia Film Festival,
542178,3,theatrical,2021-10-29,,R
542178,4,digital,2021-12-14,,R
542178,5,physical,2021-12-28,,R
542178,4,digital,2022-02-25,HBO Max,R
542178,6,tv,2022-02-28,HBO,R
542178,4,digital,2022-10-25,Hulu,R
545611,1,premiere,2022-03-11,South by Southwest Film Festival,
545611,2,theatrical_limited,2022-03-25,,R
545611,3,theatrical,2022-04-08,,R
545611,4,digital,2022-06-06,A24 Screening Room,R
545611,4,digital,2022-06-07,,R
545611,5,physical,2022-07-05,,R
545611,3,theatrical,2022-07-29,Extended Cut,R
545611,2,theatrical_limited,2024-08-28,A24 x IMAX Presents,R
547565,1,premiere,2020-01-24,Sundance Film Festival,
547565,3,theatrical,2021-08-20,,R
547565,4,digital,2021-10-05,,R
547565,5,physical,2021-10-19,,R
549509,1,premiere,2024-09-28,New York Film Festival,
549509,1,premiere,2024-10-06,Beyond Fest,
549509,1,premiere,2024-10-18,Middleburg Film Festival,
549509,1,premiere,2024-10-19,Philadelphia Film Festival,
549509,1,premiere,2024-10-24,Chicago International Film Festival,
549509,1,premiere,2024-10-26,Austin Film Festival,
549509,1,premiere,2024-10-31,SCAD Savannah Film Festival,
549509,1,premiere,2024-11-02,Miami Film Festival GEMS,
549509,1,premiere,2024-11-04,IFFBoston Fall Focus,
549509,1,premiere,2024-11-08,St. Louis International Film Festival,
549509,1,premiere,2024-11-10,Denver Film Festival,
549509,1,premiere,2024-12-05,"Los Angeles, California",R
549509,2,theatrical_limited,2024-12-20,"New York City, New York / Los Angeles, California",R
549509,2,theatrical_limited,2025-01-10,Limited expansion,R
549509,3,theatrical,2025-01-24,,R
549509,4,digital,2025-02-18,,R
549509,5,physical,2025-03-25,4K Ultra HD / Blu-ray,R
549509,4,digital,2025-05-16,Max,R
549509,6,tv,2025-05-17,HBO,R
550988,1,premiere,2021-08-03,"New York City, New York",PG-13
550988,3,theatrical,2021-08-13,,PG-13
550988,4,digital,2021-09-28,,PG-13
550988,5,physical,2021-10-12,,PG-13
550988,4,digital,2022-02-23,Disney+ / HBO Max,PG-13
550988,6,tv,2022-02-26,HBO,PG-13
550988,6,tv,2023-09-12,FX,R
551271,3,theatrical,2022-09-09,,R
551271,4,digital,2022-10-31,,R
552269,3,theatrical,2021-07-23,,R
552524,1,premiere,2025-05-17,"Los Angeles, California",
552524,3,theatrical,2025-05-23,,PG
552524,4,digital,2025-07-22,,PG
552524,5,physical,2025-08-26,4K Ultra HD / Blu-ray / DVD,PG
552524,4,digital,2025-09-03,Disney+,PG
553147,3,theatrical,2023-05-12,,R
554230,1,premiere,2021-09-04,Telluride Film Festival,
554230,1,premiere,2021-09-29,New York Film Festival,
554230,2,theatrical_limited,2021-12-17,,R
554230,4,digital,2021-12-31,Netflix,R
555285,1,premiere,2023-03-24,Tropic Cinema,PG-13
555285,3,theatrical,2023-04-28,,PG-13
555285,4,digital,2023-06-06,,PG-13
555285,5,physical,2023-07-11,Blu-ray / DVD,PG-13
555285,6,tv,2023-10-11,Starz,PG-13
555285,4,digital,2025-04-11,The Roku Channel,PG-13
555285,4,digital,2025-06-11,Peacock,PG-13
556574,4,digital,2020-07-03,Disney+,PG-13
556574,4,digital,2023-06-30,Sing-Along version on Disney+,PG-13
556574,1,premiere,2025-09-03,Delacorte Theater,PG-13
556574,3,theatrical,2025-09-05,,PG-13
556574,5,physical,2026-06-16,4K Ultra HD / Blu-ray,PG-13
556694,3,theatrical,2022-08-31,,R
556694,4,digital,2022-09-14,,R
557950,3,theatrical,2021-05-07,,R
557950,4,digital,2021-05-07,,R
558449,1,premiere,2024-10-18,"Los Angeles, California",R
558449,3,theatrical,2024-11-22,,R
558449,4,digital,2024-12-24,,R
558449,4,digital,2025-01-21,Paramount+,R
558449,5,physical,2025-03-04,4K Ultra HD / DVD,R
558449,4,digital,2025-04-22,Prime Video,R
558449,4,digital,2026-10-21,Netflix,R
558915,3,theatrical,2023-12-25,,PG-13
558915,4,digital,2024-01-16,,PG-13
558915,4,digital,2024-02-16,Max,PG-13
558915,6,tv,2024-02-17,HBO,PG-13
558915,5,physical,2024-03-12,Blu-ray / DVD,PG-13
559907,3,theatrical,2021-07-30,,R
559907,4,digital,2021-08-18,A24 Screening Room,R
559907,4,digital,2021-08-19,PVOD,R
559907,5,physical,2021-10-12,,R
559907,2,theatrical_limited,2021-12-10,,R
559907,6,tv,2022-03-04,Showtime,R
559907,2,theatrical_limited,2024-12-11,A24 x IMAX Presents,R
560016,1,premiere,2024-03-11,South by Southwest Film & TV Festival,
560016,1,premiere,2024-04-03,"Los Angeles, California",R
560016,3,theatrical,2024-04-05,,R
560016,4,digital,2024-04-23,,R
560016,4,digital,2024-06-14,Peacock,R
560016,5,physical,2024-06-25,Blu-ray / DVD,R
565028,3,theatrical,2021-08-27,,R
565028,4,digital,2021-09-17,,R
565028,5,physical,2021-11-16,Blu-ray / DVD,R
565470,1,premiere,2019-05-03,International Christian Film & Music Festival,PG-13
565470,3,theatrical,2021-04-02,,PG-13
565770,1,premiere,2023-08-15,"Los Angeles, California",PG-13
565770,3,theatrical,2023-08-18,,PG-13
565770,4,digital,2023-09-26,,PG-13
565770,5,physical,2023-10-31,4K Ultra HD / Blu-ray / DVD,PG-13
565770,4,digital,2023-11-17,Max,PG-13
565770,6,tv,2023-11-18,HBO,PG-13
566525,1,premiere,2021-08-16,"Los Angeles, California",PG-13
566525,3,theatrical,2021-09-03,,PG-13
566525,4,digital,2021-11-12,,PG-13
566525,5,physical,2021-11-30,4K Ultra HD / Blu-ray / DVD,PG-13
567690,3,theatrical,2021-09-24,,PG-13
567690,4,digital,2021-10-15,,PG-13
567690,5,physical,2021-12-07,,PG-13
567690,4,digital,2022-05-06,HBO Max,PG-13
567690,6,tv,2022-05-07,HBO,PG-13
568124,1,premiere,2021-11-03,"Los Angeles, California",
568124,3,theatrical,2021-11-24,,PG
568124,4,digital,2021-12-24,,PG
568124,5,physical,2022-02-08,,PG
568124,4,digital,2022-03-18,Disney+ Sing-Along version,PG
568620,3,theatrical,2021-07-23,,PG-13
568620,4,digital,2021-08-17,,PG-13
568620,5,physical,2021-10-19,,PG-13
569094,1,premiere,2023-05-30,"Los Angeles, California",PG
569094,3,theatrical,2023-06-02,,PG
569094,4,digital,2023-08-08,,PG
569094,5,physical,2023-09-05,4K Ultra HD / Blu-ray / DVD,PG
569094,4,digital,2023-10-31,Netflix,PG
569094,2,theatrical_limited,2024-01-19,IMAX,PG
569094,4,digital,2025-05-01,Disney+,PG
569094,2,theatrical_limited,2025-08-06,Re-Release,PG
572802,3,theatrical,2023-12-22,,PG-13
572802,4,digital,2024-01-23,,PG-13
572802,4,digital,2024-02-27,Max,PG-13
572802,6,tv,2024-03-02,HBO,PG-13
572802,5,physical,2024-03-12,4K Ultra HD / Blu-ray / DVD,PG-13
573164,3,theatrical,2021-08-27,,PG
573164,4,digital,2021-11-12,Pantaya,PG
573435,3,theatrical,2024-06-07,,R
573435,4,digital,2024-07-23,,R
573435,5,physical,2024-09-24,4K Ultra HD / Blu-ray / DVD,R
573435,4,digital,2024-10-08,Netflix,R
574475,1,premiere,2025-05-12,TCL Chinese Theatre,R
574475,3,theatrical,2025-05-16,,R
574475,4,digital,2025-06-17,,R
574475,5,physical,2025-07-22,4K Ultra HD / Blu-ray / DVD,R
574475,4,digital,2025-08-01,HBO Max,R
574475,6,tv,2025-08-02,HBO,R
575264,1,premiere,2023-07-10,New York,PG-13
575264,3,theatrical,2023-07-12,,PG-13
575264,4,digital,2023-10-10,,PG-13
575264,5,physical,2023-10-31,Blu-ray / DVD,PG-13
575264,4,digital,2024-01-25,Paramount+,PG-13
575265,1,premiere,2025-05-18,"New York City, New York",PG-13
575265,3,theatrical,2025-05-23,,PG-13
575265,4,digital,2025-08-19,,PG-13
575265,5,physical,2025-10-14,4K Ultra HD / DVD,PG-13
575265,4,digital,2025-12-04,Paramount+,PG-13
575265,6,tv,2026-02-07,MGM+,PG-13
576845,3,theatrical,2021-10-29,,R
576845,4,digital,2021-11-19,PVOD,R
576845,4,digital,2022-01-04,,R
576845,5,physical,2022-01-18,,R
576845,4,digital,2022-07-01,HBO Max,R
576845,6,tv,2022-07-16,HBO,R
577242,3,theatrical,2021-07-21,,PG
578701,3,theatrical,2021-05-14,,R
578701,4,digital,2021-05-14,HBO Max,R
578701,4,digital,2021-07-02,,R
578701,5,physical,2021-08-03,Blu-ray / DVD,R
579047,3,theatrical,2021-08-20,,PG-13
579047,4,digital,2021-08-20,HBO Max,PG-13
579974,2,theatrical_limited,2022-03-30,"IMAX version, Beyond Fest",NR
579974,4,digital,2022-05-20,Netflix,R
579974,2,theatrical_limited,2022-06-01,,NR
579974,2,theatrical_limited,2022-09-30,TCL Chinese Theatre,NR
579974,2,theatrical_limited,2023-03-03,Fan CelebRRRation Re-release,NR
580489,3,theatrical,2021-10-01,,PG-13
580489,4,digital,2021-11-23,,PG-13
580489,5,physical,2021-12-14,4K Ultra HD / Blu-ray / DVD,PG-13
580489,6,tv,2022-04-22,Starz,PG-13
580489,6,tv,2023-10-24,FX,R
580489,4,digital,2026-01-22,Disney+,PG-13
581734,1,premiere,2020-09-11,Telluride Film Festival,
581734,1,premiere,2020-09-26,New York Film Festival,
581734,4,digital,2020-12-04,Film at Lincoln Center Virtual Cinema,R
581734,2,theatrical_limited,2021-01-29,IMAX,R
581734,3,theatrical,2021-02-19,,R
581734,4,digital,2021-02-19,Hulu,R
583406,1,premiere,2021-02-01,Sundance Film Festival,
583406,3,theatrical,2021-02-12,,R
583406,4,digital,2021-02-12,HBO Max,R
583406,5,physical,2021-05-04,Blu-ray & DVD,R
585083,4,digital,2022-01-13,Amazon Prime Video,PG
585083,2,theatrical_limited,2022-02-25,,PG
585083,4,digital,2023-08-15,,PG
585083,5,physical,2023-08-15,Blu-ray / DVD,PG
585216,3,theatrical,2021-07-16,,PG-13
585245,3,theatrical,2021-11-10,,PG
585245,4,digital,2021-11-10,Paramount+,PG
586101,3,theatrical,2021-02-10,Limited release,PG-13
586101,4,digital,2021-02-12,,PG-13
586810,2,theatrical_limited,2024-05-03,,NR
586810,4,digital,2024-06-18,,NR
586810,5,physical,2024-06-18,,NR
587357,3,theatrical,2026-01-16,,PG
587412,3,theatrical,2022-04-14,,PG-13
587807,3,theatrical,2021-02-26,,PG
587807,4,digital,2021-02-26,HBO Max,PG
587807,5,physical,2021-05-18,Blu-ray / DVD,PG
588648,3,theatrical,2024-05-03,,PG
588648,4,digital,2024-07-07,,PG
588648,5,physical,2024-08-27,DVD & Blu-ray,PG
588921,3,theatrical,2022-11-08,,PG
589018,3,theatrical,2024-10-16,,PG
592695,4,digital,2021-01-30,Sundance Film Festival (Virtual),
592695,1,premiere,2021-11-13,AFI Fest,
592695,2,theatrical_limited,2022-05-13,,NR
592831,1,premiere,2024-09-23,New York Film Festival,
592831,1,premiere,2024-09-24,Fantastic Fest,
592831,3,theatrical,2024-09-27,,R
592831,4,digital,2024-11-12,Premium rental,R
592863,3,theatrical,2021-08-13,,PG-13
593643,1,premiere,2022-09-23,Fantastic Fest,
593643,3,theatrical,2022-11-18,,R
593643,4,digital,2023-01-03,,R
593643,5,physical,2023-01-17,Blu-ray / DVD,R
594767,1,premiere,2023-03-14,"Los Angeles, California",PG-13
594767,3,theatrical,2023-03-17,,PG-13
594767,4,digital,2023-04-07,,PG-13
594767,4,digital,2023-05-23,Max,PG-13
594767,6,tv,2023-05-27,HBO,PG-13
594767,4,digital,2023-10-22,Prime Video,PG-13
597208,1,premiere,2021-12-01,"New York, NY",
597208,3,theatrical,2021-12-17,,R
597208,2,theatrical_limited,2022-01-14,black-and-white version / NYC and LA,R
597208,3,theatrical,2022-01-28,black-and-white version,R
597208,4,digital,2022-02-01,,R
597208,6,tv,2022-02-05,HBO,R
597208,5,physical,2022-03-22,,R
597208,4,digital,2025-10-28,Hulu (black and white version),R
597890,3,theatrical,2021-04-09,Cut,PG-13
597890,4,digital,2021-04-29,Amazon,PG-13
597890,5,physical,2021-06-08,DVD,PG-13
597890,5,physical,2021-06-15,Blu-ray,PG-13
600354,1,premiere,2020-01-27,Sundance Film Festival,
600354,2,theatrical_limited,2021-02-26,,PG-13
600354,4,digital,2021-03-26,,PG-13
601337,2,theatrical_limited,2021-12-23,,PG-13
601635,2,theatrical_limited,2022-08-11,,PG-13
601635,4,digital,2022-10-06,Netflix,
601796,2,theatrical_limited,2022-08-26,,
601796,5,physical,2022-12-06,"DVD, Blu-ray",NR
602223,3,theatrical,2021-07-02,,R
602223,4,digital,2021-09-14,,R
602223,5,physical,2021-09-28,Blu-ray & DVD,R
602223,4,digital,2022-04-15,HBO Max,R
602223,6,tv,2022-04-15,HBO,R
602269,3,theatrical,2021-01-29,,R
602269,4,digital,2021-01-29,HBO Max,R
602734,3,theatrical,2021-05-14,,R
602734,4,digital,2021-06-01,,
602734,5,physical,2021-07-20,,R
603206,1,premiere,2020-01-24,Sundance Film Festival,
603206,3,theatrical,2021-05-21,,PG
603206,4,digital,2021-06-11,,
603692,1,premiere,2023-03-13,South by Southwest Film & TV Festival,
603692,1,premiere,2023-03-20,TCL Chinese Theatre,R
603692,3,theatrical,2023-03-24,,R
603692,4,digital,2023-05-23,,R
603692,5,physical,2023-06-13,,R
603692,6,tv,2023-09-15,Starz,R
603692,4,digital,2025-03-15,The Roku Channel,R
603692,4,digital,2025-05-15,Peacock,R
603692,4,digital,2026-10-01,Prime Video,R
604079,1,premiere,2025-09-08,"Los Angeles, California",R
604079,3,theatrical,2025-09-12,,R
604079,4,digital,2025-10-21,,R
604079,5,physical,2025-12-23,,
604079,4,digital,2026-01-01,Starz,R
604079,4,digital,2026-07-10,HBO Max,R
604685,3,theatrical,2025-01-10,,R
604685,4,digital,2025-01-28,,R
604685,4,digital,2025-03-20,Netflix,R
607430,1,premiere,2020-01-27,Sundance Film Festival,
607430,2,theatrical_limited,2021-07-30,LA / NY,
607430,3,theatrical,2021-08-06,Nationwide,R
607430,4,digital,2021-11-02,,
609681,1,premiere,2023-11-07,"Las Vegas, Nevada",PG-13
609681,3,theatrical,2023-11-10,,PG-13
609681,4,digital,2024-01-16,,PG-13
609681,4,digital,2024-02-07,Disney+,PG-13
609681,5,physical,2024-02-13,4K Ultra HD / Blu-ray / DVD,PG-13
610219,1,premiere,2024-10-27,AFI Fest,
610219,1,premiere,2024-11-03,Denver Film Festival / Virginia Film Festival,
610219,3,theatrical,2024-12-25,,PG-13
610219,4,digital,2025-01-28,,PG-13
610219,4,digital,2025-03-24,MGM+,PG-13
610253,3,theatrical,2021-10-15,,R
610253,4,digital,2021-10-15,Peacock,R
610253,4,digital,2021-12-14,Extended Cut,NR
610253,5,physical,2022-01-11,Blu-ray / DVD,R
610253,4,digital,2022-03-18,HBO Max,NR
610253,6,tv,2022-03-31,HBO,R
611359,2,theatrical_limited,2023-03-08,,NR
614479,1,premiere,2023-06-27,"New York City, New York",PG-13
614479,3,theatrical,2023-07-07,,PG-13
614479,4,digital,2023-08-01,,PG-13
614479,5,physical,2023-09-26,DVD & Blu-ray,PG-13
614479,4,digital,2023-11-04,Netflix,PG-13
614917,1,premiere,2021-09-02,Telluride Film Festival,
614917,1,premiere,2021-10-14,AFI Fest,
614917,3,theatrical,2021-11-19,,PG-13
614917,4,digital,2021-11-19,HBO Max,PG-13
614930,1,premiere,2023-07-29,,PG
614930,3,theatrical,2023-08-02,,PG
614930,4,digital,2023-09-01,,PG
614930,4,digital,2023-09-19,Paramount+,PG
614930,5,physical,2023-12-12,Blu-ray / DVD,PG
614930,2,theatrical_limited,2025-07-30,Re-Release,PG
614930,2,theatrical_limited,2026-03-27,Magic the Gathering Presents at Regal,PG
614934,3,theatrical,2022-06-24,,PG-13
614934,4,digital,2022-08-09,PVOD,PG-13
614934,4,digital,2022-09-02,HBO Max,PG-13
614934,6,tv,2022-09-03,HBO,PG-13
614934,5,physical,2022-09-13,4K Ultra HD / Blu-ray / DVD,PG-13
614939,1,premiere,2022-09-11,San Francisco,R
614939,3,theatrical,2022-09-30,,R
614939,5,physical,2022-11-22,Blu-ray / DVD,R
614939,4,digital,2022-12-02,Peacock,R
614939,6,tv,2024-06-02,Starz,R
614939,4,digital,2026-06-02,Netflix,R
615457,3,theatrical,2021-03-26,,R
615457,4,digital,2021-04-16,,R
615457,5,physical,2021-06-22,Blu-ray / DVD,R
615457,4,digital,2022-01-21,HBO Max,R
615457,6,tv,2022-01-22,HBO,R
615643,1,premiere,2020-01-26,Sundance Film Festival,
615643,4,digital,2020-12-11,Film at Lincoln Center Virtual Cinema,PG-13
615643,2,theatrical_limited,2021-02-12,,PG-13
615643,4,digital,2021-02-12,A24 Screening Room,PG-13
615643,4,digital,2021-02-26,,PG-13
615656,3,theatrical,2023-08-04,,PG-13
615656,4,digital,2023-08-25,,PG-13
615656,4,digital,2023-09-29,Max,PG-13
615656,6,tv,2023-09-30,HBO,PG-13
615656,5,physical,2023-10-24,,PG-13
615777,1,premiere,2022-12-15,"Los Angeles, California",R
615777,3,theatrical,2022-12-23,,R
615777,4,digital,2023-01-31,,R
615777,4,digital,2023-02-21,Paramount+,R
615777,5,physical,2023-03-21,4K Ultra HD / Blu-ray / DVD,R
615904,3,theatrical,2022-02-11,,PG-13
615904,4,digital,2022-02-11,Peacock,PG-13
615904,4,digital,2022-03-13,,PG-13
615904,5,physical,2022-03-29,Blu-ray / DVD,PG-13
615904,6,tv,2023-08-10,Starz,PG-13
615904,4,digital,2025-08-10,Netflix,PG-13
615952,1,premiere,2022-09-02,Telluride Film Festival,
615952,1,premiere,2022-10-08,Mill Valley Film Festival,
615952,1,premiere,2022-10-12,New York Film Festival,
615952,1,premiere,2022-10-15,Middleburg Film Festival & Newport Beach International Film Festival,
615952,1,premiere,2022-10-19,San Diego International Film Festival,
615952,1,premiere,2022-10-22,Montclair Film Festival,
615952,1,premiere,2022-10-25,Philadelphia International Film Festival,
615952,1,premiere,2022-10-28,Austin Film Festival,
615952,2,theatrical_limited,2022-10-28,,R
615952,1,premiere,2022-11-02,Denver International Film Festival,
615952,3,theatrical,2022-11-04,,R
615952,4,digital,2022-11-22,,R
615952,5,physical,2023-01-03,Blu-ray / DVD,R
615952,4,digital,2023-02-17,Peacock,R
615952,6,tv,2024-08-17,Starz,R
615952,4,digital,2026-08-17,Netflix,R
616037,1,premiere,2022-06-23,El Capitan Theatre,PG-13
616037,3,theatrical,2022-07-07,,PG-13
616037,4,digital,2022-09-08,,PG-13
616037,5,physical,2022-09-27,4K Ultra HD / Blu-ray / DVD,PG-13
616651,3,theatrical,2021-07-30,,R
616651,4,digital,2021-08-19,,R
616747,1,premiere,2023-07-15,Disneyland,PG-13
616747,3,theatrical,2023-07-28,,PG-13
616747,4,digital,2023-10-04,,PG-13
616747,5,physical,2023-10-17,,PG-13
616747,6,tv,2024-10-13,ABC (The Wonderful World of Disney),PG-13
616820,1,premiere,2022-10-11,Beyond Fest,
616820,3,theatrical,2022-10-14,,R
616820,4,digital,2022-10-14,Peacock,R
616820,4,digital,2022-11-15,,R
616820,5,physical,2022-12-27,Blu-ray / DVD,R
616820,6,tv,2024-04-13,Starz,R
616820,4,digital,2026-04-13,Netflix,R
617126,1,premiere,2025-07-21,"Dorothy Chandler Pavilion, Los Angeles Music Center",PG-13
617126,3,theatrical,2025-07-25,,PG-13
617126,4,digital,2025-09-23,,PG-13
617126,5,physical,2025-10-14,Blu-ray / DVD,PG-13
617126,4,digital,2025-11-05,Disney+,PG-13
617653,1,premiere,2021-10-14,Chicago International Film Festival,
617653,3,theatrical,2021-10-15,,R
617653,4,digital,2021-11-30,,R
617653,5,physical,2021-12-14,,R
617653,4,digital,2022-01-14,HBO Max,R
618588,1,premiere,2024-02-19,"Los Angeles, California",
618588,3,theatrical,2024-03-15,,PG-13
618588,4,digital,2024-04-23,,PG-13
618588,5,physical,2024-05-28,Blu-ray / DVD,PG-13
618588,6,tv,2024-09-11,Starz,PG-13
619730,3,theatrical,2022-09-23,,R
619730,4,digital,2022-10-25,,R
619730,4,digital,2022-11-07,HBO Max,R
619730,6,tv,2022-11-26,HBO / HBO Latino,R
619730,5,physical,2022-11-29,4K Ultra HD / Blu-ray / DVD,R
619778,3,theatrical,2021-09-10,,R
619778,4,digital,2021-09-10,HBO Max,R
619778,5,physical,2021-11-30,,R
619803,3,theatrical,2022-05-20,,PG
621587,3,theatrical,2023-11-17,,PG-13
621587,4,digital,2024-01-16,,PG-13
623511,2,theatrical_limited,2022-02-25,,PG-13
623511,4,digital,2022-02-25,,PG-13
624860,1,premiere,2021-12-18,"San Francisco, California",R
624860,3,theatrical,2021-12-22,,R
624860,4,digital,2021-12-22,HBO Max,R
624860,4,digital,2022-01-25,,R
624860,5,physical,2022-03-08,4K Ultra HD / Blu-ray / DVD,R
626735,3,theatrical,2022-02-18,,PG-13
626735,4,digital,2022-03-11,,PG-13
626735,5,physical,2022-05-10,"DVD, Blu-ray",PG-13
627336,3,theatrical,2025-03-27,,NR
627336,4,digital,2025-04-24,,R
629542,3,theatrical,2022-04-22,,PG
629542,4,digital,2022-05-12,,PG
629542,5,physical,2022-06-21,Blu-ray / DVD,PG
629542,4,digital,2022-07-01,Peacock,PG
629542,3,theatrical,2022-10-28,Re-Release,PG
629542,4,digital,2022-11-01,Netflix,PG
629542,2,theatrical_limited,2025-06-04,Re-Release,PG
629542,3,theatrical,2025-06-20,Re-Release,PG
630004,3,theatrical,2021-03-26,,R
630004,4,digital,2021-03-26,,R
630240,1,premiere,2021-09-23,Fantastic Fest,
630240,1,premiere,2021-09-25,New York Film Festival,
630240,3,theatrical,2021-10-01,,R
630240,4,digital,2021-10-19,,R
631842,1,premiere,2023-01-30,"New York City, New York",R
631842,3,theatrical,2023-02-03,,R
631842,4,digital,2023-02-21,,R
631842,4,digital,2023-03-24,Peacock,R
631842,5,physical,2023-05-09,Blu-ray / DVD,R
631842,6,tv,2024-09-24,Starz,R
631843,3,theatrical,2021-07-23,,PG-13
631843,4,digital,2021-10-05,,PG-13
631843,5,physical,2021-10-19,,PG-13
631843,4,digital,2022-05-13,HBO Max,PG-13
631843,6,tv,2022-05-28,HBO,PG-13
632357,3,theatrical,2021-04-02,,PG-13
632357,4,digital,2021-07-09,,PG-13
632617,1,premiere,2021-09-02,Telluride Film Festival,
632617,1,premiere,2021-10-04,New York Film Festival,
632617,2,theatrical_limited,2021-11-19,,R
632617,3,theatrical,2021-11-25,,R
632617,4,digital,2021-12-21,A24 Screening Room,R
632617,4,digital,2021-12-23,Premium VOD,R
634429,1,premiere,2022-07-23,New York Asian Film Festival,
634429,2,theatrical_limited,2023-01-11,,NR
634492,1,premiere,2024-02-12,"Los Angeles, California",
634492,3,theatrical,2024-02-14,,PG-13
634492,4,digital,2024-03-15,,PG-13
634492,4,digital,2024-05-14,Netflix,PG-13
634492,4,digital,2025-11-14,Disney+,PG-13
634528,3,theatrical,2021-01-15,,PG-13
634649,1,premiere,2021-12-13,"Los Angeles, California",PG-13
634649,3,theatrical,2021-12-17,,PG-13
634649,4,digital,2022-03-15,,PG-13
634649,5,physical,2022-04-12,4K Ultra HD / Blu-ray / DVD,PG-13
634649,6,tv,2022-07-15,STARZ,PG-13
634649,3,theatrical,2022-09-02,The More Fun Stuff Version,PG-13
634649,4,digital,2022-10-18,The More Fun Stuff Version,PG-13
634649,6,tv,2024-01-16,FX,PG-13
634649,2,theatrical_limited,2024-04-15,Re-Release,PG-13
634649,2,theatrical_limited,2024-06-03,Re-release,PG-13
634649,4,digital,2026-04-15,Disney+,PG-13
635302,2,theatrical_limited,2021-02-26,"Miami, Florida",R
635302,3,theatrical,2021-04-23,,R
635302,4,digital,2021-06-22,Funimation,R
635302,5,physical,2021-12-21,Blu-ray / DVD,R
635302,2,theatrical_limited,2025-05-14,,R
635302,5,physical,2026-01-13,4K Ultra HD,R
635731,1,premiere,2021-07-13,Los Angeles,R
635731,3,theatrical,2021-07-16,,R
635731,4,digital,2021-08-03,,R
635891,1,premiere,2022-08-24,TCL Chinese Theater,R
635891,2,theatrical_limited,2022-09-04,Clerks III: The Convenience Tour,R
635891,2,theatrical_limited,2022-09-13,Fathom Events,R
635891,4,digital,2022-10-14,,R
635891,5,physical,2022-12-06,Blu-ray / DVD,R
635891,6,tv,2023-03-21,Starz,R
635910,3,theatrical,2023-08-11,,R
635910,4,digital,2023-08-29,,R
635910,5,physical,2023-10-17,Blu-ray / DVD,R
635910,4,digital,2024-02-11,Paramount+ with Showtime,R
635910,6,tv,2024-02-17,Showtime,R
635910,4,digital,2026-09-10,Peacock,R
637649,3,theatrical,2021-05-07,,R
637649,4,digital,2021-05-25,,R
637649,4,digital,2021-06-29,,R
637649,5,physical,2021-07-13,,R
637649,6,tv,2026-07-10,AMC,R
637693,3,theatrical,2021-06-04,,PG
639720,3,theatrical,2024-05-17,,PG
639720,4,digital,2024-06-18,,PG
639720,4,digital,2024-07-09,Paramount+ / MGM+,PG
639720,6,tv,2024-07-12,MGM+,PG
639720,5,physical,2024-08-13,Blu-ray,PG
639933,3,theatrical,2022-04-22,,R
639933,4,digital,2022-05-12,,R
639933,4,digital,2022-06-03,Peacock,R
639933,5,physical,2022-06-07,Blu-ray / DVD,R
639933,6,tv,2023-12-03,Starz,R
639933,4,digital,2025-12-03,Netflix,R
639988,1,premiere,2025-09-23,Beyond Fest,
639988,1,premiere,2025-10-03,Mill Valley Film Festival,
639988,1,premiere,2025-10-09,New York Film Festival,
639988,1,premiere,2025-10-11,Refocus Film Festival,
639988,1,premiere,2025-10-16,Orcas Island Film Festival,
639988,1,premiere,2025-10-17,Santa Fe International Film Festival,
639988,1,premiere,2025-10-18,Middleburg Film Festival,
639988,1,premiere,2025-10-19,Philadelphia Film Festival,
639988,1,premiere,2025-10-20,Montclair Film Festival,
639988,1,premiere,2025-10-21,Chicago International Film Festival,
639988,1,premiere,2025-10-23,Virginia Film Festival,
639988,1,premiere,2025-10-24,Austin Film Festival,
639988,1,premiere,2025-10-25,SCAD Savannah Film Festival,
639988,1,premiere,2025-11-03,IFFBoston Fall Focus,
639988,1,premiere,2025-11-05,Denver Film Festival / Loft Film Fest,
639988,1,premiere,2025-11-08,San Diego Asian Film Festival,
639988,1,premiere,2025-11-15,Key West Film Festival,
639988,2,theatrical_limited,2025-12-25,,R
639988,2,theatrical_limited,2026-01-02,Limited expansion,R
639988,3,theatrical,2026-01-09,,R
639988,4,digital,2026-02-17,,R
640146,1,premiere,2023-02-06,"Los Angeles, California",PG-13
640146,3,theatrical,2023-02-17,,PG-13
640146,4,digital,2023-04-18,,PG-13
640146,5,physical,2023-05-16,4K Ultra HD / Blu-ray / DVD,PG-13
640146,4,digital,2023-05-17,Disney+,PG-13
643586,2,theatrical_limited,2021-02-12,,NR
643586,4,digital,2021-02-12,VOD,NR
643586,5,physical,2021-04-13,,NR
644083,3,theatrical,2021-07-30,,R
644495,1,premiere,2021-11-16,"New York, NY",
644495,3,theatrical,2021-11-24,,R
644495,4,digital,2022-01-31,,R
645689,3,theatrical,2022-03-25,,R
646380,1,premiere,2021-12-05,"New York City, New York",R
646380,2,theatrical_limited,2021-12-10,,R
646380,4,digital,2021-12-24,Netflix,R
646385,1,premiere,2022-01-11,"Los Angeles, California",
646385,3,theatrical,2022-01-14,,R
646385,4,digital,2022-03-01,,R
646385,4,digital,2022-03-08,Paramount+,R
646385,5,physical,2022-04-05,Blu-ray / DVD,R
646389,3,theatrical,2023-01-13,,R
646389,4,digital,2023-02-03,,R
646389,5,physical,2023-03-28,,R
646389,6,tv,2023-07-12,Starz,R
646389,4,digital,2025-01-12,The Roku Channel,R
646389,4,digital,2025-03-12,Peacock,R
646683,3,theatrical,2024-06-21,,R
646683,4,digital,2024-07-09,,R
646683,5,physical,2024-09-24,Blu-ray / DVD,R
646683,4,digital,2024-10-30,Shudder / AMC+,R
647245,1,premiere,2024-08-22,,
647245,3,theatrical,2024-08-30,,PG-13
647245,4,digital,2024-11-01,,PG-13
647245,5,physical,2024-11-19,Blu-ray,PG-13
647245,4,digital,2025-03-04,Starz,PG-13
648579,1,premiere,2022-03-12,South by Southwest Film Festival,
648579,3,theatrical,2022-04-22,,R
648579,4,digital,2022-06-07,,R
648579,5,physical,2022-06-21,,R
648579,6,tv,2022-10-21,Starz,R
648579,4,digital,2024-04-19,The Roku Channel,R
648579,4,digital,2024-06-19,Peacock,R
648878,1,premiere,2025-07-10,New Mexico,R
648878,3,theatrical,2025-07-18,,R
648878,4,digital,2025-08-12,,R
648878,5,physical,2025-10-21,Blu-ray,R
648878,4,digital,2025-11-14,HBO Max,R
648878,6,tv,2025-11-15,HBO,R
649609,1,premiere,2023-03-28,Museum of Modern Art,
649609,1,premiere,2023-03-30,Overlook Film Festival,
649609,3,theatrical,2023-04-14,,R
649609,4,digital,2023-05-02,,R
649609,5,physical,2023-06-06,,R
649609,4,digital,2023-06-09,Peacock,R
649609,4,digital,2023-10-09,Prime Video,R
649609,6,tv,2024-12-09,Starz,R
653346,1,premiere,2024-05-02,TCL Chinese Theatre,PG-13
653346,3,theatrical,2024-05-10,,PG-13
653346,4,digital,2024-07-09,,PG-13
653346,4,digital,2024-08-02,Hulu,PG-13
653346,5,physical,2024-08-27,4K Ultra HD / Blu-ray / DVD,PG-13
653346,4,digital,2025-08-02,Prime Video,PG-13
653346,6,tv,2025-08-19,FX,R
653346,4,digital,2025-11-13,HBO Max,PG-13
653346,6,tv,2025-11-15,HBO,PG-13
653851,3,theatrical,2022-11-23,,PG-13
653851,4,digital,2023-01-08,,PG-13
653851,5,physical,2023-02-28,Blu-ray,
655082,2,theatrical_limited,2022-04-08,,R
656663,1,premiere,2022-02-01,"Chinese Theatre, Hollywood, California",R
656663,3,theatrical,2022-02-04,,R
656663,4,digital,2022-03-22,Paramount+,R
656663,5,physical,2022-04-19,Blu-ray / DVD,R
656663,6,tv,2022-08-21,Showtime,R
660120,1,premiere,2021-09-25,New York Film Festival,
660120,1,premiere,2021-10-03,Woodstock Film Festival,
660120,1,premiere,2021-10-08,Hamptons International Film Festival,
660120,1,premiere,2021-10-15,San Diego International Film Festival,
660120,1,premiere,2021-10-16,Chicago International Film Festival,
660120,1,premiere,2021-10-23,Independent Film Festival Boston,
660120,1,premiere,2021-10-24,Philadelphia International Film Festival,
660120,1,premiere,2021-10-28,Virginia Film Festival,
660120,1,premiere,2021-10-29,Montclair Film Festival,
660120,1,premiere,2021-11-09,Miami Film Festival,
660120,1,premiere,2021-11-11,AFI Fest,
660120,1,premiere,2021-11-14,Hawai'i International Film Festival,
660120,1,premiere,2021-11-17,MoMA - The Contenders,
660120,1,premiere,2022-01-09,Palm Springs International Film Festival,
660120,4,digital,2022-01-20,Sundance Film Festival (Virtual),
660120,2,theatrical_limited,2022-02-04,,R
660120,3,theatrical,2022-02-11,,R
660120,4,digital,2022-03-15,,R
661374,1,premiere,2022-10-06,Mill Valley Film Festival,PG-13
661374,1,premiere,2022-10-14,Middleburg Film Festival,
661374,1,premiere,2022-10-16,Hamptons International Film Festival,
661374,1,premiere,2022-10-21,Philadelphia International Film Festival,
661374,1,premiere,2022-11-02,Virginia Film Festival,
661374,1,premiere,2022-11-03,Austin Film Festival,
661374,1,premiere,2022-11-14,"Los Angeles, California",PG-13
661374,1,premiere,2022-11-16,Key West Film Festival,
661374,3,theatrical,2022-11-23,,PG-13
661374,4,digital,2022-12-23,Netflix,PG-13
661539,1,premiere,2024-12-10,"Los Angeles, California",R
661539,1,premiere,2024-12-14,MoMA - The Contenders,R
661539,3,theatrical,2024-12-25,,R
661539,4,digital,2025-02-25,,R
661539,4,digital,2025-03-27,Hulu,R
661539,5,physical,2025-04-01,Blu-ray,R
661539,4,digital,2026-05-27,HBO Max,R
661791,3,theatrical,2022-07-22,,
661791,4,digital,2023-09-12,,R
663260,2,theatrical_limited,2022-04-09,"New York City, New York",G
663260,2,theatrical_limited,2022-05-06,"Los Angeles, California",G
663870,2,theatrical_limited,2021-05-14,New York / Los Angeles,NR
663870,3,theatrical,2021-05-21,,NR
664341,1,premiere,2023-01-21,Sundance Film Festival,
664341,1,premiere,2023-09-23,Fantastic Fest,
664341,2,theatrical_limited,2023-12-01,,R
664341,3,theatrical,2023-12-08,,R
664341,4,digital,2024-01-02,,R
664341,4,digital,2024-05-10,Hulu,R
664469,1,premiere,2022-09-18,"New York City, New York",R
664469,2,theatrical_limited,2022-09-27,The IMAX Live Experience,R
664469,3,theatrical,2022-10-07,,R
664469,4,digital,2022-11-11,,R
664469,4,digital,2022-12-06,HBO Max,R
664469,5,physical,2022-12-06,4K Ultra HD / Blu-ray / DVD,R
664469,6,tv,2022-12-10,HBO / HBO Latino,R
666277,1,premiere,2023-01-21,Sundance Film Festival,
666277,1,premiere,2023-05-31,"New York City, New York",PG-13
666277,2,theatrical_limited,2023-06-02,,PG-13
666277,2,theatrical_limited,2023-06-09,Limited expansion,PG-13
666277,2,theatrical_limited,2023-06-23,Limited expansion,PG-13
666277,3,theatrical,2023-06-30,,PG-13
666277,4,digital,2023-08-22,,PG-13
666277,5,physical,2023-09-19,,PG-13
667216,1,premiere,2023-01-21,Sundance Film Festival,
667216,3,theatrical,2023-01-27,,R
667216,4,digital,2023-02-14,,R
667216,4,digital,2023-02-28,NEON Cinema,NC-17
667538,1,premiere,2023-06-05,"New York City, New York",PG-13
667538,3,theatrical,2023-06-09,,PG-13
667538,4,digital,2023-07-11,,PG-13
667538,4,digital,2023-07-25,Paramount+,PG-13
667717,1,premiere,2023-06-09,,
667717,2,theatrical_limited,2023-11-24,,PG-13
668482,2,theatrical_limited,2022-12-09,,PG
668482,4,digital,2022-12-25,Netflix,PG
668640,3,theatrical,2022-06-17,,R
670292,1,premiere,2023-09-18,TCL Chinese Theatre,PG-13
670292,1,premiere,2023-09-26,Fantastic Fest,
670292,3,theatrical,2023-09-29,,PG-13
670292,4,digital,2023-11-14,,PG-13
670292,5,physical,2023-12-12,4K Ultra HD / Blu-ray / DVD,PG-13
670292,4,digital,2023-12-20,Hulu,PG-13
670292,4,digital,2024-12-19,Prime Video,PG-13
673309,3,theatrical,2021-12-25,,PG
673309,5,physical,2022-02-22,"DVD, Blu-ray, 4K UHD",PG
673593,1,premiere,2024-01-07,"New York City, New York",
673593,3,theatrical,2024-01-12,,PG-13
673593,4,digital,2024-02-20,,PG-13
673593,4,digital,2024-03-05,Paramount+ / MGM+,PG-13
673593,4,digital,2024-06-04,Prime Video,PG-13
674324,2,theatrical_limited,2022-10-21,,R
674324,3,theatrical,2022-11-04,,R
674324,4,digital,2022-12-13,,R
674324,6,tv,2022-12-17,HBO,R
674324,5,physical,2022-12-20,Blu-ray / DVD,R
675353,3,theatrical,2022-04-08,,PG
675353,4,digital,2022-05-24,,PG
675353,5,physical,2022-08-09,4K Blu-ray / Blu-ray / DVD,PG
675445,3,theatrical,2021-08-20,,G
675445,4,digital,2021-08-20,Peacock,G
675445,5,physical,2021-11-02,"DVD, Blu-ray",G
675871,3,theatrical,2026-08-07,,R
675871,4,digital,2026-09-22,,R
676710,3,theatrical,2023-02-03,,PG
676727,3,theatrical,2023-09-15,,PG
677179,1,premiere,2023-02-27,"Los Angeles, California",PG-13
677179,3,theatrical,2023-03-03,,PG-13
677179,4,digital,2023-03-31,,PG-13
677179,5,physical,2023-05-23,4K Ultra HD / Blu-ray / DVD,PG-13
677179,4,digital,2023-06-09,Prime Video,PG-13
678512,3,theatrical,2023-07-04,,PG-13
678512,4,digital,2023-10-13,Angel Studios,PG-13
678512,4,digital,2023-11-03,,PG-13
678512,5,physical,2023-11-14,Blu-ray / DVD,PG-13
678512,4,digital,2023-12-26,Prime Video,PG-13
680493,3,theatrical,2026-01-23,,R
680493,4,digital,2026-02-24,,R
680493,5,physical,2026-03-17,4K Ultra HD / Blu-ray / DVD,R
680493,4,digital,2026-06-05,Screambox,R
680493,4,digital,2026-06-12,Hulu,R
680813,1,premiere,2021-01-28,Sundance Film Festival,
680813,2,theatrical_limited,2021-12-03,NY and LA,PG-13
680813,5,physical,2022-03-01,Blu-ray,PG-13
681887,3,theatrical,2021-03-12,,R
682012,1,premiere,2025-10-19,Animation Is Film Festival,
682012,1,premiere,2025-10-27,SCAD Savannah Film Festival,
682012,2,theatrical_limited,2025-10-31,,PG
682012,3,theatrical,2025-11-07,,PG
682012,4,digital,2025-12-09,,PG
682012,5,physical,2026-03-10,Blu-ray,PG
682507,1,premiere,2022-07-11,"New York City, New York",PG-13
682507,3,theatrical,2022-07-15,,PG-13
682507,4,digital,2022-09-06,,PG-13
682507,5,physical,2022-09-13,,PG-13
682507,4,digital,2022-11-12,Netflix,PG-13
683311,2,theatrical_limited,2021-12-03,,NR
683311,4,digital,2021-12-03,,NR
687163,3,theatrical,2026-03-20,,PG-13
687163,4,digital,2026-05-12,,PG-13
687163,4,digital,2026-06-18,MGM+,PG-13
687163,6,tv,2026-06-20,MGM+,PG-13
687163,4,digital,2026-07-03,Prime Video,PG-13
687163,5,physical,2026-08-11,4K Ultra HD / Blu-ray / DVD,PG-13
693113,3,theatrical,2021-07-23,,R
693134,3,theatrical,2024-03-01,,PG-13
693134,4,digital,2024-04-16,,PG-13
693134,5,physical,2024-05-14,4K Ultra HD / Blu-ray / DVD,PG-13
693134,4,digital,2024-05-21,Max,PG-13
693134,6,tv,2024-06-01,HBO,PG-13
693827,2,theatrical_limited,2021-06-25,,R
693827,4,digital,2021-06-25,,R
695721,3,theatrical,2023-11-17,,PG-13
695721,4,digital,2023-12-19,,PG-13
695721,5,physical,2024-02-13,Blu-ray / DVD,PG-13
695721,4,digital,2024-05-14,Starz,PG-13
695721,4,digital,2025-11-14,The Roku Channel,PG-13
695721,4,digital,2026-01-14,Peacock,PG-13
695721,4,digital,2026-07-18,Netflix,PG-13
696157,3,theatrical,2022-12-23,,PG-13
696157,4,digital,2023-02-07,,PG-13
696157,5,physical,2023-02-28,,PG-13
696157,4,digital,2023-04-22,Netflix,PG-13
696393,1,premiere,2026-01-29,New York,R
696393,3,theatrical,2026-02-13,,R
696393,4,digital,2026-03-06,,R
696506,3,theatrical,2025-03-07,,R
696506,4,digital,2025-04-08,,R
696506,5,physical,2025-05-13,4K Ultra HD / Blu-ray / DVD,R
696506,4,digital,2025-05-23,Max,R
696506,4,digital,2025-05-24,HBO,R
698508,3,theatrical,2022-01-21,,PG-13
698508,4,digital,2022-02-08,,PG-13
698508,4,digital,2022-03-07,Peacock,PG-13
698508,5,physical,2022-03-08,Blu-ray / DVD,PG-13
698508,6,tv,2023-09-07,Starz,PG-13
698508,4,digital,2025-09-07,Netflix,PG-13
698687,3,theatrical,2024-09-20,,PG
698687,4,digital,2024-10-22,,PG
698687,4,digital,2024-11-15,Paramount+,PG
698687,5,physical,2024-12-17,4K Ultra HD / DVD,PG
698687,2,theatrical_limited,2025-07-23,Re-Release,PG
698687,4,digital,2026-10-15,Netflix,PG
700391,3,theatrical,2023-03-10,,PG-13
700391,4,digital,2023-04-07,,PG-13
700391,5,physical,2023-05-30,4K Ultra HD / Blu-ray / DVD,PG-13
700391,4,digital,2023-07-08,Netflix,PG-13
701387,1,premiere,2025-08-30,Telluride Film Festival,
701387,1,premiere,2025-09-22,Fantastic Fest,
701387,1,premiere,2025-10-05,Mill Valley Film Festival,
701387,1,premiere,2025-10-08,Beyond Fest,
701387,1,premiere,2025-10-16,Chicago International Film Festival,
701387,1,premiere,2025-10-17,Woodstock Film Festival,
701387,1,premiere,2025-10-18,FocusFest / Montclair Film Festival / Philadelphia Film Festival,
701387,1,premiere,2025-10-22,AFI Fest / Twin Cities Film Fest,
701387,2,theatrical_limited,2025-10-24,,R
701387,3,theatrical,2025-10-31,,R
701387,4,digital,2025-11-25,,R
701387,5,physical,2025-12-23,4K Ultra HD / Blu-ray / DVD,R
701387,4,digital,2025-12-26,Peacock,R
701387,4,digital,2026-04-26,Netflix,R
709631,2,theatrical_limited,2023-07-21,,R
709631,4,digital,2023-08-11,,R
709631,4,digital,2023-10-20,Hulu,R
710295,3,theatrical,2025-01-17,,R
710295,4,digital,2025-02-04,,R
710295,5,physical,2025-03-18,Blu-ray / DVD,R
710295,4,digital,2025-04-18,Peacock,R
710295,4,digital,2025-08-22,Prime Video,R
710295,4,digital,2026-10-18,Hulu,R
712454,1,premiere,2021-10-22,Animation Is Film Festival,
712454,2,theatrical_limited,2021-11-24,,
712454,4,digital,2021-11-30,Netflix,PG
713704,1,premiere,2023-03-16,South by Southwest Film & TV Festival,
713704,3,theatrical,2023-04-21,,R
713704,4,digital,2023-05-09,,R
713704,4,digital,2023-06-23,Max,R
713704,6,tv,2023-06-24,HBO,R
713704,5,physical,2023-06-27,4K Ultra HD / Blu-ray / DVD,R
713704,4,digital,2024-09-23,Netflix,R
714676,1,premiere,2022-01-23,Sundance Film Festival (Virtual),
714676,2,theatrical_limited,2022-03-18,,R
714676,4,digital,2022-09-30,Starz,R
714888,2,theatrical_limited,2022-09-30,,R
714888,4,digital,2022-10-20,Prime Video,R
716612,1,premiere,2021-09-04,Telluride Film Festival,
716612,1,premiere,2021-10-09,Hamptons International Film Festival / Heartland International Film Festival,
716612,1,premiere,2021-10-13,Mill Valley Film Festival,
716612,1,premiere,2021-10-15,San Diego International Film Festival,
716612,1,premiere,2021-10-22,Independent Film Festival Boston,
716612,1,premiere,2021-10-23,Newport Beach International Film Festival / Philadelphia International Film Festival,
716612,1,premiere,2021-10-24,Chicago International Film Festival / Montclair Film Festival,
716612,1,premiere,2021-10-28,Austin Film Festival / SCAD Savannah Film Festival,
716612,1,premiere,2021-10-29,Virginia Film Festival,
716612,1,premiere,2021-11-05,Miami Film Festival,
716612,3,theatrical,2021-11-05,,R
716612,4,digital,2021-11-23,PVOD,R
716612,1,premiere,2022-01-06,Palm Springs International Film Festival,
716612,5,physical,2022-01-11,Blu-ray and DVD,R
717728,2,theatrical_limited,2022-09-19,Fathom Events Three Day,R
717728,5,physical,2022-11-15,DVD/Blu-ray debut,R
717930,3,theatrical,2023-05-26,,R
717930,4,digital,2023-06-15,,R
717930,5,physical,2023-07-18,,R
718032,1,premiere,2021-11-20,"Westwood, California",R
718032,2,theatrical_limited,2021-11-26,,R
718032,3,theatrical,2021-12-25,,R
718032,4,digital,2022-03-01,,R
718032,1,premiere,2022-03-04,Santa Barbara International Film Festival,
718032,5,physical,2022-03-15,,R
718032,4,digital,2022-08-05,Prime Video / Epix,R
718789,1,premiere,2022-06-08,"Los Angeles, California",PG
718789,3,theatrical,2022-06-17,,PG
718789,4,digital,2022-08-03,,PG
718789,5,physical,2022-09-13,4K Ultra HD / Blu-ray / DVD,PG
718821,3,theatrical,2024-07-19,,PG-13
718821,4,digital,2024-08-13,,PG-13
718821,5,physical,2024-10-22,4K Ultra HD / Blu-ray / DVD,PG-13
718821,4,digital,2024-11-15,Peacock,PG-13
718821,4,digital,2026-05-15,Hulu,PG-13
718930,1,premiere,2022-08-01,TCL Chinese Theatre,R
718930,3,theatrical,2022-08-05,,R
718930,4,digital,2022-09-27,,R
718930,5,physical,2022-10-18,4K Ultra HD / Blu-ray / DVD,R
718930,4,digital,2022-12-03,Netflix,R
718930,4,digital,2024-06-03,Hulu,R
718930,6,tv,2024-06-05,FX,R
718930,6,tv,2025-06-01,HBO 2,R
718930,4,digital,2025-06-03,Max,R
719221,3,theatrical,2024-05-03,,PG-13
719221,4,digital,2024-05-28,,PG-13
719221,5,physical,2024-07-09,Blu-ray / DVD,PG-13
719256,3,theatrical,2023-02-24,,PG-13
720557,3,theatrical,2023-11-11,,NR
720557,4,digital,2024-01-07,Prime Video,
722778,2,theatrical_limited,2021-12-03,,R
722778,4,digital,2021-12-15,Netflix,R
724495,3,theatrical,2022-09-16,,PG-13
724495,4,digital,2022-11-22,,PG-13
724495,5,physical,2022-12-13,4K Ultra HD / Blu-ray / DVD,PG-13
724495,4,digital,2023-02-16,Netflix,PG-13
724665,2,theatrical_limited,2022-09-16,,R
724665,4,digital,2022-09-16,,R
724665,6,tv,2022-10-28,Showtime,R
725201,1,premiere,2022-07-13,"Hollywood, California",PG-13
725201,2,theatrical_limited,2022-07-15,,PG-13
725201,4,digital,2022-07-22,Netflix,PG-13
728949,1,premiere,2024-10-02,Beyond Fest,
728949,1,premiere,2024-10-13,Mill Valley Film Festival,
728949,1,premiere,2024-10-15,Heartland International Film Festival,
728949,1,premiere,2024-10-17,Refocus Film Festival,
728949,1,premiere,2024-10-30,Austin Film Festival,
728949,1,premiere,2024-11-17,St. Louis International Film Festival,
728949,2,theatrical_limited,2024-12-06,,R
728949,4,digital,2024-12-27,Hulu,R
730047,1,premiere,2021-09-02,Telluride Film Festival,
730047,2,theatrical_limited,2021-12-17,Los Angeles,PG-13
730047,3,theatrical,2022-02-25,,PG-13
730047,5,physical,2022-04-19,"DVD, Blu-ray",PG-13
734002,1,premiere,2023-10-08,Hamptons International Film Festival,
734002,1,premiere,2023-10-25,AFI Fest,
734002,3,theatrical,2023-12-08,qualifying run in L.A./NYC,R
734002,2,theatrical_limited,2024-01-26,,R
734002,4,digital,2024-07-11,Netflix,
734253,3,theatrical,2023-06-16,,NR
736732,1,premiere,2022-09-02,Telluride Film Festival,
736732,3,theatrical,2022-12-26,,R
736732,5,physical,2023-02-21,Blu-Ray,
738652,3,theatrical,2021-09-17,,R
738652,5,physical,2021-12-07,,
739405,3,theatrical,2023-03-03,,R
739405,4,digital,2023-03-21,,R
739405,5,physical,2023-05-16,Blu-ray / DVD,R
739405,6,tv,2023-08-30,Starz,R
739405,4,digital,2025-02-28,The Roku Channel,R
743563,3,theatrical,2022-06-02,,NR
744275,3,theatrical,2021-09-30,,R
744275,5,physical,2022-02-08,"DVD, Blu-ray",R
744276,3,theatrical,2022-09-07,,R
744276,4,digital,2022-09-23,,R
744276,5,physical,2022-11-08,Blu-ray / DVD,R
744276,4,digital,2022-12-25,Netflix,R
744594,1,premiere,2022-09-30,New York Film Festival,
744594,2,theatrical_limited,2022-11-25,,R
744594,4,digital,2022-12-30,Netflix,R
746036,1,premiere,2024-03-12,South by Southwest Film & TV Festival,
746036,1,premiere,2024-04-30,Dolby Theatre,PG-13
746036,3,theatrical,2024-05-03,,PG-13
746036,4,digital,2024-05-21,,PG-13
746036,5,physical,2024-07-23,Blu-ray / DVD,PG-13
746036,4,digital,2024-08-30,Peacock,PG-13
746036,4,digital,2025-01-01,Prime Video,PG-13
747188,2,theatrical_limited,2023-06-16,,PG-13
747188,3,theatrical,2023-06-23,,PG-13
747188,4,digital,2023-07-11,,PG-13
747188,4,digital,2023-08-11,Peacock,PG-13
747188,5,physical,2023-08-15,Blu-ray / DVD,PG-13
747188,6,tv,2025-02-11,Starz,PG-13
747803,2,theatrical_limited,2022-09-02,,R
747803,4,digital,2022-09-02,,R
747803,5,physical,2022-11-01,DVD,R
748618,2,theatrical_limited,2021-12-10,,R
748783,1,premiere,2024-05-20,"Los Angeles, California",PG
748783,3,theatrical,2024-05-24,,PG
748783,4,digital,2024-07-09,,PG
748783,4,digital,2024-09-21,Netflix,PG
748783,2,theatrical_limited,2025-07-16,Re-Release,PG
749004,1,premiere,2021-09-02,Telluride Film Festival,
749004,1,premiere,2021-10-06,New York Film Festival,
749004,1,premiere,2021-11-13,AFI Fest,
749004,2,theatrical_limited,2022-04-22,,PG
749004,3,theatrical,2022-05-06,,PG
749274,3,theatrical,2021-09-17,,PG-13
749274,4,digital,2021-09-17,HBO Max,PG-13
749274,4,digital,2021-11-05,,PG-13
749274,5,physical,2021-12-07,,PG-13
749274,6,tv,2022-02-12,HBO,PG-13
751237,3,theatrical,2022-03-18,,PG-13
751237,4,digital,2022-04-07,,PG-13
751237,5,physical,2022-05-24,Blu-ray / DVD,PG-13
751237,4,digital,2022-07-16,Netflix,PG-13
752623,1,premiere,2022-03-12,South by Southwest Film Festival,
752623,3,theatrical,2022-03-25,,PG-13
752623,4,digital,2022-05-10,,PG-13
752623,5,physical,2022-07-26,,PG-13
753336,2,theatrical_limited,2023-12-08,"New York City, New York & Los Angeles, California",PG-13
753336,2,theatrical_limited,2024-01-19,,PG-13
753336,4,digital,2024-03-12,,PG-13
753336,5,physical,2024-06-11,,
753342,3,theatrical,2023-11-22,,R
753342,4,digital,2024-01-09,,R
753342,4,digital,2024-02-29,Apple TV+,R
753342,4,digital,2024-08-29,Apple TV+ (Director's Cut),R
756397,1,premiere,2024-10-31,,PG
756397,3,theatrical,2024-11-01,,PG
756999,1,premiere,2021-09-25,Fantastic Fest,
756999,1,premiere,2021-10-09,Beyond Fest,
756999,3,theatrical,2022-06-24,,R
756999,4,digital,2022-07-15,,R
756999,4,digital,2022-08-12,Peacock,R
756999,5,physical,2022-08-16,Blu-ray / DVD,R
756999,6,tv,2024-02-12,Starz,R
756999,2,theatrical_limited,2024-10-23,BlumFest 2024,R
756999,4,digital,2026-02-12,Netflix,R
757725,3,theatrical,2025-05-09,,R
757725,4,digital,2025-05-30,,R
757725,5,physical,2025-07-08,Blu-ray,R
757725,4,digital,2025-09-06,Starz,R
758323,3,theatrical,2023-04-14,,R
758323,4,digital,2023-05-02,,R
758323,5,physical,2023-06-13,Blu-ray / DVD,R
758323,4,digital,2023-08-23,Netflix,R
758323,4,digital,2026-10-01,Prime Video,R
758336,3,theatrical,2023-05-05,,PG-13
758336,4,digital,2023-05-23,,PG-13
758336,5,physical,2023-07-18,Blu-ray / DVD,PG-13
758336,4,digital,2023-09-02,Netflix,PG-13
758866,3,theatrical,2021-11-24,,NR
758866,5,physical,2022-03-01,,NR
758866,4,digital,2022-03-02,HBO Max,NR
758923,3,theatrical,2025-09-05,,NR
760099,4,digital,2022-01-21,Sundance Film Festival (Virtual),
760099,1,premiere,2022-09-02,Telluride Film Festival,
760099,1,premiere,2022-11-06,AFI Fest,
760099,2,theatrical_limited,2022-12-23,New York City / Los Angeles,PG-13
760099,3,theatrical,2023-01-06,,PG-13
760099,4,digital,2023-03-06,,PG-13
760161,3,theatrical,2022-08-19,,R
760161,4,digital,2022-08-19,,R
760161,5,physical,2022-10-18,,R
760329,3,theatrical,2025-10-03,,R
760329,4,digital,2025-11-04,,R
760329,4,digital,2026-01-23,HBO Max,R
760741,3,theatrical,2022-08-19,,R
760741,4,digital,2022-09-09,,R
760741,4,digital,2022-10-07,Peacock,R
760741,5,physical,2022-10-11,Blu-ray / DVD,R
760741,6,tv,2024-04-07,Starz,R
760741,4,digital,2026-04-07,Netflix,R
760926,3,theatrical,2022-03-11,,R
762430,3,theatrical,2023-08-25,,R
762430,4,digital,2023-09-15,,R
762430,5,physical,2023-10-31,Blu-ray / DVD,R
762430,6,tv,2024-02-21,Starz,R
762430,4,digital,2025-08-21,The Roku Channel,R
762430,4,digital,2025-10-21,Peacock,R
762441,1,premiere,2024-06-26,Tribeca Festival,
762441,3,theatrical,2024-06-28,,PG-13
762441,4,digital,2024-07-30,,PG-13
762441,4,digital,2024-08-27,Paramount+,PG-13
762441,5,physical,2024-10-08,Blu-ray / DVD,PG-13
762504,1,premiere,2022-07-18,"Los Angeles, CA",
762504,3,theatrical,2022-07-22,,R
762504,4,digital,2022-08-26,,R
762504,5,physical,2022-10-25,Blu-ray / DVD,R
762504,4,digital,2022-11-18,Peacock,R
762504,6,tv,2024-05-18,Starz,R
762504,4,digital,2026-05-18,Netflix,R
762509,1,premiere,2024-12-09,"Los Angeles, California",PG
762509,3,theatrical,2024-12-20,,PG
762509,4,digital,2025-02-18,,PG
762509,4,digital,2025-03-26,Disney+,PG
762509,5,physical,2025-04-01,Blu-ray / DVD,PG
763285,3,theatrical,2022-04-08,,R
763285,4,digital,2022-04-28,,R
763285,4,digital,2022-05-23,Peacock,R
763285,5,physical,2022-06-14,Blu-ray / DVD,R
763285,6,tv,2023-11-23,Starz,R
763285,4,digital,2025-11-23,Netflix,R
763329,1,premiere,2021-09-02,Telluride Film Festival,
763329,1,premiere,2021-09-29,New York Film Festival,
763329,1,premiere,2021-10-09,Mill Valley Film Festival,
763329,1,premiere,2021-10-24,Philadelphia Film Festival,
763329,1,premiere,2021-11-11,Houston Cinema Arts Film Festival,
763329,1,premiere,2021-11-12,AFI Fest,
763329,1,premiere,2021-11-14,Chicago Critics Film Festival,
763329,2,theatrical_limited,2021-12-10,,R
763329,3,theatrical,2021-12-24,,R
763329,4,digital,2022-02-05,A24 Screening Room,R
763329,4,digital,2022-02-08,,R
763329,5,physical,2022-03-08,,R
763329,6,tv,2022-09-01,Showtime,R
763329,4,digital,2024-02-01,Prime Video,R
765897,2,theatrical_limited,2025-02-21,,PG
765897,4,digital,2026-01-01,Starz,PG
766475,3,theatrical,2022-09-16,,PG-13
766475,4,digital,2022-11-01,,PG-13
766475,6,tv,2022-11-05,HBO,PG-13
766798,1,premiere,2021-10-08,New York Film Festival,
766798,1,premiere,2021-10-10,Hamptons International Film Festival,
766798,1,premiere,2021-10-15,Chicago International Film Festival,
766798,1,premiere,2021-10-24,Independent Film Festival Boston,
766798,1,premiere,2021-10-29,Virginia Film Festival,
766798,1,premiere,2021-11-04,Miami Film Festival,
766798,1,premiere,2021-11-13,AFI Fest,
766798,2,theatrical_limited,2021-12-15,MoMA - The Contenders,
766798,2,theatrical_limited,2021-12-24,,R
766798,5,physical,2022-04-05,,R
768362,3,theatrical,2023-01-20,,PG-13
768362,4,digital,2023-03-07,,PG-13
768362,5,physical,2023-03-28,Blu-ray / DVD,PG-13
768362,4,digital,2023-05-20,Netflix,PG-13
770724,1,premiere,2023-01-19,Sundance Film Festival,
770724,2,theatrical_limited,2023-05-12,,NR
770906,2,theatrical_limited,2023-12-21,,NR
770906,4,digital,2024-01-20,Netflix,
772973,2,theatrical_limited,2022-10-07,,NR
772973,4,digital,2022-10-07,,NR
774370,3,theatrical,2025-01-31,,PG
774370,4,digital,2025-02-18,,PG
774370,5,physical,2025-04-01,Blu-ray / DVD,PG
774370,4,digital,2025-05-30,Peacock,PG
774370,4,digital,2025-09-30,Netflix,PG
774456,3,theatrical,2021-08-27,,PG
774531,1,premiere,2024-05-16,The Hollywood Roosevelt,PG
774531,2,theatrical_limited,2024-05-31,,PG
774531,4,digital,2024-07-19,Disney+,PG
776503,1,premiere,2021-01-29,Sundance Film Festival (Satellite Screenings),
776503,1,premiere,2021-06-27,Nantucket Film Festival,
776503,4,digital,2021-08-12,Apple TV+,PG-13
776503,2,theatrical_limited,2021-08-13,,PG-13
776503,1,premiere,2023-01-26,Sundance Film Festival,
776503,5,physical,2025-11-04,,
777245,1,premiere,2022-09-02,Telluride Film Festival,
777245,1,premiere,2022-10-10,New York Film Festival,
777245,1,premiere,2022-10-29,Austin Film Festival,
777245,2,theatrical_limited,2022-12-23,,PG-13
777245,3,theatrical,2023-01-20,,PG-13
777245,4,digital,2023-02-21,,PG-13
777270,1,premiere,2021-09-02,Telluride Film Festival,
777270,3,theatrical,2021-11-12,,PG-13
777270,4,digital,2021-12-01,PVOD,PG-13
777270,4,digital,2022-02-08,,PG-13
777270,5,physical,2022-03-01,,PG-13
777270,4,digital,2022-08-05,HBO Max,PG-13
779816,1,premiere,2023-07-30,San Francisco Jewish Film Festival,
779816,3,theatrical,2024-10-04,,PG-13
779816,6,tv,2025-03-30,Starz,PG
780382,2,theatrical_limited,2022-02-04,,PG
780609,3,theatrical,2022-05-20,,R
780609,4,digital,2022-07-17,A24 Screening Room,R
780609,4,digital,2022-07-19,,R
780609,5,physical,2022-08-09,Blu-ray & DVD,R
780609,6,tv,2023-01-20,Showtime,R
781732,3,theatrical,2023-12-01,,R
781732,4,digital,2024-01-26,Netflix,
784651,3,theatrical,2024-01-25,,NR
784651,4,digital,2024-03-21,Netflix,R
785084,1,premiere,2022-10-08,Hamptons International Film Festival,
785084,1,premiere,2022-10-13,Mill Valley Film Festival,
785084,1,premiere,2022-10-14,Middleburg Film Festival,
785084,1,premiere,2022-10-22,Philadelphia Film Festival,
785084,1,premiere,2022-10-23,Montclair Film Festival,
785084,1,premiere,2022-10-27,Austin Film Festival,
785084,2,theatrical_limited,2022-12-09,,R
785084,3,theatrical,2022-12-21,,R
785084,4,digital,2023-02-21,,R
785084,5,physical,2023-03-14,,R
785663,1,premiere,2021-09-30,Woodstock Film Festival,NR
785663,3,theatrical,2021-10-01,,NR
786892,3,theatrical,2024-05-24,,R
786892,4,digital,2024-06-25,,R
786892,5,physical,2024-08-13,Blu-ray / DVD,R
786892,4,digital,2024-08-16,Max,R
786892,6,tv,2024-08-17,HBO,R
787699,3,theatrical,2023-12-15,,PG
787699,4,digital,2024-01-30,,PG
787699,5,physical,2024-02-27,Blu-ray / DVD,PG
787699,4,digital,2024-03-08,Max,PG
787699,6,tv,2024-03-09,HBO,PG
788929,1,premiere,2021-09-25,Fantastic Fest,
788929,1,premiere,2021-09-30,Beyond Fest,
788929,2,theatrical_limited,2021-10-08,,R
788929,4,digital,2021-10-26,A24 Screening Room,R
788929,4,digital,2021-10-28,,R
790462,1,premiere,2023-06-12,Tribeca Festival,
790462,3,theatrical,2024-01-19,,R
791177,1,premiere,2022-09-03,Telluride Film Festival,
791177,1,premiere,2022-09-25,Fantastic Fest,
791177,1,premiere,2022-10-06,New York Film Festival,
791177,1,premiere,2022-11-05,AFI Fest,
791177,2,theatrical_limited,2022-11-18,New York City and Los Angeles,R
791177,3,theatrical,2022-11-23,,R
791177,5,physical,2023-01-31,,R
791177,5,physical,2024-11-05,Scream Factory 4k,R
792293,2,theatrical_limited,2023-09-15,,R
792293,3,theatrical,2023-09-22,wide release,R
792293,3,theatrical,2023-09-29,saturation release,R
792293,4,digital,2023-11-07,,R
792293,5,physical,2023-12-12,Blu-ray / DVD,R
792293,4,digital,2024-01-21,Netflix,R
792307,1,premiere,2023-09-02,Telluride Film Festival,
792307,1,premiere,2023-09-30,New York Film Festival,
792307,1,premiere,2023-10-23,SCAD Savannah Film Festival,
792307,2,theatrical_limited,2023-12-08,,R
792307,3,theatrical,2023-12-22,,R
792307,4,digital,2024-02-27,,R
792307,4,digital,2024-03-07,Hulu,R
792307,5,physical,2024-03-12,Blu-ray / DVD,R
793285,2,theatrical_limited,2021-10-04,,PG
793285,4,digital,2021-11-23,,PG
793285,5,physical,2021-12-07,,PG
796185,3,theatrical,2023-12-08,,NR
796185,4,digital,2023-12-08,,NR
798286,1,premiere,2023-04-01,"Alamo Drafthouse Cinema (Brooklyn, New York)",
798286,1,premiere,2023-04-10,"Los Angeles, California",
798286,2,theatrical_limited,2023-04-14,,R
798286,3,theatrical,2023-04-21,,R
798286,4,digital,2023-06-13,,R
798286,5,physical,2023-07-11,,R
798286,4,digital,2026-05-01,Tubi,R
798645,3,theatrical,2025-11-14,,R
798645,4,digital,2025-12-11,,R
798645,4,digital,2026-01-13,Paramount+,R
798645,5,physical,2026-03-03,Blu-ray / DVD,R
799379,3,theatrical,2022-10-07,,NR
799583,1,premiere,2024-04-08,Cinemark Secret Movie Series & AMC Screen Unseen,R
799583,3,theatrical,2024-04-19,,R
799583,4,digital,2024-05-10,,R
799583,5,physical,2024-06-25,Blu-ray / DVD,R
799583,6,tv,2024-09-18,Starz,R
799766,1,premiere,2024-08-30,Telluride Film Festival,
799766,1,premiere,2024-09-24,Fantastic Fest,
799766,1,premiere,2024-10-08,Beyond Fest,
799766,1,premiere,2024-10-10,Mill Valley Film Festival,
799766,1,premiere,2024-10-16,Santa Fe International Film Festival,
799766,1,premiere,2024-10-18,Middleburg Film Festival,
799766,1,premiere,2024-10-22,Chicago International Film Festival,
799766,1,premiere,2024-10-23,Philadelphia Film Festival,
799766,1,premiere,2024-10-29,SCAD Savannah Film Festival,
799766,1,premiere,2024-11-02,Miami Film Festival GEMS,
799766,2,theatrical_limited,2024-12-25,,R
799766,1,premiere,2025-01-02,Palm Springs International Film Festival,
799766,3,theatrical,2025-01-10,,R
799766,4,digital,2025-02-11,,R
799876,3,theatrical,2022-03-18,,R
799876,4,digital,2022-04-06,,R
799876,4,digital,2022-05-02,Peacock,R
799876,5,physical,2022-05-03,Blu-ray / DVD,R
799876,6,tv,2023-11-02,Starz,R
799876,4,digital,2025-11-02,Netflix,R
800158,1,premiere,2023-10-14,New York Film Festival,
800158,1,premiere,2023-10-17,Chicago International Film Festival,
800158,2,theatrical_limited,2023-10-27,,R
800158,4,digital,2023-11-10,Netflix,R
800383,3,theatrical,2022-04-12,,
800383,4,digital,2022-05-11,Netflix,R
800497,1,premiere,2021-06-16,Tribeca Film Festival,
800497,2,theatrical_limited,2021-06-25,,R
800497,4,digital,2021-07-02,,R
800939,3,theatrical,2022-10-21,,PG-13
800939,4,digital,2022-12-09,Peacock,PG-13
800939,5,physical,2022-12-13,Blu-ray / DVD,PG-13
800939,6,tv,2024-06-09,Starz,PG-13
800939,4,digital,2026-06-09,Netflix,PG-13
801688,3,theatrical,2024-06-26,,PG-13
802219,3,theatrical,2024-02-14,,PG-13
802219,4,digital,2024-03-19,,PG-13
802219,4,digital,2024-04-12,Paramount+,PG-13
802219,5,physical,2024-05-28,Blu-ray / DVD,PG-13
803114,2,theatrical_limited,2022-01-28,,R
803114,4,digital,2022-01-28,,R
803796,2,theatrical_limited,2025-06-20,,PG
803796,4,digital,2025-06-20,Netflix,PG
803796,3,theatrical,2025-08-23,Sing-along version,PG
803796,4,digital,2025-08-25,Netflix (sing-along version),PG
803796,2,theatrical_limited,2025-09-27,"Paris Theater, New York",PG
803796,3,theatrical,2025-10-31,Sing-along version,PG
803796,5,physical,2026-11-03,4K Ultra HD / Blu-ray / DVD (The Criterion Collection),PG
804095,1,premiere,2022-11-06,AFI Fest,
804095,2,theatrical_limited,2022-11-11,Los Angeles & New York City,PG-13
804095,3,theatrical,2022-11-23,,PG-13
804095,4,digital,2022-12-13,,PG-13
804095,5,physical,2023-02-14,DVD & Blu-Ray,PG-13
804095,4,digital,2023-05-11,Showtime,PG-13
804095,6,tv,2023-05-12,Showtime,PG-13
804095,4,digital,2024-12-11,Starz,PG-13
804095,4,digital,2025-12-11,Peacock,PG-13
804150,1,premiere,2023-02-21,"Los Angeles, California",R
804150,3,theatrical,2023-02-24,,R
804150,4,digital,2023-03-14,,R
804150,4,digital,2023-04-14,Peacock,R
804150,5,physical,2023-04-18,Blu-ray / DVD,R
804150,6,tv,2024-10-14,Starz,R
804251,1,premiere,2022-10-06,New York Film Festival,
804251,2,theatrical_limited,2023-01-06,,NR
804251,4,digital,2023-02-24,MUBI,NR
804370,1,premiere,2025-10-18,Animation Is Film Festival / Philadelphia Film Festival,
804370,1,premiere,2025-10-19,Hawai‘i International Film Festival / Heartland International Film Festival,
804370,2,theatrical_limited,2025-11-14,,PG
804370,1,premiere,2026-01-11,Palm Springs International Film Festival,
804370,2,theatrical_limited,2026-01-23,,PG
804370,3,theatrical,2026-01-30,,PG
804370,4,digital,2026-02-24,,PG
804370,4,digital,2026-05-22,Hulu,PG
807172,3,theatrical,2023-10-06,,R
807172,4,digital,2023-10-24,,R
807172,4,digital,2023-12-01,Peacock,R
807172,5,physical,2023-12-19,Blu-ray / DVD,R
807172,6,tv,2025-06-01,Starz,R
807356,1,premiere,2022-01-21,Sundance Film Festival,
807356,4,digital,2022-01-21,Sundance Film Festival (Virtual),
807356,1,premiere,2022-03-13,South by Southwest Film Festival,
807356,1,premiere,2022-03-31,Sun Valley Film Festival,
807356,1,premiere,2022-04-07,Cleveland International Film Festival,
807356,1,premiere,2022-04-21,Seattle International Film Festival,
807356,1,premiere,2022-04-30,Milwaukee Film Festival,
807356,1,premiere,2022-05-13,Minneapolis-St. Paul International Film Festival,
807356,1,premiere,2022-05-14,Philadelphia Film Society SpringFest,
807356,3,theatrical,2022-06-03,,R
807356,4,digital,2022-06-03,,R
807356,4,digital,2022-08-26,Shudder,R
809140,1,premiere,2022-03-05,"West Des Moines, Iowa",
809140,3,theatrical,2022-04-13,,R
809140,4,digital,2022-05-31,,R
809140,5,physical,2022-06-14,,R
809140,4,digital,2022-09-16,Netflix,R
809140,3,theatrical,2022-12-09,PG-13 version,PG-13
809140,4,digital,2023-03-07,PG-13 version,PG-13
809140,5,physical,2023-03-28,PG-13 version DVD,PG-13
809787,1,premiere,2023-04-11,"New York City, New York",
809787,3,theatrical,2023-04-14,,R
811631,3,theatrical,2022-03-25,,R
811631,5,physical,2022-06-14,,
811941,1,premiere,2024-09-26,Beyond Fest,
811941,3,theatrical,2024-09-26,,NR
811941,4,digital,2024-11-08,Netflix,R
811941,4,digital,2024-11-21,Netflix (English dub),R
811941,4,digital,2024-11-22,Netflix (Hindi dub),R
811944,3,theatrical,2025-01-10,,NR
811945,3,theatrical,2022-12-01,,R
812583,1,premiere,2025-10-08,Mill Valley Film Festival,
812583,1,premiere,2025-10-16,Philadelphia Film Festival,
812583,1,premiere,2025-10-17,Woodstock Film Festival,
812583,1,premiere,2025-10-18,Chicago International Film Festival,
812583,1,premiere,2025-10-19,San Diego International Film Festival,
812583,1,premiere,2025-10-24,Austin Film Festival,
812583,1,premiere,2025-10-31,Denver Film Festival,
812583,1,premiere,2025-11-01,SCAD Savannah Film Festival,
812583,1,premiere,2025-11-05,Miami Film Festival GEMS,
812583,1,premiere,2025-11-17,"Los Angeles, California",PG-13
812583,2,theatrical_limited,2025-11-26,,PG-13
812583,4,digital,2025-12-12,Netflix,PG-13
812635,1,premiere,2023-01-14,Palm Springs International Film Festival,
812635,1,premiere,2023-03-04,Boulder Film Festival,
812635,1,premiere,2023-03-23,Cleveland International Film Festival,
812635,1,premiere,2023-03-29,Phoenix Film Festival,
812635,1,premiere,2023-04-16,Minneapolis St. Paul International Film Festival,
812635,3,theatrical,2023-04-21,,PG-13
812635,4,digital,2023-06-16,,PG-13
813418,3,theatrical,2026-08-21,,R
813418,4,digital,2026-09-08,,R
814215,3,theatrical,2023-12-01,,NR
814215,4,digital,2024-01-26,ZEE5 Global,
814757,1,premiere,2022-09-03,Telluride Film Festival,
814757,3,theatrical,2022-12-09,,R
814757,4,digital,2023-02-07,,R
814757,6,tv,2023-02-18,HBO,R
814757,5,physical,2023-02-21,Blu-ray / DVD,R
814776,1,premiere,2023-03-11,South by Southwest Film & TV Festival,
814776,1,premiere,2023-06-16,Frameline,
814776,1,premiere,2023-07-21,Outfest LA Film Festival,
814776,2,theatrical_limited,2023-08-25,,R
814776,1,premiere,2023-08-26,Sidewalk Film Festival,
814776,3,theatrical,2023-09-01,,R
814776,4,digital,2023-09-22,,R
814776,4,digital,2023-11-27,MGM+,R
814776,6,tv,2023-11-29,MGM+,R
814776,4,digital,2024-02-14,Prime Video,R
814776,5,physical,2025-05-27,,R
814889,1,premiere,2024-09-19,Fantastic Fest,
814889,3,theatrical,2024-09-20,,R
814889,4,digital,2024-10-11,,R
814889,6,tv,2025-03-19,Starz,R
816904,3,theatrical,2023-02-24,,PG
817758,1,premiere,2022-09-03,Telluride Film Festival,
817758,1,premiere,2022-10-03,New York Film Festival,
817758,2,theatrical_limited,2022-10-07,,R
817758,3,theatrical,2022-10-28,,R
817758,4,digital,2022-11-15,,R
817758,5,physical,2022-12-20,Blu-ray / DVD,R
817758,4,digital,2023-01-27,Peacock,R
817758,6,tv,2024-07-27,Starz,R
817758,4,digital,2026-07-27,Netflix,R
818110,2,theatrical_limited,2023-03-10,,NR
818397,3,theatrical,2022-04-29,,R
819876,2,theatrical_limited,2022-06-03,,R
819876,3,theatrical,2022-06-10,,R
819876,4,digital,2022-06-21,,R
819876,5,physical,2022-08-09,,R
820446,3,theatrical,2022-05-20,,PG
820446,4,digital,2022-06-09,,PG
820446,4,digital,2022-06-24,Peacock,PG
820446,5,physical,2022-07-05,Blu-ray / DVD,PG
820446,6,tv,2023-12-24,Starz,PG
820446,4,digital,2025-12-24,Netflix,PG
820525,2,theatrical_limited,2023-09-13,,R
820525,4,digital,2023-10-03,,R
820697,1,premiere,2022-09-22,Fantastic Fest,
820697,1,premiere,2022-11-05,AFI Fest,
820697,2,theatrical_limited,2023-03-24,,NR
820697,4,digital,2023-05-12,MUBI,NR
822119,1,premiere,2025-02-11,TCL Chinese Theatre,PG-13
822119,3,theatrical,2025-02-14,,PG-13
822119,4,digital,2025-04-15,,PG-13
822119,5,physical,2025-05-13,4K Ultra HD / Blu-ray / DVD,PG-13
822119,4,digital,2025-05-28,Disney+,PG-13
823219,1,premiere,2024-10-12,Hamptons International Film Festival / Hawai'i International Film Festival / Heartland International Film Festival,
823219,1,premiere,2024-10-19,Animation Is Film Festival / FilmColumbia Film Festival / Montclair Film Festival / Orcas Island Film Festival / Philadelphia International Film Festival / Woodstock Film Festival,
823219,1,premiere,2024-10-26,Chicago International Film Festival,
823219,1,premiere,2024-10-28,SCAD Savannah Film Festival,
823219,1,premiere,2024-11-03,Denver Film Festival / Virginia Film Festival,
823219,1,premiere,2024-11-10,New York Baltic Film Festival,
823219,1,premiere,2024-11-11,Fort Lauderdale International Film Festival,
823219,2,theatrical_limited,2024-11-22,,PG
823219,3,theatrical,2024-12-06,,PG
823219,1,premiere,2025-01-04,Palm Springs International Film Festival,
823219,4,digital,2025-01-07,,
823219,4,digital,2025-02-14,Max,
823219,6,tv,2025-02-15,HBO,
823219,1,premiere,2025-03-01,Boston Baltic Film Festival,
823219,5,physical,2025-09-23,Criterion,
823425,3,theatrical,2021-12-10,,R
823425,4,digital,2021-12-28,PVOD,R
823452,1,premiere,2023-12-11,Samuel Goldwyn Theater,PG-13
823452,3,theatrical,2023-12-25,,PG-13
823452,4,digital,2024-01-16,,PG-13
823452,4,digital,2024-03-29,MGM+,PG-13
823452,6,tv,2024-03-30,MGM+,PG-13
823452,4,digital,2024-05-27,Prime Video,PG-13
823464,1,premiere,2024-03-25,"Los Angeles, California",PG-13
823464,3,theatrical,2024-03-29,,PG-13
823464,4,digital,2024-05-14,,PG-13
823464,4,digital,2024-07-04,Max,PG-13
823464,6,tv,2024-07-06,HBO,PG-13
823482,1,premiere,2023-09-24,Fantastic Fest,
823482,1,premiere,2023-10-14,Chicago International Film Festival,
823482,2,theatrical_limited,2023-11-10,,R
823482,3,theatrical,2023-12-01,,R
823482,4,digital,2023-12-22,,R
823482,5,physical,2024-02-27,,R
823482,4,digital,2024-03-15,Max,R
823482,6,tv,2024-03-15,HBO,R
823491,1,premiere,2023-09-22,Fantastic Fest,
823491,3,theatrical,2024-02-09,,R
823491,4,digital,2024-02-27,,
823625,3,theatrical,2022-02-11,,PG-13
823625,5,physical,2022-05-03,"DVD, Blu-ray",PG-13
824281,3,theatrical,2022-08-05,,PG-13
824281,5,physical,2022-10-18,Blu-ray / DVD,PG-13
824281,6,tv,2024-09-04,Starz,PG-13
824281,4,digital,2025-09-04,Peacock,PG-13
824281,4,digital,2026-09-04,Netflix,PG-13
826510,3,theatrical,2024-08-02,,PG
826510,4,digital,2024-08-27,,PG
826510,4,digital,2024-10-31,Netflix,PG
826510,2,theatrical_limited,2025-06-25,Re-Release,PG
826749,2,theatrical_limited,2021-12-17,,R
826749,4,digital,2021-12-17,,R
826749,5,physical,2021-12-21,,R
829051,3,theatrical,2023-05-26,,PG-13
829051,4,digital,2023-06-16,,PG-13
829051,5,physical,2023-08-01,Blu-ray / DVD,PG-13
829051,6,tv,2023-11-01,Starz,PG-13
829051,4,digital,2025-05-01,The Roku Channel,PG-13
829051,4,digital,2025-07-01,Peacock,PG-13
830784,3,theatrical,2022-10-07,,PG
830784,4,digital,2022-11-22,,PG
830784,5,physical,2022-12-13,4K Ultra HD / Blu-ray / DVD,PG
830784,4,digital,2023-02-04,Netflix,PG
830788,3,theatrical,2022-08-26,,PG-13
830788,4,digital,2022-09-16,,PG-13
830788,5,physical,2022-10-25,Blu-ray / DVD (Theatrical and Unrated Cut),PG-13
830788,4,digital,2022-12-24,Netflix,PG-13
833339,1,premiere,2022-01-21,Sundance Film Festival,
833339,2,theatrical_limited,2022-09-09,"Los Angeles, California",NR
833339,4,digital,2022-09-15,Shudder,NR
833420,2,theatrical_limited,2022-05-27,,R
834562,3,theatrical,2024-05-10,,R
837881,1,premiere,2022-10-13,New York Film Festival,
837881,3,theatrical,2022-11-18,,R
837881,4,digital,2022-12-06,,R
837881,4,digital,2023-01-06,Peacock,R
837881,5,physical,2023-01-10,Blu-ray / DVD,R
837881,6,tv,2024-07-06,Starz,R
837881,4,digital,2026-07-06,Netflix,R
838240,1,premiere,2023-10-21,Animation is Film Festival,
838240,1,premiere,2023-10-28,Austin Film Festival,
838240,1,premiere,2024-03-24,Sonoma International Film Festival,
838240,1,premiere,2024-04-25,Milwaukee Film Festival,
838240,2,theatrical_limited,2024-05-31,,NR
838240,4,digital,2024-09-10,,PG-13
838240,5,physical,2024-10-08,Blu-ray / DVD,PG-13
838240,4,digital,2024-11-26,Hulu,PG-13
839033,3,theatrical,2024-12-13,,PG-13
839033,4,digital,2024-12-27,,PG-13
839033,5,physical,2025-02-18,4K Ultra HD / Blu-ray / DVD,PG-13
839033,4,digital,2025-02-28,Max,PG-13
839033,6,tv,2025-03-01,HBO,PG-13
839369,1,premiere,2023-09-29,New York Film Festival,
839369,2,theatrical_limited,2023-11-17,,R
839369,4,digital,2023-12-01,Netflix,R
840326,3,theatrical,2023-04-28,,R
840326,4,digital,2023-05-16,,R
840326,5,physical,2023-07-11,Blu-ray / DVD,R
840326,6,tv,2023-09-29,Starz,R
840326,4,digital,2025-03-29,The Roku Channel,R
840326,4,digital,2025-05-29,Peacock,R
840430,1,premiere,2023-08-31,Telluride Film Festival,
840430,2,theatrical_limited,2023-10-27,"New York City, New York / Los Angeles, California",R
840430,1,premiere,2023-10-28,Austin Film Festival,
840430,3,theatrical,2023-11-10,,R
840430,4,digital,2023-11-28,,R
840430,4,digital,2023-12-29,Peacock,R
840430,5,physical,2024-01-02,Blu-ray / DVD,R
840430,4,digital,2024-04-29,Prime Video,R
840430,6,tv,2025-06-28,Starz,R
840464,3,theatrical,2026-01-09,,PG-13
840464,4,digital,2026-01-27,,PG-13
840464,4,digital,2026-05-08,HBO Max,PG-13
840464,6,tv,2026-05-09,HBO,PG-13
840705,1,premiere,2024-08-08,"Los Angeles, California",R
840705,3,theatrical,2024-08-23,,R
840705,4,digital,2024-09-17,,R
840705,5,physical,2024-11-05,Blu-ray / DVD,R
840705,4,digital,2024-11-21,MGM+,R
840705,4,digital,2025-01-21,Prime Video,R
840705,4,digital,2026-10-01,Paramount+,R
842675,3,theatrical,2023-01-22,,NR
842924,2,theatrical_limited,2025-06-06,,R
842924,3,theatrical,2025-06-13,,R
842924,4,digital,2025-07-29,,R
842924,5,physical,2025-09-30,Blu-ray / DVD,R
842924,4,digital,2025-12-26,Hulu,R
843394,1,premiere,2023-01-21,Sundance Film Festival,
843394,2,theatrical_limited,2023-10-06,,NR
843394,4,digital,2023-12-01,,NR
843394,4,digital,2024-02-09,Hulu,NR
844417,3,theatrical,2023-02-15,,R
844417,4,digital,2023-03-07,,R
845781,3,theatrical,2024-11-15,,PG-13
845781,4,digital,2024-12-12,Prime Video,PG-13
845781,4,digital,2025-02-11,,PG-13
845781,5,physical,2025-03-04,Blu-ray / DVD,PG-13
848058,1,premiere,2022-01-25,Sundance Film Festival,
848058,2,theatrical_limited,2022-10-07,,NR
848058,4,digital,2022-10-14,,NR
848058,5,physical,2023-01-10,,
848538,3,theatrical,2024-02-02,,PG-13
848538,4,digital,2024-03-05,,PG-13
848538,4,digital,2024-04-11,Apple TV+,PG-13
848685,3,theatrical,2023-07-28,,NR
848685,4,digital,2023-09-26,,NR
850028,1,premiere,2022-10-28,Philadelphia International Film Festival,
850028,1,premiere,2022-11-04,Miami Film Festival Gems,
850028,2,theatrical_limited,2022-12-30,Los Angeles,R
850028,1,premiere,2023-01-14,Palm Springs International Film Festival,
850028,3,theatrical,2023-01-20,,R
850028,4,digital,2023-02-03,,R
850028,5,physical,2023-03-14,Blu-ray / DVD,R
850028,6,tv,2023-06-28,Starz,R
850028,4,digital,2024-12-28,Hulu,R
850165,1,premiere,2023-11-08,"Dallas, Texas",
850165,3,theatrical,2023-12-22,,R
850165,4,digital,2024-02-13,,R
850165,5,physical,2024-03-26,Blu-ray / DVD,R
850165,4,digital,2024-05-10,Max,R
850165,6,tv,2024-05-11,HBO,R
852247,1,premiere,2023-03-13,South by Southwest Film & TV Festival,
852247,1,premiere,2023-06-17,Provincetown Film Festival,
852247,1,premiere,2023-06-23,Oak Cliff Film Festival,
852247,1,premiere,2023-07-22,Outfest LA Film Festival,
852247,2,theatrical_limited,2024-03-01,,R
852247,3,theatrical,2024-03-22,,R
852247,4,digital,2024-04-19,,R
852438,1,premiere,2023-06-09,Tribeca Festival,
852438,3,theatrical,2023-07-14,,NR
854239,1,premiere,2022-10-01,New York Film Festival,
854239,2,theatrical_limited,2022-10-14,,PG-13
854239,3,theatrical,2022-10-28,,PG-13
854239,4,digital,2022-11-22,VOD,PG-13
854239,5,physical,2023-01-17,Blu-ray / DVD,PG-13
854239,1,premiere,2023-02-16,"The White House in Washington, D.C.",
855435,1,premiere,2026-04-05,Beyond Chicago,
855435,1,premiere,2026-04-09,Overlook Film Festival,
855435,2,theatrical_limited,2026-04-10,,R
855435,4,digital,2026-05-12,,R
855435,4,digital,2026-07-10,AMC+ / Shudder,R
855435,5,physical,2026-09-22,Blu-ray / DVD,R
857598,3,theatrical,2024-12-05,,NR
858017,1,premiere,2024-01-18,Sundance Film Festival,
858017,1,premiere,2024-03-10,South by Southwest Film & TV Festival,
858017,1,premiere,2024-03-16,Green Mountain Film Festival,
858017,1,premiere,2024-04-04,Los Angeles Festival of Movies,
858017,1,premiere,2024-04-06,Overlook Film Festival,
858017,1,premiere,2024-04-12,Ivy Film Festival,
858017,1,premiere,2024-04-14,PFF SpringFest,
858017,1,premiere,2024-04-24,"New York City, New York",PG-13
858017,1,premiere,2024-04-27,Dallas International Film Festival,
858017,1,premiere,2024-05-02,Independent Film Festival Boston,
858017,2,theatrical_limited,2024-05-03,"New York City, NY & Los Angeles, CA",PG-13
858017,1,premiere,2024-05-05,Chicago Critics Film Festival,
858017,1,premiere,2024-05-10,Seattle International Film Festival,
858017,3,theatrical,2024-05-17,,PG-13
858017,4,digital,2024-06-14,,PG-13
858017,5,physical,2024-07-30,Blu-ray,PG-13
858017,4,digital,2024-09-20,Max,PG-13
858017,6,tv,2024-09-21,HBO,PG-13
858024,1,premiere,2025-08-29,Telluride Film Festival,
858024,1,premiere,2025-10-02,Mill Valley Film Festival,
858024,1,premiere,2025-10-16,Twin Cities Film Fest,
858024,1,premiere,2025-10-17,Philadelphia Film Festival,
858024,1,premiere,2025-10-18,San Diego International Film Festival / Woodstock Film Festival,
858024,1,premiere,2025-10-21,Chicago International Film Festival,
858024,1,premiere,2025-10-25,Austin Film Festival,
858024,1,premiere,2025-10-26,Virginia Film Festival,
858024,1,premiere,2025-11-01,Miami Film Festival GEMS,
858024,1,premiere,2025-11-08,St. Louis International Film Festival,
858024,1,premiere,2025-11-16,Key West Film Festival,
858024,2,theatrical_limited,2025-11-26,,PG-13
858024,3,theatrical,2025-12-05,,PG-13
858024,4,digital,2026-02-03,,PG-13
858024,5,physical,2026-03-03,Blu-ray / DVD,PG-13
858024,4,digital,2026-03-06,Peacock,PG-13
858024,4,digital,2026-07-06,Netflix,PG-13
859235,2,theatrical_limited,2024-04-05,,PG-13
859235,4,digital,2024-04-12,,PG-13
862965,1,premiere,2022-01-24,Sundance Film Festival (Virtual),
862965,3,theatrical,2022-08-12,,R
864168,1,premiere,2023-03-17,South by Southwest Film & TV Festival,
864168,3,theatrical,2023-07-07,,R
864168,4,digital,2023-07-28,,R
864168,5,physical,2023-09-12,Blu-ray / DVD,R
864168,6,tv,2023-12-01,Starz,R
864168,4,digital,2025-06-01,The Roku Channel,R
864168,4,digital,2025-08-01,Peacock,R
864168,4,digital,2025-11-01,Netflix,R
864692,3,theatrical,2023-01-25,,NR
866398,3,theatrical,2024-01-12,,R
866398,4,digital,2024-01-30,,R
866398,4,digital,2024-04-19,MGM+,R
866398,6,tv,2024-04-20,MGM+,R
866398,5,physical,2024-04-23,Blu-ray / DVD,R
866398,4,digital,2024-07-03,Prime Video,R
866398,6,tv,2026-07-10,AMC,R
869291,1,premiere,2024-03-14,South by Southwest Film & TV Festival,
869291,1,premiere,2024-04-04,Overlook Film Festival,
869291,3,theatrical,2024-08-02,,R
869291,4,digital,2024-09-17,,R
869291,5,physical,2024-10-22,Blu-ray / DVD,R
869612,1,premiere,2022-10-01,New York Film Festival,
869612,2,theatrical_limited,2023-05-19,,R
869626,1,premiere,2021-09-03,Telluride Film Festival,
869626,1,premiere,2022-03-12,South by Southwest Film Festival,
869626,1,premiere,2022-05-04,Independent Film Festival Boston,
869626,2,theatrical_limited,2022-06-24,,PG
869626,3,theatrical,2022-07-29,,PG
869626,4,digital,2022-09-06,,PG
869626,2,theatrical_limited,2023-02-25,,PG
870028,1,premiere,2025-03-08,South by Southwest Film & TV Festival,
870028,3,theatrical,2025-04-25,,R
870028,4,digital,2025-06-05,Prime Video,R
870028,4,digital,2025-08-05,,R
870028,5,physical,2025-08-12,Blu-ray / DVD,R
870360,1,premiere,2024-10-19,Animation Is Film Festival,
870360,3,theatrical,2025-03-14,,PG
870360,4,digital,2025-04-15,,PG
870360,4,digital,2025-06-27,Max,PG
870360,6,tv,2025-06-28,HBO,PG
872585,1,premiere,2023-07-17,"New York City, New York",R
872585,3,theatrical,2023-07-21,,R
872585,3,theatrical,2023-11-03,Re-Release,R
872585,4,digital,2023-11-21,,R
872585,5,physical,2023-11-21,4K Ultra HD / Blu-ray / DVD,R
872585,2,theatrical_limited,2024-01-12,70mm IMAX Re-Release,R
872585,4,digital,2024-02-16,Peacock,R
872585,3,theatrical,2025-02-28,Re-Release,R
872906,3,theatrical,2023-09-07,,NR
877269,1,premiere,2022-11-15,"Hollywood, California",PG
877269,3,theatrical,2022-11-23,,PG
877269,4,digital,2022-12-22,Disney+,PG
877269,4,digital,2022-12-23,,PG
878361,3,theatrical,2023-04-28,,PG-13
878361,4,digital,2023-05-16,,PG-13
878361,5,physical,2023-06-27,Blu-ray / DVD,PG-13
878361,4,digital,2023-08-26,Netflix,PG-13
881415,1,premiere,2024-01-19,Sundance Film Festival,
881415,1,premiere,2025-01-04,Palm Springs International Film Festival,
881415,2,theatrical_limited,2025-01-31,,R
881415,4,digital,2025-02-18,,R
881415,4,digital,2025-06-16,Paramount+ (Paramount+ with Showtime plan),R
882059,3,theatrical,2024-04-26,,R
882059,4,digital,2024-05-28,,R
882059,5,physical,2024-07-29,Blu-ray,R
882059,4,digital,2024-09-13,Hulu,R
882569,3,theatrical,2023-04-21,,R
882569,4,digital,2023-05-09,,R
882569,4,digital,2023-09-22,Prime Video,R
882569,4,digital,2025-12-10,Netflix,R
882598,1,premiere,2022-09-22,Fantastic Fest,
882598,3,theatrical,2022-09-30,,R
882598,4,digital,2022-11-15,,R
882598,5,physical,2022-12-13,Blu-ray / DVD,R
882598,4,digital,2025-05-15,Netflix,R
883502,2,theatrical_limited,2022-04-29,,R
883502,4,digital,2022-04-29,,R
884452,2,theatrical_limited,2022-10-28,,R
884452,4,digital,2022-11-01,,R
884605,3,theatrical,2023-06-23,,R
884605,4,digital,2023-08-15,,R
884605,5,physical,2023-08-29,,R
884605,4,digital,2023-10-21,Netflix,R
884605,4,digital,2025-04-21,Hulu,R
884605,4,digital,2026-04-21,HBO Max,R
885331,2,theatrical_limited,2023-08-11,,NR
888321,1,premiere,2022-10-01,New York Film Festival,
888321,2,theatrical_limited,2022-12-23,,NR
889737,1,premiere,2024-09-30,"Los Angeles, California",R
889737,3,theatrical,2024-10-04,,R
889737,4,digital,2024-10-29,,R
889737,4,digital,2024-12-13,Max,R
889737,6,tv,2024-12-14,HBO,R
889737,5,physical,2024-12-17,Blu-ray / DVD,NC-17
891584,1,premiere,2025-08-30,Telluride Film Festival,
891584,3,theatrical,2025-09-12,,R
891584,4,digital,2025-11-01,MUBI,R
893723,3,theatrical,2023-09-29,,PG
893723,4,digital,2023-10-31,,PG
896250,3,theatrical,2023-12-08,,R
896536,1,premiere,2025-01-26,Sundance Film Festival,
896536,2,theatrical_limited,2025-04-18,"New York City, New York / Los Angeles, California",PG
896536,3,theatrical,2025-04-25,,PG
896536,4,digital,2025-05-20,,PG
896536,4,digital,2025-08-15,HBO Max,PG
897087,3,theatrical,2023-10-27,,R
897087,4,digital,2023-11-28,,R
898704,2,theatrical_limited,2026-04-24,,R
898704,4,digital,2026-05-26,,R
899112,3,theatrical,2022-12-02,,R
899112,4,digital,2022-12-20,,R
899112,4,digital,2023-01-20,Peacock,R
899112,5,physical,2023-01-24,Blu-ray / DVD,R
899112,6,tv,2024-07-20,Starz,R
899112,4,digital,2026-07-20,Netflix,R
900409,1,premiere,2023-03-03,,
900409,2,theatrical_limited,2023-09-29,,PG-13
900409,4,digital,2023-11-14,,
901362,3,theatrical,2023-11-17,,PG
901362,4,digital,2023-12-19,,PG
901362,5,physical,2024-01-16,Blu-ray / DVD,PG
901362,4,digital,2024-03-15,Peacock,PG
901362,4,digital,2024-07-15,Netflix,PG
901362,4,digital,2025-09-19,Prime Video,PG
906126,1,premiere,2023-10-07,Hamptons International Film Festival,
906126,1,premiere,2023-10-21,Middleburg Film Festival,
906126,2,theatrical_limited,2023-12-22,,R
906126,4,digital,2024-01-04,Netflix,R
906221,3,theatrical,2023-02-10,,R
906221,4,digital,2023-02-28,,R
906221,4,digital,2023-06-02,Max,R
911430,1,premiere,2025-06-16,Radio City Music Hall,PG-13
911430,3,theatrical,2025-06-27,,PG-13
911430,4,digital,2025-08-22,,PG-13
911430,5,physical,2025-10-07,4K Ultra HD / Blu-ray / DVD,PG-13
911430,4,digital,2025-12-11,Apple TV,PG-13
912649,3,theatrical,2024-10-25,,PG-13
912649,4,digital,2024-12-10,,PG-13
912649,5,physical,2025-01-21,4K Ultra HD / Blu-ray / DVD,PG-13
912649,4,digital,2025-02-25,Netflix,PG-13
912649,4,digital,2026-08-25,Disney+,PG-13
912908,3,theatrical,2023-08-18,,R
912908,4,digital,2023-09-05,,R
912908,4,digital,2023-10-06,Peacock,R
912908,5,physical,2023-10-10,Blu-ray / DVD,R
912908,6,tv,2025-04-06,Starz,R
913290,3,theatrical,2022-09-09,,R
913290,4,digital,2022-10-25,,R
913290,6,tv,2022-10-29,HBO,R
913290,5,physical,2026-08-11,4K Ultra HD SteelBook,R
913673,3,theatrical,2023-04-14,,R
913673,4,digital,2023-06-02,,R
913673,5,physical,2023-08-15,,R
913814,4,digital,2022-01-23,Sundance Film Festival (Virtual),
913814,3,theatrical,2022-06-17,,PG
913814,5,physical,2022-08-30,Blu-ray,PG
913814,4,digital,2022-09-30,Peacock,PG
913814,6,tv,2024-03-30,Starz,PG
913814,4,digital,2026-03-30,Netflix,PG
914206,1,premiere,2023-10-08,New York Film Festival,
914206,1,premiere,2024-03-17,Green Mountain Film Festival,
914206,2,theatrical_limited,2024-04-05,,NR
914206,4,digital,2024-06-18,,NR
914206,4,digital,2024-07-28,Criterion Channel (Live Streaming Premiere),NR
914206,4,digital,2024-08-01,Criterion Channel,NR
914206,5,physical,2024-12-10,Janus Contemporaries Blu-ray & DVD,NR
915935,1,premiere,2023-08-31,Telluride Film Festival,
915935,1,premiere,2023-10-07,New York Film Festival,
915935,2,theatrical_limited,2023-10-13,,R
915935,4,digital,2023-12-22,,R
915935,4,digital,2024-03-22,Hulu,R
915935,5,physical,2024-05-28,The Criterion Collection Blu-Ray & DVD,R
916224,1,premiere,2023-03-05,New York International Children's Film Festival,
916224,3,theatrical,2023-04-14,,PG
916224,2,theatrical_limited,2023-10-27,Re-release,PG
916224,4,digital,2023-11-16,Crunchyroll,PG-13
916224,4,digital,2024-01-30,,PG
916224,5,physical,2024-03-12,Blu-ray,PG-13
916224,4,digital,2024-04-05,Netflix,PG
916401,1,premiere,2023-09-24,Fantastic Fest,
916401,3,theatrical,2025-05-09,,PG-13
917496,3,theatrical,2024-09-06,,PG-13
917496,4,digital,2024-10-08,,PG-13
917496,5,physical,2024-11-19,4K Ultra HD / Blu-ray / DVD,PG-13
917496,4,digital,2024-12-06,Max,PG-13
917496,6,tv,2024-12-07,HBO,PG-13
917496,4,digital,2025-05-06,Netflix,PG-13
917594,3,theatrical,2023-09-15,,PG
917594,4,digital,2023-10-24,,PG
918287,1,premiere,2023-03-13,South by Southwest Film & TV Festival,
918287,1,premiere,2023-09-28,Woodstock Film Festival,
918287,1,premiere,2023-10-01,Crested Butte Film Festival,
918287,1,premiere,2023-10-02,Nashville Film Festival,
918287,1,premiere,2023-10-14,New Hampshire Film Festival,
918287,1,premiere,2023-10-15,Newport Beach Film Festival,
918287,1,premiere,2023-10-21,Philadelphia Film Festival,
918287,2,theatrical_limited,2024-06-07,"New York City, NY",
918287,2,theatrical_limited,2024-06-14,,
918287,4,digital,2024-06-18,,NR
918287,4,digital,2024-09-05,Netflix,R
924482,2,theatrical_limited,2022-02-18,,R
924482,4,digital,2022-02-18,,R
926393,3,theatrical,2023-09-01,,R
926393,4,digital,2023-10-03,,R
926393,5,physical,2023-11-14,Blu-ray / DVD,R
926393,4,digital,2024-01-01,Netflix,R
927107,2,theatrical_limited,2024-01-05,,R
927107,4,digital,2024-01-05,,R
927107,4,digital,2024-04-11,Netflix,R
929590,1,premiere,2024-03-14,South by Southwest Film & TV Festival,
929590,1,premiere,2024-04-02,"Los Angeles, California",R
929590,3,theatrical,2024-04-12,,R
929590,4,digital,2024-05-24,,R
929590,5,physical,2024-07-09,Blu-ray,R
929590,4,digital,2024-09-13,Max,R
929590,6,tv,2024-09-14,HBO,R
930564,1,premiere,2023-08-31,Telluride Film Festival,
930564,1,premiere,2023-09-23,Fantastic Fest,
930564,1,premiere,2023-10-10,Mill Valley Film Festival,
930564,1,premiere,2023-10-26,Austin Film Festival,
930564,2,theatrical_limited,2023-11-17,,R
930564,3,theatrical,2023-11-22,,R
930564,4,digital,2023-12-21,Prime Video,R
930564,4,digital,2024-02-27,,R
930564,4,digital,2026-09-01,HBO Max,R
931285,1,premiere,2026-04-27,TCL Chinese Theatre,
931285,3,theatrical,2026-05-08,,R
931285,4,digital,2026-06-09,,R
931285,4,digital,2026-07-24,HBO Max,R
931285,6,tv,2026-07-25,HBO,R
932086,3,theatrical,2024-06-28,,R
932086,4,digital,2024-07-16,,R
932086,4,digital,2024-08-23,Max,R
932086,6,tv,2024-08-24,HBO,R
933260,1,premiere,2024-09-16,"Los Angeles, California",R
933260,3,theatrical,2024-09-20,,R
933260,4,digital,2024-10-31,,R
933260,5,physical,2025-01-21,4K Ultra HD / Blu-ray / DVD,R
933260,4,digital,2025-10-10,HBO Max,R
933260,6,tv,2025-10-11,HBO,R
933260,4,digital,2026-10-01,Hulu,R
933554,3,theatrical,2022-05-20,,NR
934433,1,premiere,2023-03-06,"New York City, New York",R
934433,3,theatrical,2023-03-10,,R
934433,4,digital,2023-04-25,,R
934433,5,physical,2023-07-11,Blu-ray / DVD,R
934433,6,tv,2023-10-25,Showtime,R
934456,1,premiere,2023-03-17,South by Southwest Film & TV Festival,
934456,1,premiere,2025-08-13,Filmland Film Festival,
934456,2,theatrical_limited,2025-08-15,,R
934456,4,digital,2025-09-16,,R
934456,5,physical,2025-10-28,Blu-ray,R
934456,4,digital,2026-01-01,Starz,R
936075,1,premiere,2026-04-20,TCL Chinese Theatre,PG-13
936075,3,theatrical,2026-04-24,,PG-13
936075,4,digital,2026-06-09,,PG-13
936075,5,physical,2026-07-14,4K Ultra HD / Blu-ray / DVD,PG-13
936075,4,digital,2026-08-10,Starz,PG-13
936075,6,tv,2026-08-10,Starz,PG-13
936108,1,premiere,2025-07-13,"Los Angeles, California",PG
936108,3,theatrical,2025-07-18,,PG
936108,4,digital,2025-08-12,,PG
936108,4,digital,2025-09-16,Paramount+,PG
936108,4,digital,2025-11-16,MGM+,PG
937278,2,theatrical_limited,2022-12-30,New York City / Los Angeles,PG-13
937278,2,theatrical_limited,2023-01-06,,PG-13
937278,3,theatrical,2023-01-13,,PG-13
937278,4,digital,2023-02-28,,PG-13
937278,5,physical,2023-03-14,Blu-ray / DVD,PG-13
937278,4,digital,2023-05-06,Netflix,PG-13
937278,4,digital,2025-11-06,HBO Max,PG-13
937287,1,premiere,2024-04-16,"Los Angeles, California",R
937287,3,theatrical,2024-04-26,,R
937287,4,digital,2024-05-17,Premium rental,R
937287,4,digital,2024-06-18,,R
937287,5,physical,2024-07-09,Blu-ray / DVD,R
937287,4,digital,2024-07-29,MGM+,R
937287,4,digital,2024-09-18,Prime Video,R
937287,2,theatrical_limited,2025-02-14,Re-Release,R
937287,4,digital,2026-10-01,Paramount+,R
937941,1,premiere,2025-09-19,Fantastic Fest,
937941,1,premiere,2025-09-29,Beyond Fest,
937941,1,premiere,2025-10-19,Nightmares Film Festival,
937941,3,theatrical,2025-10-24,,R
937941,4,digital,2025-11-18,,R
937941,5,physical,2026-01-06,Blu-ray,R
939243,3,theatrical,2024-12-20,,PG
939243,4,digital,2025-01-21,,PG
939243,4,digital,2025-02-18,Paramount+,PG
939243,5,physical,2025-04-15,4K Ultra HD / DVD,PG
939243,4,digital,2025-04-18,MGM+,PG
939243,2,theatrical_limited,2025-07-09,Re-Release,PG
939997,2,theatrical_limited,2023-10-06,,R
939997,3,theatrical,2023-10-20,,R
939997,4,digital,2023-11-10,,R
939997,4,digital,2024-02-02,Max,R
939997,6,tv,2024-02-04,HBO,R
940139,1,premiere,2024-10-25,AFI Fest,
940139,3,theatrical,2024-11-01,,PG-13
940139,4,digital,2024-11-26,,PG-13
940139,4,digital,2025-01-30,Netflix,PG-13
940551,3,theatrical,2023-12-22,,PG
940551,4,digital,2024-01-23,,PG
940551,5,physical,2024-02-27,Blu-ray / DVD,PG
940551,4,digital,2024-04-19,Peacock,PG
940551,4,digital,2024-08-19,Netflix,PG
940551,4,digital,2025-10-24,Prime Video,PG
940721,3,theatrical,2023-12-01,,PG-13
940721,3,theatrical,2024-01-26,Black and white version,PG-13
940721,4,digital,2024-06-01,Netflix (original version) / VOD (original and black and white versions),PG-13
940721,4,digital,2024-08-01,Netflix (black and white version),PG-13
940721,3,theatrical,2024-11-01,,PG-13
942922,3,theatrical,2023-02-03,,PG-13
942922,4,digital,2023-03-07,,PG-13
944401,1,premiere,2023-09-26,Fantastic Fest,
944401,2,theatrical_limited,2024-03-15,,R
944401,3,theatrical,2024-03-22,,R
945729,3,theatrical,2023-09-15,,PG-13
945729,4,digital,2023-10-31,,PG-13
945729,5,physical,2023-11-28,DVD / Blu-ray,PG-13
945961,1,premiere,2024-08-12,Los Angeles,R
945961,3,theatrical,2024-08-16,,R
945961,4,digital,2024-10-15,,R
945961,4,digital,2024-11-21,Hulu,R
945961,5,physical,2024-12-03,4K Ultra HD / Blu-ray / DVD / VHS,R
945961,6,tv,2025-08-12,FX,R
945961,4,digital,2026-04-03,HBO Max,R
945961,6,tv,2026-04-04,HBO,R
947891,1,premiere,2024-01-20,Sundance Film Festival,
947891,1,premiere,2024-05-31,NewFest,
947891,1,premiere,2024-06-13,Provincetown International Film Festival,
947891,1,premiere,2024-06-21,Frameline Film Festival,
947891,2,theatrical_limited,2024-09-13,,R
947891,3,theatrical,2024-09-27,,R
947891,4,digital,2024-11-07,Prime Video,R
948549,1,premiere,2024-01-20,Sundance Film Festival,
948549,1,premiere,2024-03-05,"Los Angeles, California",
948549,2,theatrical_limited,2024-03-08,"New York City, New York & Los Angeles, California",R
948549,3,theatrical,2024-03-15,,R
948549,4,digital,2024-04-26,,R
948549,4,digital,2024-07-19,Max,R
948549,6,tv,2024-07-20,HBO,R
949229,3,theatrical,2023-10-19,,NR
949229,4,digital,2023-11-28,Netflix,R
949229,4,digital,2023-12-12,Netflix (english dub),R
950028,1,premiere,2026-01-24,Sundance Film Festival,
950028,1,premiere,2026-04-24,San Francisco International Film Festival,
950028,1,premiere,2026-04-29,Independent Film Festival Boston,
950028,1,premiere,2026-05-17,Seattle International Film Festival,
950028,1,premiere,2026-06-17,Nantucket Film Festival,
950028,2,theatrical_limited,2026-06-26,"New York City, New York / Los Angeles, California",R
950028,2,theatrical_limited,2026-07-03,Limited expansion,R
950028,3,theatrical,2026-07-10,,R
950028,4,digital,2026-08-11,,R
950028,4,digital,2026-10-23,HBO Max,R
950028,6,tv,2026-10-24,HBO,R
950028,1,premiere,2026-10-27,SCAD Savannah Film Festival,
950387,3,theatrical,2025-04-04,,PG
950387,3,theatrical,2025-05-02,Block Party Edition! re-release,PG
950387,4,digital,2025-05-13,,PG
950387,4,digital,2025-06-20,HBO Max,PG
950387,6,tv,2025-06-21,HBO,
950387,5,physical,2025-06-24,Blu-ray / DVD,PG
951491,1,premiere,2023-09-27,Fantastic Fest,
951491,3,theatrical,2023-09-29,,R
951491,4,digital,2023-10-20,,R
951491,5,physical,2023-11-21,Blu-ray / DVD,R
951491,6,tv,2024-04-19,Starz,R
956842,1,premiere,2024-07-08,AMC Lincoln Square 13,PG-13
956842,3,theatrical,2024-07-12,,PG-13
956842,4,digital,2024-08-13,,PG-13
956842,4,digital,2024-12-05,Apple TV+,PG-13
957304,3,theatrical,2024-02-23,,R
957304,4,digital,2024-03-12,,R
957304,5,physical,2024-04-12,Peacock,R
957304,5,physical,2024-04-23,Blu-ray / DVD,R
957452,3,theatrical,2024-08-23,,R
957452,4,digital,2024-09-13,,R
957452,5,physical,2024-11-05,Blu-ray / DVD,R
957452,6,tv,2025-02-19,Starz,R
957452,4,digital,2026-08-19,The Roku Channel,R
957452,4,digital,2026-10-19,Peacock,R
958006,3,theatrical,2023-09-28,,R
958006,4,digital,2023-11-03,,R
958006,4,digital,2023-12-05,4K UHD Digital,R
958006,5,physical,2023-12-05,"4K UHD Blu-ray, Blu-ray, DVD",R
959092,2,theatrical_limited,2024-01-05,,R
959092,4,digital,2024-01-05,,R
960206,1,premiere,2022-09-03,Telluride Film Festival,
960206,1,premiere,2022-10-19,Chicago International Film Festival,
960206,1,premiere,2022-11-05,AFI Fest,
960206,2,theatrical_limited,2023-02-03,,NR
960206,4,digital,2023-06-20,,NR
960206,5,physical,2023-11-21,DVD / Blu-ray,NR
964960,1,premiere,2023-09-21,Aspen Film Festival,
964960,1,premiere,2023-10-03,Nashville Film Festival,
964960,1,premiere,2023-10-05,New York Film Festival,
964960,1,premiere,2023-10-13,Chicago International Film Festival,
964960,1,premiere,2023-10-21,San Diego International Film Festival,
964960,1,premiere,2023-10-22,Philadelphia Film Festival,
964960,1,premiere,2023-10-26,SCAD Savannah Film Festival,
964960,1,premiere,2023-10-28,AFI Fest / Indie Memphis Film Festival,
964960,1,premiere,2023-10-29,Montclair Film Festival,
964960,1,premiere,2023-11-04,Denver Film Festival,
964960,2,theatrical_limited,2023-12-13,Oscar-qualifying run,PG-13
964960,1,premiere,2024-02-08,Santa Barbara International Film Festival,
964960,2,theatrical_limited,2024-02-09,"New York City, New York & Los Angeles, California",PG-13
964960,3,theatrical,2024-02-14,,PG-13
964960,4,digital,2024-03-27,,PG-13
964960,1,premiere,2024-04-14,Milwaukee Film Festival,
964980,1,premiere,2023-03-18,South by Southwest Film & TV Festival,
964980,1,premiere,2023-03-27,"Los Angeles, California",R
964980,3,theatrical,2023-04-05,,R
964980,4,digital,2023-05-12,Prime Video,R
964980,5,physical,2023-09-12,,
965489,3,theatrical,2023-09-01,,NR
965489,4,digital,2023-10-06,Netflix,
967582,2,theatrical_limited,2024-05-17,,PG-13
967847,1,premiere,2024-03-14,"New York City, New York",PG-13
967847,3,theatrical,2024-03-22,,PG-13
967847,4,digital,2024-05-07,,PG-13
967847,5,physical,2024-06-25,4K Ultra HD / Blu-ray / DVD,PG-13
967847,4,digital,2024-07-22,Netflix,PG-13
967941,1,premiere,2025-11-17,"New York City, New York",PG
967941,3,theatrical,2025-11-20,Wicked + Wicked: For Good Double Feature,PG
967941,3,theatrical,2025-11-21,,PG
967941,4,digital,2025-12-30,,PG
967941,5,physical,2026-01-20,4K Ultra HD / Blu-ray / DVD,PG
967941,4,digital,2026-03-20,Peacock,PG
967941,4,digital,2026-07-20,Netflix,PG
968051,3,theatrical,2023-09-08,,R
968051,4,digital,2023-10-03,,R
968051,4,digital,2023-10-27,Max,R
968051,6,tv,2023-10-28,HBO,R
968051,5,physical,2023-11-14,4K Ultra HD / Blu-ray / DVD,R
969492,3,theatrical,2024-02-16,,R
969492,4,digital,2024-03-19,,R
969492,5,physical,2024-05-14,DVD,R
969492,4,digital,2024-07-18,Netflix,R
969681,1,premiere,2026-07-27,"Los Angeles, California",PG-13
969681,3,theatrical,2026-07-31,,PG-13
969681,2,theatrical_limited,2026-08-06,IMAX,PG-13
969681,4,digital,2026-10-06,,PG-13
969681,5,physical,2026-12-15,4K Ultra HD / Blu-ray / DVD,PG-13
970947,1,premiere,2024-10-05,New York Film Festival,R
970947,1,premiere,2025-04-12,Florida Film Festival,R
970947,2,theatrical_limited,2025-04-18,"New York City, NY & Los Angeles, CA",R
970947,1,premiere,2025-04-20,PFS SpringFest,R
970947,3,theatrical,2025-04-25,,R
970947,4,digital,2025-07-08,,R
970948,3,theatrical,2023-11-03,,R
972230,3,theatrical,2023-01-27,,PG-13
972230,4,digital,2023-02-14,,
972230,5,physical,2023-04-18,,
972533,3,theatrical,2025-02-28,,PG-13
972533,4,digital,2025-03-18,,PG-13
972533,4,digital,2025-04-25,Peacock,PG-13
972533,5,physical,2025-04-29,Blu-ray / DVD,PG-13
972533,4,digital,2026-10-25,Hulu,PG-13
973778,1,premiere,2023-10-29,AFI Fest,
973778,2,theatrical_limited,2023-12-08,,R
973778,4,digital,2024-02-06,,R
974036,1,premiere,2024-02-19,SVA Theatre,
974036,3,theatrical,2024-02-23,,PG
974036,4,digital,2024-03-26,,PG
974036,6,tv,2024-08-21,Starz,PG
974453,3,theatrical,2024-11-01,,R
974576,1,premiere,2024-08-30,Telluride Film Festival,
974576,1,premiere,2024-10-03,Mill Valley Film Festival,
974576,1,premiere,2024-10-21,Philadelphia Film Festival,
974576,3,theatrical,2024-10-25,,PG
974576,4,digital,2024-11-26,,PG
974576,1,premiere,2024-12-05,MoMA - The Contenders,
974576,4,digital,2024-12-13,Peacock,PG
974576,5,physical,2024-12-17,Blu-ray / DVD,PG
974576,3,theatrical,2025-01-17,Re-Release,PG
974576,2,theatrical_limited,2025-01-29,Re-Release,PG
974576,4,digital,2026-06-13,Starz,PG
974576,6,tv,2026-06-13,Starz Cinema,PG
974635,1,premiere,2023-10-03,New York Film Festival,
974635,1,premiere,2024-01-22,Sundance Film Festival,
974635,1,premiere,2024-05-15,"Austin, Texas",R
974635,2,theatrical_limited,2024-05-24,,R
974635,4,digital,2024-06-07,Netflix,R
974950,1,premiere,2024-08-30,Telluride Film Festival,
974950,1,premiere,2024-09-30,New York Film Festival,
974950,1,premiere,2024-10-05,Mill Valley Film Festival,
974950,1,premiere,2024-10-06,Hamptons International Film Festival,
974950,1,premiere,2024-10-12,Hawai'i International Film Festival,
974950,1,premiere,2024-10-17,Orcas Island Film Festival / Woodstock Film Festival,
974950,1,premiere,2024-10-20,Chicago International Film Festival / Heartland International Film Festival / Newfest LGBT Film Festival / San Diego International Film Festival,
974950,1,premiere,2024-10-31,Miami Film Festival GEMS,
974950,2,theatrical_limited,2024-11-01,,R
974950,4,digital,2024-11-13,Netflix,R
974950,1,premiere,2025-01-04,Palm Springs International Film Festival,
975056,3,theatrical,2024-03-08,,PG-13
975225,1,premiere,2025-09-09,Egyptian Theatre,
975225,3,theatrical,2025-09-12,,R
975225,4,digital,2025-09-30,Amazon Prime,
975225,5,physical,2025-11-11,4K Blu-ray / Blu-ray / DVD,R
975225,4,digital,2025-12-12,HBO Max,R
975511,1,premiere,2024-10-17,Chicago International Film Festival,
975511,3,theatrical,2024-12-06,,R
975511,4,digital,2024-12-27,,R
975773,2,theatrical_limited,2024-03-29,"New York City, NY / Los Angeles, California",R
975773,3,theatrical,2024-04-05,,R
975773,4,digital,2024-05-07,,R
976573,1,premiere,2023-06-10,Tribeca Festival,
976573,3,theatrical,2023-06-16,,PG
976573,4,digital,2023-08-15,,PG
976573,4,digital,2023-09-13,Disney+,PG
976573,5,physical,2023-09-26,,PG
976584,3,theatrical,2024-01-12,,PG-13
976584,4,digital,2024-02-06,,PG-13
976584,4,digital,2024-05-11,Netflix,PG-13
976584,4,digital,2025-11-11,Hulu,PG-13
976893,1,premiere,2023-09-01,Telluride Film Festival,
976893,1,premiere,2023-10-11,New York Film Festival,
976893,1,premiere,2023-10-25,Philadelphia Film Festival,
976893,1,premiere,2023-10-28,AFI Fest,
976893,2,theatrical_limited,2023-11-10,"New York City, New York",PG
976893,2,theatrical_limited,2024-02-07,"New York City, New York / Los Angeles, California",PG
976893,4,digital,2024-03-05,,PG
976893,5,physical,2024-07-16,4K UHD /Blu-ray,PG
977262,1,premiere,2023-10-01,Woodstock Film Festival,
977262,1,premiere,2024-02-28,Sun Valley Film Festival,
977262,1,premiere,2024-03-01,Boulder Film Festival,
977262,3,theatrical,2024-05-31,,R
977262,4,digital,2024-06-25,,R
977942,1,premiere,2026-09-02,"DGA Theater Complex (Los Angeles, California)",
977942,3,theatrical,2026-09-10,,R
977942,4,digital,2026-09-29,,R
977942,5,physical,2026-11-03,4K Ultra HD / Blu-ray / DVD,R
980026,1,premiere,2023-09-02,Telluride Film Festival,NR
980026,1,premiere,2023-10-20,Philadelphia Film Festival,NR
980026,1,premiere,2023-10-29,Austin Film Festival,NR
980026,3,theatrical,2024-02-02,,NR
980477,2,theatrical_limited,2025-02-12,IMAX,NR
980477,3,theatrical,2025-02-14,,NR
980477,3,theatrical,2025-08-22,English dub,PG-13
980477,4,digital,2025-09-16,,PG-13
980477,4,digital,2025-12-20,HBO Max,PG-13
980489,1,premiere,2023-07-16,Micheaux Film Festival,
980489,2,theatrical_limited,2023-08-11,,PG-13
980489,3,theatrical,2023-08-25,,PG-13
980489,4,digital,2023-09-26,,PG-13
980489,5,physical,2023-11-07,4K Ultra HD / Blu-ray / DVD,PG-13
980489,4,digital,2023-12-15,Netflix,PG-13
980489,4,digital,2025-06-11,Hulu,PG-13
980599,3,theatrical,2024-11-01,,NR
980599,4,digital,2024-12-17,Netflix,PG-13
982271,3,theatrical,2023-05-12,,PG-13
982271,4,digital,2023-05-30,,PG-13
982271,4,digital,2023-06-30,Peacock,PG-13
982271,5,physical,2023-07-11,Blu-ray / DVD,PG-13
982271,6,tv,2024-12-30,Starz,PG-13
985939,3,theatrical,2022-08-12,,PG-13
985939,4,digital,2022-09-27,,PG-13
985939,5,physical,2022-10-18,Blu-ray / DVD,PG-13
985939,6,tv,2023-02-08,Starz,PG-13
985939,4,digital,2024-08-08,The Roku Channel,PG-13
985939,4,digital,2024-10-08,Peacock,PG-13
986054,1,premiere,2023-01-21,Sundance Film Festival,
986054,1,premiere,2023-03-18,South by Southwest Film & TV Festival,
986054,1,premiere,2023-05-20,Seattle International Film Festival,
986054,1,premiere,2023-06-18,Provincetown International Film Festival,
986054,1,premiere,2023-06-21,Frameline Film Festival,
986054,2,theatrical_limited,2023-07-14,,PG-13
986054,4,digital,2023-09-14,,PG-13
986056,1,premiere,2025-04-28,"Los Angeles, California",PG-13
986056,3,theatrical,2025-05-02,,PG-13
986056,4,digital,2025-07-01,,PG-13
986056,5,physical,2025-07-29,4K Ultra HD / Blu-ray / DVD,PG-13
986056,4,digital,2025-08-27,Disney+,PG-13
986097,1,premiere,2025-09-17,TCL Chinese Theatre,R
986097,3,theatrical,2025-09-19,,R
986097,4,digital,2025-10-07,,R
986097,5,physical,2025-11-11,Blu-ray / DVD,R
986097,4,digital,2025-12-19,Peacock,R
986097,4,digital,2026-04-19,Netflix,R
986280,1,premiere,2023-08-31,Telluride Film Festival,
986280,1,premiere,2023-09-22,Aspen Film Festival,
986280,1,premiere,2023-10-01,New York Film Festival,
986280,1,premiere,2023-10-04,Nashville Film Festival,
986280,1,premiere,2023-10-15,Chicago International Film Festival,
986280,1,premiere,2023-10-21,Philadelphia Film Festival,
986280,1,premiere,2023-11-11,Denver Film Festival,
986280,2,theatrical_limited,2023-11-17,,NR
986280,4,digital,2024-01-19,MUBI,NR
991494,1,premiere,2025-10-26,AFI Fest,PG
991494,3,theatrical,2025-12-19,,PG
991494,4,digital,2026-01-20,,PG
991494,4,digital,2026-02-17,Paramount+,PG
991494,5,physical,2026-03-31,Blu-ray / DVD,PG
993784,1,premiere,2024-02-05,"Los Angeles, California",
993784,3,theatrical,2024-02-09,,PG-13
993784,4,digital,2024-02-27,,PG-13
993784,4,digital,2024-03-29,Peacock,PG-13
993784,5,physical,2024-04-09,Blu-ray / DVD,PG-13
994108,1,premiere,2023-08-31,Telluride Film Festival,
994108,1,premiere,2023-10-01,New York Film Festival,
994108,1,premiere,2023-10-30,Austin Film Festival,
994108,2,theatrical_limited,2023-12-22,,R
994108,4,digital,2024-02-22,,R
994108,5,physical,2024-09-10,The Criterion Collection 4K+Blu-Ray,R
998846,3,theatrical,2024-05-17,,R
998846,4,digital,2024-06-04,,R
998846,4,digital,2024-07-05,Peacock,R
998846,5,physical,2024-07-23,Blu-ray / DVD,R
999243,3,theatrical,2025-04-04,,R
999243,4,digital,2025-04-22,,R
999243,5,physical,2025-07-08,Blu-ray / DVD,R
999243,4,digital,2025-08-29,Hulu,R
999582,1,premiere,2024-03-09,South by Southwest Film & TV Festival,
999582,1,premiere,2024-03-23,The Martha's Vineyard Film Festival,
999582,1,premiere,2024-04-12,Miami Film Festival,
999582,1,premiere,2024-05-03,Atlanta Film Festival,
999582,3,theatrical,2024-05-17,,R
999582,4,digital,2024-07-02,,R
1000837,1,premiere,2024-10-09,New York Film Festival,
1000837,1,premiere,2024-10-10,Hamptons International Film Festival,
1000837,1,premiere,2024-10-11,Hawaii International Film Festival,
1000837,1,premiere,2024-10-13,Mill Valley Film Festival,
1000837,1,premiere,2024-10-19,Philadelphia Film Festival,
1000837,1,premiere,2024-10-23,Chicago International Film Festival,
1000837,1,premiere,2024-10-25,"AFI Fest, Austin Film Festival",
1000837,1,premiere,2024-10-29,Hollywood Brazilian Film Festival,
1000837,1,premiere,2024-11-03,Miami Film Festival,
1000837,1,premiere,2024-11-09,St. Louis International Film Festival,
1000837,2,theatrical_limited,2024-11-20,,PG-13
1000837,1,premiere,2025-01-06,Palm Springs International Film Festival,
1000837,2,theatrical_limited,2025-01-17,"New York City, NY / Los Angeles, CA",PG-13
1000837,3,theatrical,2025-02-07,,PG-13
1000837,4,digital,2025-03-11,,PG-13
1000866,3,theatrical,2026-08-21,,NR
1007734,1,premiere,2025-08-11,"Los Angeles, California",R
1007734,3,theatrical,2025-08-15,,R
1007734,4,digital,2025-09-02,,R
1007734,5,physical,2025-10-07,Blu-ray / DVD,R
1007734,4,digital,2025-11-14,Peacock,R
1007734,4,digital,2026-03-14,Netflix,R
1008042,1,premiere,2023-01-22,Sundance Film Festival,
1008042,1,premiere,2023-03-10,South by Southwest Film & TV Festival,
1008042,3,theatrical,2023-07-28,,R
1008042,4,digital,2023-09-12,,R
1008042,5,physical,2023-10-03,,R
1008042,4,digital,2024-04-01,Paramount+ with SHOWTIME,R
1008042,2,theatrical_limited,2025-01-22,A24 x IMAX Presents,R
1008042,4,digital,2025-03-28,Netflix,R
1008392,1,premiere,2023-06-13,Tribeca Festival,
1008392,3,theatrical,2023-06-16,,R
1008392,4,digital,2023-07-07,,R
1008392,5,physical,2023-08-22,4K Ultra HD / Blu-ray / DVD,R
1008392,6,tv,2023-10-04,Starz,R
1008392,4,digital,2025-04-04,The Roku Channel,R
1008392,4,digital,2025-06-04,Peacock,R
1008409,1,premiere,2023-08-31,Telluride Film Festival,
1008409,1,premiere,2023-10-09,Mill Valley Film Festival,
1008409,1,premiere,2023-10-22,Chicago International Film Festival,
1008409,1,premiere,2023-10-25,SCAD Savannah Film Festival,
1008409,1,premiere,2023-10-27,AFI Fest,
1008409,1,premiere,2023-11-01,Austin Film Festival,
1008409,3,theatrical,2024-06-21,,R
1008409,4,digital,2024-07-09,,R
1008409,4,digital,2024-08-09,Peacock,R
1008409,5,physical,2024-08-13,4K Ultra HD / Blu-ray / DVD,R
1008903,2,theatrical_limited,2023-01-26,Fathom Events,PG-13
1009640,3,theatrical,2025-01-31,,R
1009640,4,digital,2025-02-18,,R
1009640,5,physical,2025-04-15,DVD,R
1009640,4,digital,2025-09-23,Hulu,R
1010600,1,premiere,2024-05-08,"Los Angeles, California",R
1010600,3,theatrical,2024-05-17,,R
1010600,4,digital,2024-06-07,,R
1010600,5,physical,2024-07-23,Blu-ray / DVD,R
1010600,6,tv,2024-09-30,Starz,R
1010755,3,theatrical,2026-02-06,,R
1010755,4,digital,2026-03-06,,R
1010755,6,tv,2026-06-06,Starz,R
1010756,1,premiere,2025-09-20,Fantastic Fest,
1010756,3,theatrical,2025-09-26,,R
1010756,4,digital,2025-10-14,,
1010756,6,tv,2026-01-24,Starz,R
1011477,3,theatrical,2025-05-30,,PG-13
1011477,4,digital,2025-07-08,,PG-13
1011477,5,physical,2025-08-26,Blu-ray / DVD,PG-13
1011477,4,digital,2025-09-27,Netflix,PG-13
1011985,3,theatrical,2024-03-08,,PG
1011985,4,digital,2024-04-09,,PG
1011985,5,physical,2024-05-28,4K Ultra HD / Blu-ray / DVD,PG
1011985,4,digital,2024-06-21,Peacock,PG
1011985,4,digital,2024-10-21,Netflix,PG
1011985,2,theatrical_limited,2025-06-18,Re-Release,PG
1012201,3,theatrical,2024-05-31,,PG-13
1012201,4,digital,2024-10-31,Crunchyroll,
1013406,2,theatrical_limited,2025-11-07,,NR
1013601,3,theatrical,2025-03-21,,R
1013601,4,digital,2025-04-11,,R
1013601,4,digital,2025-06-06,Max,R
1013601,6,tv,2025-06-07,HBO,R
1013850,1,premiere,2024-01-20,Sundance Film Festival,
1013850,1,premiere,2024-09-19,Aspen Film Festival,
1013850,1,premiere,2024-10-04,Beyond Fest,
1013850,1,premiere,2024-10-05,New York Film Festival,
1013850,1,premiere,2024-10-10,Heartland International Film Festival,
1013850,1,premiere,2024-10-18,Middleburg Film Festival / Santa Fe International Film Festival,
1013850,1,premiere,2024-10-20,Philadelphia Film Festival / Woodstock Film Festival,
1013850,1,premiere,2024-10-22,Twin Cities Film Fest,
1013850,1,premiere,2024-10-23,Chicago International Film Festival,
1013850,1,premiere,2024-10-27,FilmColumbia Film Festival,
1013850,1,premiere,2024-10-29,Austin Film Festival,
1013850,2,theatrical_limited,2024-11-01,,R
1013850,1,premiere,2024-11-08,Coronado Island Film Festival,
1013850,3,theatrical,2024-11-15,,R
1013850,4,digital,2024-12-31,,R
1013850,4,digital,2025-01-16,Hulu,R
1013850,2,theatrical_limited,2025-01-24,Re-Release,R
1013850,5,physical,2025-02-04,Blu-ray,R
1016084,1,premiere,2023-03-13,South by Southwest Film & TV Festival,
1016084,1,premiere,2023-04-14,Minneapolis St. Paul International Film Festival,
1016084,1,premiere,2023-04-15,PFF SpringFest,
1016084,1,premiere,2023-04-16,RiverRun International Film Festival,
1016084,1,premiere,2023-04-17,San Francisco International Film Festival,
1016084,1,premiere,2023-04-21,Florida Film Festival,
1016084,1,premiere,2023-04-24,Seattle International Film Festival,
1016084,1,premiere,2023-04-27,San Luis Obispo Film Festival,
1016084,3,theatrical,2023-05-12,,R
1016084,4,digital,2023-06-02,,R
1016121,2,theatrical_limited,2023-04-12,Fathom Events,R
1016121,4,digital,2023-05-02,,R
1016121,4,digital,2023-08-11,Hulu,R
1016848,1,premiere,2024-08-19,"Los Angeles, California",R
1016848,3,theatrical,2024-09-06,,R
1016848,4,digital,2024-09-24,,R
1020006,1,premiere,2023-10-06,New York Film Festival,
1020006,1,premiere,2023-10-11,Mill Valley Film Festival,
1020006,2,theatrical_limited,2023-10-27,"New York City, NY & Los Angeles, CA",R
1020006,3,theatrical,2023-11-03,,R
1020006,4,digital,2023-12-15,,R
1020006,5,physical,2024-02-13,,R
1020006,4,digital,2024-02-23,Max,R
1020006,6,tv,2024-02-24,HBO,R
1022074,2,theatrical_limited,2025-07-25,,PG-13
1022787,1,premiere,2025-06-10,"Los Angeles, California",PG
1022787,3,theatrical,2025-06-20,,PG
1022787,4,digital,2025-08-19,,PG
1022787,5,physical,2025-09-09,Blu-ray / DVD,PG
1022787,4,digital,2025-09-17,Disney+,PG
1022789,1,premiere,2024-06-10,"Los Angeles, California",
1022789,3,theatrical,2024-06-14,,PG
1022789,4,digital,2024-08-20,,PG
1022789,5,physical,2024-09-10,4K Ultra HD / Blu-ray / DVD,PG
1022789,4,digital,2024-09-25,Disney+,PG
1022796,1,premiere,2023-11-08,El Capitan Theatre,PG
1022796,3,theatrical,2023-11-22,,PG
1022796,4,digital,2024-01-23,,PG
1022796,5,physical,2024-03-12,4K Ultra HD / Blu-ray / DVD,PG
1022796,4,digital,2024-04-03,Disney+,PG
1023922,1,premiere,2024-06-24,"Los Angeles, California",R
1023922,3,theatrical,2024-07-05,,R
1023922,4,digital,2024-08-02,,R
1023922,5,physical,2024-10-08,4K Ultra HD / Blu-ray,R
1023922,4,digital,2024-10-18,Max,R
1023922,6,tv,2024-10-19,HBO,R
1023922,4,digital,2026-10-01,Prime Video,R
1025491,1,premiere,2023-10-27,AFI Fest,
1025491,2,theatrical_limited,2023-12-22,,PG-13
1025491,3,theatrical,2024-01-19,,PG-13
1026227,1,premiere,2024-05-30,"Open Roads: New Italian Cinema, Film Society of Lincoln Center",
1026227,3,theatrical,2025-03-07,,NR
1026227,4,digital,2025-04-08,,NR
1026436,1,premiere,2024-01-11,Palm Springs Film Festival,
1026436,2,theatrical_limited,2024-01-26,,R
1026436,4,digital,2024-02-16,,R
1026436,4,digital,2024-04-25,Netflix,R
1028196,1,premiere,2024-08-30,Telluride Film Festival,
1028196,1,premiere,2024-09-27,New York Film Festival,
1028196,1,premiere,2024-10-09,Hamptons International Film Festival,
1028196,1,premiere,2024-10-19,Santa Fe International Film Festival,
1028196,1,premiere,2024-10-20,Philadelphia Film Festival / Woodstock Film Festival,
1028196,1,premiere,2024-10-23,Chicago International Film Festival,
1028196,1,premiere,2024-10-26,Twin Cities Film Festival,
1028196,1,premiere,2024-10-30,Austin Film Festival,
1028196,1,premiere,2024-11-01,SCAD Savannah Film Festival,
1028196,1,premiere,2024-11-02,Denver Film Festival,
1028196,1,premiere,2024-11-09,St. Louis International Film Festival,
1028196,1,premiere,2024-11-14,Urbanworld Film Festival,
1028196,1,premiere,2024-11-17,Indie Memphis Film Festival,
1028196,2,theatrical_limited,2024-12-13,"New York City, New York",PG-13
1028196,1,premiere,2024-12-16,"Los Angeles, California",PG-13
1028196,2,theatrical_limited,2024-12-20,"Los Angeles, California",PG-13
1028196,4,digital,2025-02-11,,PG-13
1028196,4,digital,2025-02-28,MGM+,PG-13
1029235,1,premiere,2024-03-09,South by Southwest Film & TV Festival,
1029235,1,premiere,2024-04-05,Overlook Film Festival,
1029235,2,theatrical_limited,2024-09-27,,R
1029235,4,digital,2024-10-25,Shudder,R
1029281,1,premiere,2023-09-22,Fantastic Fest,
1029281,3,theatrical,2024-08-23,,R
1029281,4,digital,2024-10-01,,R
1029281,5,physical,2024-11-05,Blu-ray / DVD,R
1029281,4,digital,2025-03-01,Paramount+ with Showtime,R
1029955,1,premiere,2024-06-20,"New York City, New York",R
1029955,2,theatrical_limited,2024-06-21,,R
1029955,2,theatrical_limited,2024-06-28,Limited expansion,R
1029955,3,theatrical,2024-07-05,,R
1029955,4,digital,2024-08-27,,R
1029955,4,digital,2024-08-30,Hulu,R
1029955,5,physical,2024-10-08,Blu-ray / DVD,R
1032194,3,theatrical,2023-09-28,,PG-13
1032194,2,theatrical_limited,2025-08-31,Re-release tribute to Phil Robertson,PG-13
1032823,1,premiere,2024-07-24,"Alice Tully Hall, New York",PG-13
1032823,3,theatrical,2024-08-02,,PG-13
1032823,4,digital,2024-08-30,,PG-13
1032823,4,digital,2024-10-25,Max,PG-13
1032823,6,tv,2024-10-26,HBO,PG-13
1032823,5,physical,2024-11-05,4K Ultra HD / Blu-ray / DVD,PG-13
1034541,1,premiere,2024-09-19,Fantastic Fest,
1034541,3,theatrical,2024-10-11,,NR
1034541,4,digital,2024-11-27,,NR
1034541,4,digital,2025-02-14,Screambox,NR
1035048,2,theatrical_limited,2024-11-08,,R
1035048,4,digital,2024-11-26,,R
1035048,4,digital,2025-02-21,Max,R
1035259,3,theatrical,2025-08-01,,PG-13
1035259,4,digital,2025-09-02,,PG-13
1035259,4,digital,2025-09-30,Paramount+ / MGM+,PG-13
1035259,5,physical,2025-11-11,Blu-ray / DVD,PG-13
1035806,2,theatrical_limited,2023-01-20,,R
1035806,4,digital,2023-01-20,,R
1037113,2,theatrical_limited,2024-03-15,,R
1037113,4,digital,2024-04-02,,R
1038392,3,theatrical,2025-09-05,,R
1038392,4,digital,2025-10-07,,R
1038392,4,digital,2025-11-21,HBO Max,R
1038392,6,tv,2025-11-22,HBO,R
1038392,5,physical,2025-11-25,Blu-ray / DVD,R
1040148,3,theatrical,2023-06-30,,PG
1040148,4,digital,2023-07-18,,PG
1040148,5,physical,2023-09-26,Blu-ray / DVD,PG
1040148,4,digital,2023-10-20,Peacock,PG
1040148,4,digital,2024-02-20,Netflix,PG
1041613,1,premiere,2024-03-12,South by Southwest Film & TV Festival,
1041613,1,premiere,2024-03-22,Fargo Film Festival,
1041613,3,theatrical,2024-03-22,,R
1041613,4,digital,2024-04-16,,R
1041613,5,physical,2024-06-11,Blu-ray / DVD,R
1042834,3,theatrical,2025-08-22,,R
1048522,1,premiere,2023-01-20,Sundance Film Festival,
1048522,1,premiere,2023-03-11,South by Southwest Film & TV Festival,
1048522,2,theatrical_limited,2023-08-25,,NR
1048522,4,digital,2023-10-10,,NR
1051180,3,theatrical,2022-12-08,,G
1051891,1,premiere,2024-01-18,Sundance Film Festival,
1051891,1,premiere,2024-04-03,Cleveland International Film Festival,
1051891,1,premiere,2024-04-04,Annapolis Film Festival,
1051891,1,premiere,2024-04-05,Miami Film Festival,
1051891,1,premiere,2024-04-07,Sarasota Film Festival,
1051891,1,premiere,2024-04-12,PFF SpringFest,
1051891,1,premiere,2024-04-17,USA Film Festival,
1051891,1,premiere,2024-04-18,RiverRun International Film Festival,
1051891,1,premiere,2024-04-27,Atlanta Film Festival,
1051891,1,premiere,2024-04-28,San Francisco International Film Festival,
1051891,1,premiere,2024-05-04,Chicago Critics Film Festival,
1051891,1,premiere,2024-05-08,Independent Film Festival Boston,
1051891,1,premiere,2024-05-30,Berkshire International Film Festival,
1051891,1,premiere,2024-06-07,Lighthouse International Film Festival,
1051891,1,premiere,2024-06-13,Provincetown International Film Festival,
1051891,1,premiere,2024-06-14,Bentonville Film Festival,
1051891,1,premiere,2024-06-19,Nantucket Film Festival,
1051891,3,theatrical,2024-06-21,,PG-13
1051891,4,digital,2024-07-19,,PG-13
1051891,4,digital,2024-11-15,Hulu,
1054867,1,premiere,2025-09-08,TCL Chinese Theatre,R
1054867,1,premiere,2025-09-21,Film at Lincoln Center,R
1054867,1,premiere,2025-09-23,Fantastic Fest,
1054867,3,theatrical,2025-09-26,,R
1054867,1,premiere,2025-10-26,SCAD Savannah Film Festival,
1054867,4,digital,2025-11-14,,R
1054867,4,digital,2025-12-19,HBO Max,R
1054867,6,tv,2025-12-20,HBO,R
1054867,5,physical,2026-01-20,Blu-ray / DVD,R
1054867,2,theatrical_limited,2026-01-23,Re-Release,R
1056360,1,premiere,2023-10-11,Mill Valley Film Festival,
1056360,1,premiere,2023-10-27,Austin Film Festival,
1056360,2,theatrical_limited,2023-12-15,,R
1056360,2,theatrical_limited,2023-12-22,limited expansion,R
1056360,3,theatrical,2024-01-12,,R
1056360,4,digital,2024-02-06,,R
1056360,4,digital,2024-03-08,MGM+,R
1056360,6,tv,2024-03-09,MGM+,R
1056360,4,digital,2024-05-13,Prime Video,R
1056360,5,physical,2024-06-18,,
1057265,3,theatrical,2026-06-03,,NR
1058424,1,premiere,2026-07-20,New York Asian Film Festival,
1058424,3,theatrical,2026-09-09,,R
1058424,4,digital,2026-10-13,,R
1058694,1,premiere,2023-01-19,Sundance Film Festival,
1058694,2,theatrical_limited,2023-11-03,,PG-13
1058694,4,digital,2024-01-26,ViX,PG-13
1059128,1,premiere,2024-10-06,New York Film Festival,
1059128,1,premiere,2024-10-09,Mill Valley Film Festival,
1059128,1,premiere,2024-11-03,"Los Angeles, California",R
1059128,2,theatrical_limited,2024-11-27,"New York City, NY & Los Angeles, CA",R
1059128,2,theatrical_limited,2024-12-06,Limited expansion,R
1059128,3,theatrical,2024-12-13,,R
1059128,1,premiere,2024-12-29,MoMA - The Contenders,
1059128,4,digital,2025-01-14,,R
1059128,4,digital,2025-03-28,Max,R
1059128,6,tv,2025-03-29,HBO,R
1060046,3,theatrical,2025-04-30,,NR
1060046,4,digital,2025-05-29,,R
1061474,1,premiere,2025-07-07,"Los Angeles, California",PG-13
1061474,3,theatrical,2025-07-11,,PG-13
1061474,4,digital,2025-08-15,,PG-13
1061474,4,digital,2025-09-19,HBO Max,PG-13
1061474,6,tv,2025-09-20,HBO,PG-13
1061474,5,physical,2025-09-23,Blu-ray / DVD,PG-13
1062215,3,theatrical,2024-08-30,,PG-13
1062215,4,digital,2024-09-17,,PG-13
1062215,5,physical,2024-11-05,Blu-ray / DVD,PG-13
1062215,4,digital,2024-11-28,Netflix,PG-13
1062722,1,premiere,2025-08-30,Telluride Film Festival,
1062722,1,premiere,2025-10-17,Chicago International Film Festival,
1062722,2,theatrical_limited,2025-10-17,,R
1062722,1,premiere,2025-10-19,Philadelphia Film Festival,
1062722,1,premiere,2025-11-06,GuadaLAjara Film Festival,
1062722,4,digital,2025-11-07,Netflix,R
1062722,5,physical,2026-10-27,Blu-ray / DVD (The Criterion Collection),R
1062807,3,theatrical,2024-04-19,,PG-13
1062807,4,digital,2024-09-05,Crunchyroll,PG-13
1064213,1,premiere,2024-08-30,Telluride Film Festival,
1064213,1,premiere,2024-09-20,Fantastic Fest,
1064213,1,premiere,2024-09-28,New York Film Festival,
1064213,1,premiere,2024-10-01,Beyond Fest,
1064213,1,premiere,2024-10-04,Mill Valley Film Festival,
1064213,1,premiere,2024-10-11,Hamptons International Film Festival,
1064213,1,premiere,2024-10-15,"New York City, New York",R
1064213,1,premiere,2024-10-18,Philadelphia Film Festival,
1064213,2,theatrical_limited,2024-10-18,"New York City, New York / Los Angeles, California",R
1064213,1,premiere,2024-10-20,Montclair Film Festival,
1064213,2,theatrical_limited,2024-10-25,,R
1064213,3,theatrical,2024-11-08,,R
1064213,4,digital,2024-12-17,,R
1064213,4,digital,2025-03-17,Hulu,R
1064213,5,physical,2025-04-29,4K Ultra HD / Blu-ray / DVD (Criterion Collection),R
1064486,1,premiere,2024-09-21,Fantastic Fest,
1064486,1,premiere,2024-10-12,Mill Valley Film Festival,
1064486,1,premiere,2024-10-18,Orcas Island Film Festival,
1064486,1,premiere,2024-10-20,Animation Is Film Festival / Montclair Film Festival,
1064486,3,theatrical,2024-10-25,,R
1064486,1,premiere,2024-10-31,Virginia Film Festival,
1064486,4,digital,2024-11-26,,R
1064486,1,premiere,2024-12-19,MoMA - The Contenders,
1064486,4,digital,2025-07-29,Hulu,R
1066714,3,theatrical,2024-01-19,,NR
1071215,1,premiere,2023-11-14,Vista Theatre,
1071215,3,theatrical,2023-11-17,,R
1071215,4,digital,2023-12-19,,R
1071215,4,digital,2024-02-17,Netflix,R
1071585,1,premiere,2025-06-24,"New York City, New York",PG-13
1071585,3,theatrical,2025-06-27,,PG-13
1071585,4,digital,2025-07-15,,PG-13
1071585,5,physical,2025-09-23,Blu-ray / DVD,NR
1071585,4,digital,2025-09-26,Peacock,NR
1071585,4,digital,2026-01-26,Netflix,PG-13
1072342,1,premiere,2024-01-03,"Los Angeles, California",
1072342,3,theatrical,2024-01-05,,PG-13
1072342,4,digital,2024-01-23,,PG-13
1072342,4,digital,2024-04-05,Peacock,PG-13
1072342,5,physical,2024-04-09,Blu-ray / DVD,PG-13
1072790,1,premiere,2023-12-11,"New York City, New York",R
1072790,3,theatrical,2023-12-22,,R
1072790,3,theatrical,2024-02-09,The Valentine Encore,R
1072790,4,digital,2024-02-20,,R
1072790,5,physical,2024-03-12,Blu-ray / DVD,R
1072790,4,digital,2024-04-23,Netflix,R
1072790,4,digital,2025-10-20,Hulu,R
1072790,4,digital,2026-10-20,HBO Max,R
1075971,1,premiere,2023-09-01,Telluride Film Festival,
1075971,2,theatrical_limited,2024-04-09,,PG
1075971,3,theatrical,2024-04-12,,PG
1078605,1,premiere,2025-07-31,"Los Angeles, California",
1078605,3,theatrical,2025-08-08,,R
1078605,4,digital,2025-09-09,,R
1078605,5,physical,2025-10-14,Blu-ray / DVD,R
1078605,4,digital,2025-10-24,HBO Max,R
1078605,6,tv,2025-10-25,HBO,R
1079091,1,premiere,2024-08-06,"New York City, New York",PG-13
1079091,3,theatrical,2024-08-09,,PG-13
1079091,4,digital,2024-09-24,,PG-13
1079091,4,digital,2024-12-09,Netflix,PG-13
1079091,4,digital,2026-06-09,Hulu,PG-13
1079244,2,theatrical_limited,2024-11-20,,PG-13
1079244,3,theatrical,2024-11-22,,PG-13
1081003,1,premiere,2026-06-22,"Brooklyn, New York City, New York",PG-13
1081003,3,theatrical,2026-06-26,,PG-13
1081003,4,digital,2026-07-28,,PG-13
1081003,5,physical,2026-09-08,4K Ultra HD / Blu-ray / DVD,PG-13
1081003,4,digital,2026-09-10,HBO Max,PG-13
1081003,6,tv,2026-09-12,HBO,PG-13
1082195,1,premiere,2024-10-08,Mill Valley Film Festival,
1082195,1,premiere,2024-10-24,Philadelphia Film Festival,
1082195,1,premiere,2024-10-27,Austin Film Festival,
1082195,3,theatrical,2024-12-06,,R
1082195,4,digital,2024-12-24,,R
1082195,5,physical,2025-02-18,Blu-ray / DVD,R
1082195,4,digital,2025-04-18,Hulu,R
1083381,1,premiere,2026-05-07,"Aero Theatre (Santa Monica, California)",R
1083381,3,theatrical,2026-05-29,,R
1083381,3,theatrical,2026-07-03,Everything Must Go Edition,R
1083381,4,digital,2026-07-14,,R
1083381,4,digital,2026-09-25,HBO Max,R
1083381,6,tv,2026-09-26,HBO,R
1083381,1,premiere,2026-10-26,SCAD Savannah Film Festival,
1083433,1,premiere,2025-07-15,"Los Angeles, California",
1083433,3,theatrical,2025-07-18,,R
1083433,4,digital,2025-08-26,,R
1083433,4,digital,2025-10-16,Netflix,R
1083637,3,theatrical,2025-10-02,,NR
1083637,4,digital,2025-10-31,Prime Video,
1083637,4,digital,2025-11-27,Prime Video,
1083968,1,premiere,2025-03-16,"New York City, New York",
1083968,3,theatrical,2025-03-21,,R
1083968,4,digital,2025-04-22,,R
1083968,4,digital,2025-07-25,Hulu,R
1083968,5,physical,2025-08-26,DVD,R
1084153,3,theatrical,2025-04-18,,PG
1084199,3,theatrical,2025-01-31,,R
1084199,4,digital,2025-02-18,,R
1084199,5,physical,2025-04-01,4K Ultra HD / Blu-ray / DVD,R
1084199,4,digital,2025-04-18,Max,R
1084199,6,tv,2025-04-19,HBO,R
1084199,4,digital,2026-10-18,Hulu,R
1084242,1,premiere,2025-11-13,El Capitan Theater,PG
1084242,3,theatrical,2025-11-26,,PG
1084242,4,digital,2026-01-26,,PG
1084242,5,physical,2026-03-03,Blu-ray / DVD,PG
1084242,4,digital,2026-03-11,Disney+,PG
1084244,1,premiere,2026-06-09,"Los Angeles, California",
1084244,3,theatrical,2026-06-19,,PG
1084244,4,digital,2026-08-18,,PG
1084244,5,physical,2026-09-22,4K Ultra HD / Blu-ray / DVD,PG
1084244,4,digital,2026-09-23,Disney+,PG
1084736,2,theatrical_limited,2024-12-20,,NR
1086747,1,premiere,2024-06-02,"New York City, New York",PG-13
1086747,3,theatrical,2024-06-07,,PG-13
1086747,4,digital,2024-06-28,,PG-13
1086747,5,physical,2024-08-27,4K Ultra HD / Blu-ray / DVD,PG-13
1086747,4,digital,2024-08-30,Max,PG-13
1086747,6,tv,2024-08-31,HBO,PG-13
1087192,1,premiere,2025-06-11,Tribeca Festival,
1087192,3,theatrical,2025-06-13,,PG
1087192,4,digital,2025-07-15,,PG
1087192,5,physical,2025-08-12,Blu-ray / DVD,PG
1087192,4,digital,2025-10-10,Peacock,PG
1087192,4,digital,2026-02-10,Netflix,PG
1087891,3,theatrical,2025-04-11,,PG-13
1087891,4,digital,2025-06-10,,PG-13
1087891,5,physical,2025-07-08,Blu-ray,PG-13
1087891,4,digital,2025-07-17,Hulu,PG-13
1087891,4,digital,2026-10-17,HBO Max,PG-13
1088096,3,theatrical,2024-10-18,,R
1088096,4,digital,2024-11-12,,R
1088096,4,digital,2025-01-31,Max,R
1088096,6,tv,2025-02-01,HBO,R
1088514,1,premiere,2024-10-04,New York Film Festival,
1088514,1,premiere,2024-10-05,Hawai'i International Film Festival,
1088514,1,premiere,2024-10-06,Mill Valley Film Festival,
1088514,1,premiere,2024-10-11,Hamptons International Film Festival,
1088514,1,premiere,2024-10-18,FilmColumbia Film Festival,
1088514,1,premiere,2024-10-19,Orcas Island Film Festival,
1088514,1,premiere,2024-10-20,Santa Fe International Film Festival,
1088514,1,premiere,2024-10-22,Philadelphia Film Festival,
1088514,1,premiere,2024-10-24,Chicago International Film Festival,
1088514,1,premiere,2024-10-28,SCAD Savannah Film Festival,
1088514,1,premiere,2024-10-30,"Miami Film Festival GEMS, Austin Film Festival",
1088514,1,premiere,2024-11-03,Virginia Film Festival,
1088514,2,theatrical_limited,2024-12-20,"New York City, NY & Los Angeles, CA",PG-13
1088514,1,premiere,2025-01-07,Palm Springs International Film Festival,
1088514,3,theatrical,2025-01-17,,PG-13
1088514,4,digital,2026-10-19,Hulu,PG-13
1092329,3,theatrical,2023-11-10,,PG
1092329,4,digital,2023-12-08,,PG
1092329,4,digital,2024-02-08,Netflix,PG
1093237,1,premiere,2025-05-13,AMC Lincoln Square 13,R
1093237,3,theatrical,2025-05-16,,R
1093237,4,digital,2025-06-06,,R
1093237,4,digital,2026-01-01,Starz,R
1094009,3,theatrical,2024-05-31,,PG-13
1094274,1,premiere,2024-03-09,South by Southwest Film & TV Festival,
1094274,1,premiere,2024-10-28,SCAD Savannah Film Festival,
1094274,3,theatrical,2024-12-06,,R
1094274,4,digital,2024-12-24,,R
1094274,4,digital,2025-04-04,Max,R
1094274,6,tv,2025-04-05,HBO,R
1097549,3,theatrical,2024-12-25,,R
1097549,4,digital,2025-01-28,,R
1097549,5,physical,2025-03-25,4K Ultra HD / Blu-ray,R
1097549,4,digital,2025-04-25,Max,R
1097549,6,tv,2025-04-26,HBO,R
1100099,1,premiere,2024-10-05,Mill Valley Film Festival,
1100099,2,theatrical_limited,2024-10-11,,R
1100099,3,theatrical,2024-10-18,,R
1100099,4,digital,2024-11-22,,R
1100099,5,physical,2025-01-07,,R
1100099,4,digital,2025-02-07,Max,R
1100099,6,tv,2025-02-08,HBO,R
1100782,1,premiere,2024-10-14,"Los Angeles, California",
1100782,3,theatrical,2024-10-18,,R
1100782,4,digital,2024-11-19,,R
1100782,4,digital,2024-12-03,Paramount+ / MGM+,R
1100782,5,physical,2025-01-21,Blu-ray / DVD,R
1100782,4,digital,2026-09-03,Netflix,R
1100988,3,theatrical,2025-06-20,,R
1100988,4,digital,2025-07-29,,R
1100988,4,digital,2025-09-20,Netflix,R
1100988,5,physical,2025-09-23,Blu-ray / DVD,R
1101383,3,theatrical,2026-08-14,,PG-13
1101383,4,digital,2026-09-15,,PG-13
1101383,5,physical,2026-11-03,4K Ultra HD / Blu-ray / DVD,PG-13
1101412,3,theatrical,2026-09-02,,PG-13
1101412,4,digital,2026-10-06,,PG-13
1102493,1,premiere,2024-10-05,Hamptons International Film Festival,
1102493,1,premiere,2024-10-16,Heartland International Film Festival,
1102493,1,premiere,2024-10-17,Orcas Island Film Festival / Woodstock Film Festival,
1102493,1,premiere,2024-10-19,Montclair Film Festival,
1102493,1,premiere,2024-10-22,Philadelphia International Film Festival,
1102493,1,premiere,2024-10-24,Chicago International Film Festival,
1102493,3,theatrical,2024-11-08,,PG-13
1102493,4,digital,2024-12-17,,PG-13
1102493,4,digital,2025-04-08,Hulu,PG-13
1102883,3,theatrical,2026-04-17,,R
1102883,4,digital,2026-05-19,,R
1102883,4,digital,2026-08-21,HBO Max,R
1102883,6,tv,2026-08-22,HBO,R
1103857,3,theatrical,2025-05-09,,PG-13
1103857,4,digital,2025-05-27,,PG-13
1106739,1,premiere,2024-10-27,AFI Fest,
1106739,2,theatrical_limited,2024-11-01,,PG-13
1106739,1,premiere,2024-11-02,SCAD Savannah Film Festival,
1106739,4,digital,2024-12-03,,PG-13
1106739,4,digital,2024-12-20,Max,PG-13
1106739,5,physical,2025-02-04,Blu-ray / DVD,PG-13
1107166,3,theatrical,2026-02-20,,R
1107166,4,digital,2026-04-07,,R
1107166,4,digital,2026-05-29,Hulu,R
1107325,3,theatrical,2025-08-15,,R
1107325,4,digital,2025-09-16,,
1108427,1,premiere,2026-07-07,"Los Angeles, California",
1108427,3,theatrical,2026-07-10,,PG
1108427,4,digital,2026-09-08,,PG
1108427,5,physical,2026-10-06,4K Ultra HD / Blu-ray / DVD,PG
1108658,3,theatrical,2023-12-01,,PG-13
1108658,4,digital,2024-02-23,,PG-13
1109086,3,theatrical,2025-08-13,,NR
1109255,1,premiere,2024-10-27,AFI Fest,
1109255,1,premiere,2025-01-05,Palm Springs International Film Festival,
1109255,2,theatrical_limited,2025-02-07,"New York City, NY & Los Angeles, CA",R
1109255,4,digital,2025-03-11,,R
1109255,4,digital,2025-06-06,Max,R
1109255,6,tv,2025-06-07,HBO,R
1109940,1,premiere,2023-04-29,Dallas International Film Festival,
1109940,3,theatrical,2024-03-08,,PG-13
1111873,1,premiere,2024-04-06,Overlook Film Festival,
1111873,3,theatrical,2024-04-19,,R
1111873,4,digital,2024-05-07,,R
1111873,5,physical,2024-07-09,Blu-ray / DVD,R
1111873,4,digital,2024-07-19,Peacock,R
1114513,3,theatrical,2024-09-13,,R
1114513,4,digital,2024-10-01,,R
1114513,5,physical,2024-11-19,Blu-ray / DVD,R
1114513,4,digital,2024-12-06,Peacock,R
1114513,6,tv,2026-06-06,Starz,R
1114967,1,premiere,2025-10-06,Beyond Fest,
1114967,1,premiere,2025-10-10,Heartland International Film Festival,
1114967,3,theatrical,2025-10-17,,R
1114967,4,digital,2025-11-07,,R
1114967,6,tv,2026-02-14,Starz,R
1115009,3,theatrical,2024-04-26,,PG
1115009,6,tv,2024-09-27,Starz,PG
1116201,3,theatrical,2026-01-30,,R
1116201,4,digital,2026-05-29,YouTube (movie storefront),R
1119449,1,premiere,2025-09-24,Fantastic Fest,
1119449,1,premiere,2025-09-28,Beyond Fest,
1119449,1,premiere,2026-01-02,Palm Springs International Film Festival,
1119449,3,theatrical,2026-02-13,,R
1119449,4,digital,2026-03-10,,R
1119449,5,physical,2026-04-21,,R
1120911,1,premiere,2024-08-31,Telluride Film Festival,
1120911,2,theatrical_limited,2024-09-27,"New York City, NY & Los Angeles, CA",R
1120911,2,theatrical_limited,2024-10-04,,R
1120911,1,premiere,2024-10-05,Mill Valley Film Festival,
1120911,3,theatrical,2024-10-11,,R
1120911,4,digital,2024-11-12,,R
1120911,5,physical,2025-01-07,Blu-ray / DVD,R
1120911,4,digital,2025-01-25,Netflix,R
1122030,3,theatrical,2026-07-03,,NR
1122030,4,digital,2026-08-28,Netflix,R
1122573,3,theatrical,2026-05-15,,R
1122573,4,digital,2026-06-02,,R
1122573,4,digital,2026-09-12,Starz,R
1122573,6,tv,2026-09-12,Starz,R
1124142,1,premiere,2025-03-10,South by Southwest Film & TV Festival,
1124142,2,theatrical_limited,2026-08-14,,R
1124142,3,theatrical,2026-08-21,,R
1124142,4,digital,2026-09-15,,R
1124566,1,premiere,2025-08-30,Telluride Film Festival,
1124566,1,premiere,2025-09-18,Aspen Film Festival,
1124566,1,premiere,2025-09-30,New York Film Festival,
1124566,1,premiere,2025-10-10,Mill Valley Film Festival,
1124566,1,premiere,2025-10-11,Hamptons International Film Festival / IFFBoston Fall Focus,
1124566,1,premiere,2025-10-12,Bend Film Festival,
1124566,1,premiere,2025-10-15,Woodstock Film Festival,
1124566,1,premiere,2025-10-16,Orcas Island Film Festival,
1124566,1,premiere,2025-10-17,Middleburg Film Festival,
1124566,1,premiere,2025-10-18,Santa Fe International Film Festival,
1124566,1,premiere,2025-10-19,Chicago International Film Festival / Heartland International Film Festival / Newport Beach Film Festival,
1124566,1,premiere,2025-10-23,Hawai’i International Film Festival,
1124566,1,premiere,2025-10-24,Virginia Film Festival,
1124566,1,premiere,2025-10-25,Montclair Film Festival,
1124566,1,premiere,2025-10-26,Philadelphia Film Festival,
1124566,1,premiere,2025-10-28,Austin Film Festival,
1124566,1,premiere,2025-11-01,SCAD Savannah Film Festival / Miami Film Festival GEMS,
1124566,1,premiere,2025-11-02,Denver Film Festival,
1124566,2,theatrical_limited,2025-11-07,"New York City, NY / Los Angeles, CA",R
1124566,1,premiere,2025-11-08,Loft Film Fest,
1124566,1,premiere,2025-11-09,Coronado Island Film Festival,
1124566,1,premiere,2025-11-13,Key West Film Festival,
1124566,2,theatrical_limited,2025-11-14,Limited expansion,R
1124566,3,theatrical,2025-11-21,,R
1124566,4,digital,2025-12-23,,R
1124566,1,premiere,2026-01-07,Palm Springs International Film Festival,
1124566,4,digital,2026-03-06,Letterboxd Video Store,R
1124566,5,physical,2026-05-26,4k / Blu-ray / DVD,R
1124619,1,premiere,2025-06-17,,R
1124619,3,theatrical,2025-06-20,,R
1124620,3,theatrical,2025-02-21,,R
1124620,4,digital,2025-04-04,,R
1124620,5,physical,2025-06-24,Blu-ray / DVD,R
1124620,4,digital,2025-08-07,Hulu,R
1125257,3,theatrical,2025-08-08,,PG
1125257,4,digital,2025-10-07,,PG
1125257,5,physical,2025-11-11,4K Ultra HD / Blu-ray / DVD,PG
1125257,4,digital,2025-11-12,Disney+,PG
1125257,4,digital,2025-11-26,Hulu,PG
1125311,1,premiere,2024-02-29,"Los Angeles, California",
1125311,3,theatrical,2024-03-08,,PG-13
1125311,4,digital,2024-03-26,,PG-13
1125311,6,tv,2024-09-04,Starz,PG-13
1125701,2,theatrical_limited,2026-02-20,,PG-13
1125701,4,digital,2026-03-10,,PG-13
1125701,4,digital,2026-04-10,Peacock,PG-13
1125701,4,digital,2026-08-10,Netflix,PG-13
1126166,3,theatrical,2025-01-24,,R
1126166,4,digital,2025-02-14,,R
1126166,4,digital,2025-05-24,Starz,R
1126166,4,digital,2025-11-26,HBO Max,R
1126166,6,tv,2025-11-29,HBO,R
1127384,1,premiere,2026-04-10,Sarasota Film Festival,
1127384,1,premiere,2026-04-15,Popcorn Frights Film Festival,
1127384,3,theatrical,2026-05-01,,R
1127384,4,digital,2026-06-16,MGM+,R
1127628,1,premiere,2025-01-25,Sundance Film Festival,
1127628,2,theatrical_limited,2025-11-28,,R
1127628,4,digital,2025-12-16,,R
1128650,3,theatrical,2025-01-10,,NR
1135303,1,premiere,2023-11-09,Fort Lauderdale International Film Festival,
1135303,3,theatrical,2025-09-19,,PG
1136867,1,premiere,2025-06-07,"New York City, New York",R
1136867,3,theatrical,2025-06-13,,R
1136867,4,digital,2025-07-22,,R
1136867,5,physical,2025-08-26,Blu-ray,R
1136867,4,digital,2025-11-07,HBO Max,R
1136867,6,tv,2025-11-08,HBO,R
1137179,3,theatrical,2025-04-25,,NR
1137350,1,premiere,2025-05-28,"New York City, New York",PG-13
1137350,2,theatrical_limited,2025-05-30,,PG-13
1137350,3,theatrical,2025-06-06,,PG-13
1137350,4,digital,2025-07-08,,PG-13
1137350,4,digital,2025-07-25,Peacock,PG-13
1137350,5,physical,2025-07-29,Blu-ray / DVD,PG-13
1138194,1,premiere,2024-10-24,AFI Fest,R
1138194,3,theatrical,2024-11-08,,R
1138194,4,digital,2024-12-10,,R
1138194,5,physical,2025-01-21,Blu-ray,R
1138194,4,digital,2025-03-07,Max,R
1138194,6,tv,2025-03-08,HBO,R
1140498,1,premiere,2025-10-10,New York Film Festival,
1140498,1,premiere,2025-10-11,Mill Valley Film Festival,
1140498,1,premiere,2025-10-12,Heartland International Film Festival,
1140498,1,premiere,2025-10-13,Hamptons International Film Festival,
1140498,1,premiere,2025-10-16,Santa Fe International Film Festival,
1140498,1,premiere,2025-10-17,Woodstock Film Festival,
1140498,1,premiere,2025-10-19,Middleburg Film Festival,
1140498,1,premiere,2025-10-22,Chicago International Film Festival,
1140498,1,premiere,2025-10-24,AFI Fest / Twin Cities Film Fest,
1140498,1,premiere,2025-10-25,Hawai’i International Film Festival,
1140498,1,premiere,2025-10-26,Philadelphia Film Festival,
1140498,1,premiere,2025-10-27,Austin Film Festival,
1140498,1,premiere,2025-10-28,SCAD Savannah Film Festival,
1140498,1,premiere,2025-11-01,Miami Film Festival GEMS,
1140498,1,premiere,2025-11-03,Denver Film Festival,
1140498,1,premiere,2025-11-04,IFFBoston Fall Focus,
1140498,1,premiere,2025-12-07,Sun Valley Film Festival,
1140498,2,theatrical_limited,2025-12-19,,R
1140498,2,theatrical_limited,2025-12-25,Limited expansion,R
1140498,3,theatrical,2026-01-09,,R
1140498,4,digital,2026-02-10,,R
1140498,4,digital,2026-03-20,Hulu,R
1140535,1,premiere,2024-01-19,Sundance Film Festival,
1140535,1,premiere,2024-10-08,Beyond Fest,
1140535,1,premiere,2024-11-02,Virginia Film Festival,
1140535,1,premiere,2025-01-16,"New York City, New York",R
1140535,3,theatrical,2025-01-24,,R
1140535,4,digital,2025-02-25,,R
1146058,3,theatrical,2026-03-20,,PG
1146556,1,premiere,2024-08-24,"Atlantic Highlands, New Jersey",R
1146556,3,theatrical,2024-09-13,,R
1146556,4,digital,2024-10-01,,R
1149504,3,theatrical,2025-08-22,,R
1149504,4,digital,2025-09-09,,R
1149504,4,digital,2025-10-03,Peacock,R
1149504,5,physical,2025-10-03,Blu-ray,R
1149504,4,digital,2026-02-03,Netflix,R
1151031,1,premiere,2025-05-15,Aero Theatre,R
1151031,3,theatrical,2025-05-30,,R
1151031,4,digital,2025-07-01,,R
1151031,5,physical,2025-08-19,4K Ultra HD / Blu-ray,R
1151031,4,digital,2025-10-03,HBO Max,R
1151031,6,tv,2025-10-04,HBO,R
1151244,1,premiere,2024-10-10,Hamptons International Film Festival,
1151244,1,premiere,2024-10-20,Chicago International Film Festival,
1151244,1,premiere,2024-10-22,Philadelphia Film Festival,
1151244,2,theatrical_limited,2024-12-25,,NR
1151244,3,theatrical,2025-01-03,,NR
1151244,4,digital,2025-03-04,,
1151272,1,premiere,2025-09-19,Fantastic Fest,
1151272,1,premiere,2025-10-01,New York Film Festival,
1151272,1,premiere,2025-10-03,Beyond Fest,
1151272,1,premiere,2025-10-04,AFI Latin American Film Festival,
1151272,1,premiere,2025-10-05,Mill Valley Film Festival,
1151272,1,premiere,2025-10-11,Hamptons International Film Festival,
1151272,1,premiere,2025-10-16,Woodstock Film Festival,
1151272,1,premiere,2025-10-17,Chicago International Film Festival,
1151272,1,premiere,2025-10-18,Heartland International Film Festival / Philadelphia Film Festival,
1151272,1,premiere,2025-10-19,New Hampshire Film Festival,
1151272,1,premiere,2025-10-21,Vermont International Film Festival,
1151272,1,premiere,2025-10-26,SCAD Savannah Film Festival,
1151272,1,premiere,2025-11-01,Miami Film Festival GEMS,
1151272,2,theatrical_limited,2025-11-14,"New York City, NY / Los Angeles, CA",R
1151272,2,theatrical_limited,2026-02-06,NY & LA theatrical release,R
1151272,3,theatrical,2026-02-20,,R
1151272,4,digital,2026-03-24,,R
1153399,3,theatrical,2025-08-13,,NR
1153399,4,digital,2025-09-11,Amazon Prime Video,R
1153714,1,premiere,2025-03-08,South by Southwest Film & TV Festival,
1153714,3,theatrical,2025-03-28,,R
1153714,4,digital,2025-04-29,,R
1153714,5,physical,2025-07-01,Blu-ray,R
1153714,4,digital,2025-07-25,HBO Max,R
1153714,6,tv,2025-07-26,HBO,R
1154538,1,premiere,2025-03-09,South by Southwest Film & TV Festival,
1154538,1,premiere,2025-10-01,Beyond Fest,
1154538,1,premiere,2025-10-18,Vermont International Film Festival,
1154538,1,premiere,2025-10-19,Sante Fe International Film Festival,
1154538,1,premiere,2025-10-25,Philadelphia Film Festival,
1154538,1,premiere,2025-10-26,Virginia Film Festival,
1154538,1,premiere,2025-10-27,"New York City, New York",R
1154538,1,premiere,2025-11-01,Denver Film Festival,
1154538,1,premiere,2025-11-05,Miami Film Festival GEMS,
1154538,1,premiere,2025-11-11,"Seattle, Washington",R
1154538,1,premiere,2025-11-12,"Portland, Oregon",R
1154538,1,premiere,2025-11-13,"San Francisco, California",R
1154538,1,premiere,2025-11-17,"Atlanta, Georgia",R
1154538,1,premiere,2025-11-18,"Nashville, Tennessee",R
1154538,1,premiere,2025-12-02,"Boston, Massachusetts",R
1154538,1,premiere,2025-12-03,"Dallas, Texas",R
1154538,1,premiere,2025-12-04,"Austin, Texas",R
1154538,1,premiere,2025-12-05,"Chicago, Illinois",R
1154538,2,theatrical_limited,2026-02-13,,R
1154538,3,theatrical,2026-02-20,,R
1154538,4,digital,2026-03-24,,R
1154538,5,physical,2026-05-26,,R
1155281,2,theatrical_limited,2025-01-29,,NR
1155281,3,theatrical,2025-01-31,,NR
1155828,1,premiere,2024-03-08,South by Southwest Film & TV Festival,
1155828,1,premiere,2024-04-07,Miami Film Festival,
1155828,1,premiere,2024-04-10,Ivy Film Festival,
1155828,1,premiere,2024-04-13,PFF SpringFest,
1155828,1,premiere,2024-04-25,San Francisco International Film Festival,
1155828,1,premiere,2024-05-02,Dallas International Film Festival,
1155828,1,premiere,2024-05-03,Chicago Critics Film Festival,
1155828,1,premiere,2024-05-04,Atlanta Film Festival,
1155828,1,premiere,2024-05-07,Independent Film Festival Boston,
1155828,1,premiere,2024-05-18,Seattle International Film Festival,
1155828,1,premiere,2024-06-13,Provincetown International Film Festival,
1155828,1,premiere,2024-06-19,San Diego International Film Festival,
1155828,1,premiere,2024-07-10,Newark Black Film Festival,
1155828,2,theatrical_limited,2024-07-12,,R
1155828,1,premiere,2024-08-02,Martha's Vineyard African American Film Festival,
1155828,2,theatrical_limited,2024-08-02,Limited expansion,R
1155828,1,premiere,2025-01-03,Palm Springs International Film Festival,
1155828,2,theatrical_limited,2025-01-17,Re-release,R
1155828,4,digital,2025-01-31,,R
1155828,6,tv,2025-02-22,HBO,R
1155828,4,digital,2025-03-21,Max,R
1159559,3,theatrical,2026-02-27,,R
1159559,4,digital,2026-03-31,,R
1159559,4,digital,2026-05-28,Paramount+,R
1159559,5,physical,2026-06-16,4K Ultra HD / DVD,R
1159559,4,digital,2026-12-16,Prime Video,R
1159831,3,theatrical,2026-03-06,,R
1159831,4,digital,2026-04-07,,R
1159831,4,digital,2026-05-22,HBO Max,R
1159831,6,tv,2026-05-23,HBO,R
1159831,4,digital,2026-10-23,Prime Video,R
1160018,1,premiere,2023-09-24,Fantastic Fest,
1160018,1,premiere,2024-06-13,Tribeca Film Festival,
1160018,3,theatrical,2024-07-04,,R
1160018,4,digital,2024-07-23,,R
1160018,5,physical,2024-09-10,,R
1160164,1,premiere,2023-10-11,AMC The Grove 14,
1160164,3,theatrical,2023-10-13,,PG-13
1160164,4,digital,2023-12-13,Extended Version,NR
1160164,4,digital,2024-03-14,Disney+ (Taylor's Version),NR
1160164,4,digital,2025-12-12,Disney+ (The Final Show),NR
1160360,1,premiere,2025-01-24,Sundance Film Festival,
1160360,1,premiere,2025-08-30,Telluride Film Festival,
1160360,1,premiere,2025-09-21,Fantastic Fest,
1160360,1,premiere,2025-09-26,Beyond Fest,
1160360,1,premiere,2025-10-02,New York Film Festival,
1160360,1,premiere,2025-10-04,Hamptons International Film Festival,
1160360,1,premiere,2025-10-10,Mill Valley Film Festival,
1160360,2,theatrical_limited,2025-10-10,"New York City, New York / Los Angeles, California",R
1160360,1,premiere,2025-10-16,Chicago International Film Festival,
1160360,2,theatrical_limited,2025-10-17,Limited Expansion,R
1160360,1,premiere,2025-10-19,Philadelphia Film Festival,
1160360,3,theatrical,2025-10-24,,R
1160360,4,digital,2025-11-18,,R
1160360,4,digital,2026-01-30,HBO Max,R
1160360,6,tv,2026-01-31,HBO,R
1160360,5,physical,2026-05-26,Blu-ray,R
1161406,3,theatrical,2023-08-25,,NR
1161617,3,theatrical,2025-09-12,,R
1162322,3,theatrical,2023-10-27,,PG-13
1163258,2,theatrical_limited,2023-10-27,,PG
1163258,4,digital,2024-03-01,"Netflix, Hulu",
1167271,3,theatrical,2024-11-08,,R
1167307,1,premiere,2025-12-08,"Lehi, Utah",
1167307,3,theatrical,2025-12-19,,PG
1167307,4,digital,2026-01-27,Prime Video,PG
1171145,3,theatrical,2026-02-13,,R
1171145,4,digital,2026-04-01,Prime Video,R
1171145,5,physical,2026-06-30,4K Ultra HD / Blu-ray / DVD,R
1175942,1,premiere,2025-07-23,"Los Angeles, California",PG
1175942,3,theatrical,2025-08-01,,PG
1175942,4,digital,2025-08-19,,PG
1175942,5,physical,2025-10-07,4K Ultra HD / Blu-ray / DVD,PG
1175942,4,digital,2025-11-21,Peacock,PG
1175942,4,digital,2026-03-21,Netflix,PG
1181107,1,premiere,2025-03-29,Annual Annapolis Film Festival,
1181107,3,theatrical,2025-04-11,,PG
1181107,4,digital,2025-05-27,,PG
1182047,1,premiere,2024-08-31,Telluride Film Festival,
1182047,1,premiere,2024-09-29,Beyond Fest,
1182047,3,theatrical,2024-10-11,,R
1182047,4,digital,2024-11-01,,R
1184918,1,premiere,2024-09-21,Fantastic Fest,
1184918,3,theatrical,2024-09-27,,PG
1184918,4,digital,2024-10-15,,PG
1184918,5,physical,2024-12-03,Blu-ray / DVD,PG
1184918,2,theatrical_limited,2025-01-17,Re-Release,PG
1184918,4,digital,2025-01-24,Peacock,PG
1184918,4,digital,2025-05-24,Netflix,PG
1184918,3,theatrical,2025-07-18,Re-Release,PG
1185743,1,premiere,2023-11-25,Samuel Goldwyn Theater,
1185743,3,theatrical,2023-12-01,,NR
1185806,3,theatrical,2026-08-14,,PG
1185806,4,digital,2026-09-29,,PG
1186350,2,theatrical_limited,2024-12-20,,R
1186532,3,theatrical,2024-08-23,,PG
1186532,4,digital,2024-12-21,Netflix,
1193501,1,premiere,2025-09-25,Fantastic Fest,
1193501,3,theatrical,2026-02-06,,R
1193501,4,digital,2026-03-03,,R
1195506,3,theatrical,2025-03-14,,R
1195506,4,digital,2025-04-08,,R
1195506,4,digital,2025-05-13,Paramount+,R
1195506,5,physical,2025-06-24,DVD,R
1195506,6,tv,2025-07-19,MGM+,R
1195506,4,digital,2025-09-12,Prime Video,R
1196791,3,theatrical,2025-10-10,,PG
1197137,1,premiere,2025-09-20,Fantastic Fest,
1197137,1,premiere,2025-10-06,Beyond Fest,
1197137,1,premiere,2025-10-10,SCAD Atlanta Horror Fest,
1197137,3,theatrical,2025-10-17,,R
1197137,4,digital,2025-11-04,,R
1197137,5,physical,2025-12-23,4K Ultra HD / Blu-ray / DVD,R
1197137,4,digital,2026-01-16,Peacock,R
1197137,4,digital,2026-05-16,Netflix,R
1197306,3,theatrical,2025-03-28,,R
1197306,4,digital,2025-04-15,,R
1197306,5,physical,2025-06-10,Blu-ray / DVD,R
1197306,4,digital,2025-06-26,MGM+,R
1197306,4,digital,2025-09-03,Prime Video,R
1198994,1,premiere,2026-01-21,"Los Angeles, California",
1198994,3,theatrical,2026-01-30,,R
1198994,4,digital,2026-03-23,,R
1198994,5,physical,2026-04-21,4K Ultra HD / DVD,R
1198994,4,digital,2026-05-07,Hulu,R
1202479,1,premiere,2025-01-27,Sundance Film Festival,
1202479,3,theatrical,2025-03-14,,R
1202479,4,digital,2025-04-01,,R
1202479,4,digital,2025-07-11,HBO Max,R
1202479,6,tv,2025-07-12,HBO,R
1203397,3,theatrical,2024-06-20,,NR
1204680,1,premiere,2026-07-25,San Diego Comic-Con,PG
1204680,2,theatrical_limited,2026-08-17,New York Museum of the Moving Image,PG
1204680,1,premiere,2026-08-26,"Directors Village (Los Angeles, California)",PG
1204680,3,theatrical,2026-08-28,,PG
1204680,4,digital,2026-09-29,,PG
1204680,5,physical,2026-12-01,4K Ultra HD / Blu-ray / DVD,PG
1205229,3,theatrical,2025-03-07,,PG
1205229,4,digital,2025-04-04,,PG
1205229,4,digital,2025-08-22,Peacock,PG
1205515,1,premiere,2025-01-27,Sundance Film Festival,
1205515,1,premiere,2025-04-30,Independent Film Festival Boston,
1205515,1,premiere,2025-05-05,Chicago Critics Film Festival,
1205515,1,premiere,2025-05-24,Seattle International Film Festival,
1205515,1,premiere,2025-06-15,Provincetown International Film Festival,
1205515,1,premiere,2025-06-26,Montclair Film's Summer Showcase,
1205515,2,theatrical_limited,2025-06-27,"New York City, NY & Los Angeles, CA",R
1205515,3,theatrical,2025-07-18,,R
1205515,4,digital,2025-08-05,,R
1205515,4,digital,2025-10-30,HBO Max,R
1205515,6,tv,2025-10-30,HBO,R
1206008,1,premiere,2025-12-09,El Capitan Theatre,PG-13
1206008,3,theatrical,2025-12-12,,PG-13
1206008,4,digital,2026-01-27,,PG-13
1206008,4,digital,2026-02-05,Hulu,PG-13
1206008,5,physical,2026-03-03,Blu-ray,PG-13
1206617,1,premiere,2024-11-02,"Los Angeles, California",
1206617,3,theatrical,2024-11-08,,PG
1206617,4,digital,2024-12-10,,PG
1206617,6,tv,2025-03-31,Starz,PG
1209058,1,premiere,2024-04-06,Cleveland International Film Festival,
1209058,3,theatrical,2024-08-16,,PG
1212763,1,premiere,2026-06-30,Saban Theatre,R
1212763,3,theatrical,2026-07-10,,R
1212763,4,digital,2026-08-04,,R
1212763,5,physical,2026-09-22,4K Ultra HD / Blu-ray / DVD,R
1212763,4,digital,2026-10-02,HBO Max,R
1212763,6,tv,2026-10-03,HBO,R
1212855,3,theatrical,2025-05-09,,R
1212855,4,digital,2025-06-27,,R
1212855,5,physical,2025-07-22,Blu-ray / DVD,R
1212855,4,digital,2025-10-01,Paramount+ with Showtime,R
1213243,3,theatrical,2026-08-26,,NR
1213898,3,theatrical,2026-01-23,,R
1214130,3,theatrical,2025-10-29,,PG
1214130,4,digital,2025-11-18,,PG
1214684,1,premiere,2025-01-26,Sundance Film Festival,
1214684,1,premiere,2025-09-24,Nashville Film Festival,
1214684,1,premiere,2025-10-08,Mill Valley Film Festival,
1214684,3,theatrical,2025-10-10,,R
1214684,4,digital,2025-11-11,,R
1214931,1,premiere,2025-10-18,Montclair Film Festival,
1214931,1,premiere,2025-10-19,Heartland International Film Festival,
1214931,1,premiere,2025-10-24,AFI Fest,
1214931,1,premiere,2025-10-25,Austin Film Festival,
1214931,3,theatrical,2025-11-07,,PG-13
1214931,4,digital,2025-12-23,,PG-13
1217690,3,theatrical,2024-12-20,,PG-13
1217690,4,digital,2025-01-31,Video on demand,PG-13
1218925,1,premiere,2025-10-15,Chicago International Film Festival,
1218925,1,premiere,2025-10-18,Animation Is Film Festival,
1218925,3,theatrical,2025-10-24,,R
1218925,4,digital,2025-12-09,,R
1218925,4,digital,2026-04-30,Crunchyroll,
1220515,1,premiere,2024-06-08,Tribeca Festival,
1220515,3,theatrical,2024-06-14,,R
1220515,4,digital,2024-07-30,,R
1220564,1,premiere,2025-08-29,Telluride Film Festival,
1220564,1,premiere,2025-09-18,AFI Latin American Film Festival,
1220564,1,premiere,2025-09-20,Telluride at Dartmouth,
1220564,1,premiere,2025-09-27,New York Film Festival,
1220564,1,premiere,2025-09-30,Beyond Fest,
1220564,1,premiere,2025-10-03,Mill Valley Film Festival,
1220564,1,premiere,2025-10-09,Hamptons International Film Festival,
1220564,1,premiere,2025-10-10,Cine Latino Film Festival,
1220564,1,premiere,2025-10-15,Santa Fe International Film Festival,
1220564,1,premiere,2025-10-16,Woodstock Film Festival / Middleburg Film Festival,
1220564,1,premiere,2025-10-17,Chicago International Film Festival / Heartland International Film Festival / Newport Beach Film Festival / Orcas Island Film Festival,
1220564,1,premiere,2025-10-18,New Hampshire Film Festival,
1220564,1,premiere,2025-10-19,Bravo Film Festival,
1220564,1,premiere,2025-10-20,Santa Barbara International Film Festival,
1220564,1,premiere,2025-10-22,Hawai'i International Film Festival,
1220564,1,premiere,2025-10-23,Montclair Film Festival / Philadelphia Film Festival,
1220564,1,premiere,2025-10-25,Virginia Film Festival,
1220564,1,premiere,2025-10-27,SCAD Savannah Film Festival,
1220564,1,premiere,2025-10-28,Vermont International Film Festival,
1220564,1,premiere,2025-10-29,Wilshire Screening Room,
1220564,1,premiere,2025-10-30,IFFBoston Fall Focus,
1220564,1,premiere,2025-11-01,Lake Placid Film Festival,
1220564,1,premiere,2025-11-02,Miami Film Festival GEMS,
1220564,1,premiere,2025-11-05,Portland Latin American Film Festival / Loft Film Fest,
1220564,1,premiere,2025-11-07,Coronado Island Film Festival,
1220564,1,premiere,2025-11-08,Denver Film Festival,
1220564,1,premiere,2025-11-12,Ojai Playhouse Film Festival,
1220564,1,premiere,2025-11-13,Key West Film Festival,
1220564,1,premiere,2025-11-15,The Yale Film Society,
1220564,1,premiere,2025-11-16,West Virginia International Film Festival,
1220564,1,premiere,2025-11-17,Three Rivers Film Festival,
1220564,1,premiere,2025-11-18,Sonoma International Film Festival,
1220564,1,premiere,2025-11-19,NYU,
1220564,1,premiere,2025-11-22,Metrograph,
1220564,1,premiere,2025-11-24,USC,
1220564,2,theatrical_limited,2025-11-26,"New York City, New York",R
1220564,2,theatrical_limited,2025-12-05,"Los Angeles, California",R
1220564,1,premiere,2025-12-07,LA Times Indie Focus,
1220564,1,premiere,2026-01-07,Palm Springs International Film Festival,
1220564,4,digital,2026-02-03,,
1220564,1,premiere,2026-02-06,Santa Barbara International Film Festival,
1220564,4,digital,2026-03-01,Hulu,
1223601,1,premiere,2025-09-21,Fantastic Fest,
1223601,1,premiere,2025-09-25,Beyond Fest,
1223601,1,premiere,2025-10-16,Chicago International Film Festival,
1223601,3,theatrical,2025-11-21,,R
1223601,4,digital,2025-12-16,,R
1223601,5,physical,2026-02-17,Blu-ray / DVD,R
1223601,4,digital,2026-03-21,Netflix,R
1225572,3,theatrical,2025-04-02,,NR
1225572,4,digital,2025-05-02,,NR
1225572,5,physical,2025-05-02,,NR
1226406,3,theatrical,2025-02-07,,R
1226406,4,digital,2025-02-25,,R
1226406,5,physical,2025-04-01,4K Ultra HD / Blu-ray / DVD,R
1226406,4,digital,2025-05-09,Peacock,R
1226406,4,digital,2025-09-19,Prime Video,R
1226578,1,premiere,2024-07-08,The Egyptian Theatre,R
1226578,3,theatrical,2024-07-12,,R
1226578,4,digital,2024-08-23,,R
1226578,5,physical,2024-09-10,Blu-ray / DVD,R
1226578,4,digital,2025-02-14,Hulu,R
1226863,3,theatrical,2026-04-01,,PG
1226863,4,digital,2026-05-19,,PG
1226863,5,physical,2026-06-16,4K Ultra HD / Blu-ray / DVD,PG
1226863,4,digital,2026-07-30,Peacock,PG
1227877,1,premiere,2026-03-12,South by Southwest Film & TV Festival,
1227877,1,premiere,2026-04-22,Independent Film Festival Boston,
1227877,1,premiere,2026-04-28,San Francisco International Film Festival,
1227877,1,premiere,2026-05-07,Seattle International Film Festival,
1227877,3,theatrical,2026-05-22,,R
1227877,4,digital,2026-06-23,,R
1227877,5,physical,2026-09-22,DVD,R
1228246,1,premiere,2025-12-03,"Los Angeles, Califronia",PG-13
1228246,3,theatrical,2025-12-05,,PG-13
1228246,4,digital,2025-12-23,,PG-13
1228246,5,physical,2026-02-16,4K Ultra HD / Blu-ray / DVD,PG-13
1228246,4,digital,2026-04-03,Peacock,PG-13
1228246,4,digital,2026-08-03,Netflix,PG-13
1228710,1,premiere,2026-05-14,TCL Chinese Theatre,PG-13
1228710,3,theatrical,2026-05-22,,PG-13
1228710,4,digital,2026-07-21,,PG-13
1228710,5,physical,2026-08-25,4K Ultra HD / Blu-ray / DVD,PG-13
1228710,4,digital,2026-09-02,Disney+,PG-13
1229349,2,theatrical_limited,2024-03-08,,PG-13
1229349,4,digital,2024-08-27,,PG-13
1230368,1,premiere,2025-08-29,Telluride Film Festival,
1230368,1,premiere,2025-09-28,New York Film Festival,
1230368,1,premiere,2025-10-22,AFI Fest / Virginia Film Festival,
1230368,1,premiere,2025-10-23,Milwaukee Film Festival / Montclair Film Festival,
1230368,1,premiere,2025-10-24,Virginia Film Festival,
1230368,3,theatrical,2025-10-24,,PG-13
1230368,4,digital,2025-12-23,,PG-13
1230368,4,digital,2026-01-23,Hulu,PG-13
1232546,3,theatrical,2025-04-25,,R
1232546,4,digital,2025-05-23,,R
1232546,5,physical,2025-07-08,DVD,R
1232546,4,digital,2025-07-24,Netflix,R
1232933,2,theatrical_limited,2025-05-02,,R
1232933,4,digital,2025-05-02,,R
1233208,1,premiere,2024-08-31,Telluride Film Festival,
1233208,1,premiere,2024-10-29,Austin Film Festival,
1233208,1,premiere,2024-12-23,MoMA - The Contenders,
1233208,3,theatrical,2024-12-27,,R
1233208,1,premiere,2025-01-03,Palm Springs International Film Festival,
1233413,1,premiere,2025-04-03,"New York City, New York",R
1233413,3,theatrical,2025-04-18,,R
1233413,4,digital,2025-06-03,,R
1233413,3,theatrical,2025-06-19,Re-Release,R
1233413,4,digital,2025-07-04,Max,R
1233413,6,tv,2025-07-05,HBO,R
1233413,5,physical,2025-07-08,Blu-ray / DVD,R
1233413,1,premiere,2025-10-27,SCAD Savannah Film Festival,
1233413,2,theatrical_limited,2025-10-30,70mm IMAX Re-Release,R
1233413,1,premiere,2025-11-01,Denver Film Festival,
1233413,2,theatrical_limited,2026-01-23,Re-Release,R
1233575,1,premiere,2025-03-09,AMC Lincoln Square 13,R
1233575,3,theatrical,2025-03-14,,R
1233575,4,digital,2025-04-01,,R
1233575,4,digital,2025-05-02,Peacock,R
1233575,5,physical,2025-05-13,4K Ultra HD / Blu-ray / DVD,R
1233575,4,digital,2025-09-05,Prime Video,R
1234731,1,premiere,2025-12-13,"Los Angeles, California",PG-13
1234731,3,theatrical,2025-12-25,,PG-13
1234731,4,digital,2026-01-27,,PG-13
1234731,5,physical,2026-03-17,4K Ultra HD / Blu-ray / DVD,PG-13
1234731,4,digital,2026-03-25,Netflix,PG-13
1234821,1,premiere,2025-06-23,"New York City, New York",PG-13
1234821,3,theatrical,2025-07-02,,PG-13
1234821,4,digital,2025-08-05,,PG-13
1234821,5,physical,2025-09-09,Blu-ray / DVD,PG-13
1234821,4,digital,2025-10-30,Peacock,PG-13
1234821,4,digital,2026-02-28,Netflix,PG-13
1235246,3,theatrical,2025-11-14,,PG
1235499,1,premiere,2024-10-18,Middleburg Film Festival,
1235499,1,premiere,2024-10-24,Philadelphia Film Festival,
1235499,1,premiere,2024-10-29,Austin Film Festival,
1235499,1,premiere,2024-11-02,SCAD Savannah Film Festival,
1235499,1,premiere,2024-11-03,Virginia Film Festival,
1235499,1,premiere,2024-11-07,Denver Film Festival,
1235499,2,theatrical_limited,2024-12-13,AMC Century City,R
1235499,3,theatrical,2025-01-10,,R
1235499,4,digital,2025-02-18,,R
1235499,4,digital,2025-05-23,Hulu,R
1236153,3,theatrical,2026-01-23,,PG-13
1236153,4,digital,2026-02-17,,PG-13
1236153,4,digital,2026-03-22,MGM+ / Prime Video,PG-13
1236153,6,tv,2026-03-22,MGM+,PG-13
1236153,5,physical,2026-04-07,Blu-ray / DVD,PG-13
1236419,1,premiere,2024-08-30,Telluride Film Festival,
1236419,3,theatrical,2024-10-11,,PG
1236419,4,digital,2024-10-29,,PG
1236419,2,theatrical_limited,2025-01-31,Black History Month at AMC Theatres,PG
1236419,4,digital,2025-02-07,Peacock,PG
1236419,4,digital,2025-06-07,Netflix,PG
1239134,3,theatrical,2026-04-16,,
1239134,4,digital,2026-06-11,Netflix,PG-13
1239655,1,premiere,2025-03-09,South by Southwest Film & TV Festival,
1239655,1,premiere,2025-04-03,Wisconsin Film Festival,
1239655,1,premiere,2025-04-05,Los Angeles Festival of Movies,
1239655,1,premiere,2025-04-14,Ivy Film Festival,
1239655,1,premiere,2025-04-18,PFS SpringFest,
1239655,1,premiere,2025-04-26,Dallas International Film Festival,
1239655,1,premiere,2025-05-04,Chicago Critics Film Festival,
1239655,2,theatrical_limited,2025-05-09,"New York City, NY & Los Angeles, CA",R
1239655,2,theatrical_limited,2025-05-16,Limited Expansion,R
1239655,3,theatrical,2025-05-23,,R
1239655,4,digital,2025-06-17,,R
1239655,4,digital,2025-09-05,HBO Max,R
1239655,6,tv,2025-09-06,HBO,R
1240889,1,premiere,2026-06-01,NewFest Pride,
1240889,1,premiere,2026-06-11,Provincetown International Film Festival,
1240889,1,premiere,2026-06-27,San Francisco International LGBTQ+ Film Festival,
1240889,1,premiere,2026-07-10,MUBI Fest Chicago,
1240889,1,premiere,2026-07-29,"Los Angeles, California",R
1240889,1,premiere,2026-08-05,"New York City, New York",R
1240889,2,theatrical_limited,2026-08-07,"New York City, New York / Los Angeles, California",R
1240889,2,theatrical_limited,2026-08-14,Limited Expansion,R
1240889,3,theatrical,2026-08-21,,R
1240889,1,premiere,2026-09-07,Telluride Film Festival,
1240889,4,digital,2026-09-18,,R
1240889,4,digital,2026-10-02,MUBI,R
1240889,1,premiere,2026-10-27,SCAD Savannah Film Festival,
1241436,1,premiere,2025-03-12,"Los Angeles, California",R
1241436,3,theatrical,2025-04-11,,R
1241436,4,digital,2025-05-06,,R
1241436,5,physical,2025-07-01,Blu-ray,R
1241436,4,digital,2025-09-12,HBO Max,R
1241436,6,tv,2025-09-13,HBO,R
1241634,2,theatrical_limited,2025-07-18,,PG-13
1241921,3,theatrical,2025-09-19,,R
1241921,4,digital,2025-10-14,,R
1241921,5,physical,2025-12-23,Blu-ray / DVD,R
1241921,4,digital,2026-01-17,Netflix,R
1241982,1,premiere,2024-11-21,"O‘ahu, Hawaiʻi",PG
1241982,3,theatrical,2024-11-27,,PG
1241982,4,digital,2025-01-28,,PG
1241982,4,digital,2025-03-12,Disney+,PG
1241982,5,physical,2025-03-18,4K Ultra HD / Blu-ray / DVD,PG
1242011,1,premiere,2025-01-26,Sundance Film Festival,
1242011,1,premiere,2025-03-07,South by Southwest Film & TV Festival,
1242011,3,theatrical,2025-07-30,,R
1242011,4,digital,2025-08-26,,R
1242011,5,physical,2025-11-11,Blu-ray / DVD,R
1242011,4,digital,2025-12-31,Hulu,R
1242265,1,premiere,2026-01-09,Palm Springs International Film Festival,
1242265,2,theatrical_limited,2026-04-24,,R
1242265,4,digital,2026-09-04,HBO Max,R
1242332,1,premiere,2026-03-15,South by Southwest Film & TV Festival,
1242332,1,premiere,2026-03-18,Boston Underground Film Festival,
1242332,1,premiere,2026-03-21,Cinequest Film & Creativity Festival,
1242332,1,premiere,2026-04-10,Overlook Film Festival,
1242332,3,theatrical,2026-04-17,,R
1242332,4,digital,2026-05-19,,R
1242332,5,physical,2026-07-14,4K Ultra HD / Blu-Ray / DVD,R
1242419,1,premiere,2025-09-23,Charlotte Film Festival,
1242419,3,theatrical,2025-10-10,,R
1242419,4,digital,2025-11-11,,R
1242419,4,digital,2025-12-09,Paramount+,R
1242434,1,premiere,2025-08-11,Brooklyn Academy of Music Harvey Theater,
1242434,2,theatrical_limited,2025-08-15,,R
1242434,4,digital,2025-09-04,Apple TV+,R
1242434,1,premiere,2025-10-28,SCAD Savannah Film Festival,
1242434,5,physical,2026-04-28,4K Ultra HD / Blu-ray,R
1242526,1,premiere,2024-04-05,Annapolis Film Festival,
1242526,3,theatrical,2024-07-04,,PG-13
1242898,1,premiere,2025-11-03,,PG-13
1242898,3,theatrical,2025-11-07,,PG-13
1242898,4,digital,2026-01-06,,PG-13
1242898,4,digital,2026-02-12,Hulu,PG-13
1242898,5,physical,2026-02-17,4K Ultra HD / Blu-ray / DVD,PG-13
1244944,3,theatrical,2025-03-28,,PG-13
1244944,4,digital,2025-04-15,,PG-13
1244944,5,physical,2025-05-27,Blu-ray / DVD,PG-13
1244944,4,digital,2025-06-27,Peacock,PG-13
1244944,4,digital,2025-10-31,Prime Video,PG-13
1245347,1,premiere,2025-01-23,Sundance Film Festival,
1245347,1,premiere,2025-05-03,Chicago Critics Film Festival,
1245347,1,premiere,2025-05-24,Seattle International Film Festival,
1245347,1,premiere,2025-06-07,Tribeca Festival,
1245347,1,premiere,2025-06-14,Provincetown International Film Festival,
1245347,1,premiere,2025-06-25,Nantucket Film Festival,
1245347,1,premiere,2025-06-28,Frameline San Francisco International LGBTQ Film Festival,
1245347,1,premiere,2025-08-15,Filmland Film Festival,
1245347,3,theatrical,2025-09-05,,R
1245347,4,digital,2026-01-16,Hulu,R
1245993,3,theatrical,2025-08-29,,R
1245993,4,digital,2025-09-30,,R
1245993,5,physical,2025-11-11,4K Ultra HD / Blu-ray / DVD,R
1245993,4,digital,2025-11-29,Netflix,R
1246049,3,theatrical,2026-02-06,,R
1249213,1,premiere,2025-03-09,South by Southwest Film & TV Festival,PG-13
1249213,3,theatrical,2025-04-11,,PG-13
1249213,4,digital,2025-04-29,,PG-13
1249213,5,physical,2025-06-10,4K Ultra HD / Blu-ray / DVD,PG-13
1249213,4,digital,2025-07-11,Peacock,PG-13
1249213,4,digital,2025-11-14,Prime Video,PG-13
1255795,3,theatrical,2025-01-10,,R
1259024,3,theatrical,2025-04-09,,NR
1259024,4,digital,2025-05-08,,R
1259102,1,premiere,2025-10-03,Hamptons International Film Festival,
1259102,1,premiere,2025-10-18,Middleburg Film Festival,
1259102,1,premiere,2025-10-22,Philadelphia Film Festival,
1259102,1,premiere,2025-10-25,SCAD Savannah Film Festival,
1259102,1,premiere,2025-10-26,Chicago International Film Festival,
1259102,1,premiere,2025-10-27,Austin Film Festival,
1259102,1,premiere,2025-11-03,Miami Film Festival,
1259102,1,premiere,2025-11-06,Denver Film Festival,
1259102,1,premiere,2025-11-12,Key West Film Festival,
1259102,3,theatrical,2025-11-26,,PG-13
1259102,4,digital,2025-12-23,,PG-13
1259102,4,digital,2026-02-12,Apple TV,PG-13
1263012,1,premiere,2025-10-18,Chicago International Film Festival,
1263012,1,premiere,2025-10-19,Woodstock Film Festival,
1263012,1,premiere,2025-10-23,Austin Film Festival,
1263012,1,premiere,2025-10-25,AFI Fest,
1263012,1,premiere,2025-10-26,Philadelphia Film Festival,
1263012,1,premiere,2025-11-03,Miami Film Festival GEMS,
1263012,1,premiere,2025-11-04,Denver Film Festival,
1263012,1,premiere,2025-11-05,Coronado Island Film Festival,
1263012,1,premiere,2025-11-06,MoMA - The Contenders,
1263012,1,premiere,2025-12-05,Sun Valley Film Festival,
1263012,1,premiere,2026-01-06,Palm Springs International Film Festival,
1263012,2,theatrical_limited,2026-01-09,,R
1263012,3,theatrical,2026-01-16,,R
1263012,4,digital,2026-02-24,,R
1265063,1,premiere,2025-09-26,New York Film Festival,
1265063,1,premiere,2025-10-04,Beyond Fest / Mill Valley Film Festival,
1265063,2,theatrical_limited,2025-10-10,,R
1265063,1,premiere,2025-10-14,Heartland International Film Festival,
1265063,1,premiere,2025-10-15,San Diego International Film Festival,
1265063,3,theatrical,2025-10-17,,R
1265063,4,digital,2025-11-20,Prime Video,R
1265827,3,theatrical,2025-04-30,,NR
1265827,4,digital,2025-05-30,,R
1266127,1,premiere,2026-03-13,South by Southwest Film & TV Festival,
1266127,3,theatrical,2026-03-20,,R
1266127,4,digital,2026-05-05,,R
1266127,5,physical,2026-06-16,Blu-ray / DVD,R
1266127,4,digital,2026-07-02,Hulu,R
1267905,3,theatrical,2025-08-29,,R
1267905,4,digital,2025-10-21,,R
1267905,4,digital,2025-11-20,Hulu,R
1272837,3,theatrical,2026-01-16,,R
1272837,4,digital,2026-02-17,,R
1272837,4,digital,2026-03-31,Netflix,R
1272837,5,physical,2026-04-21,Blu-ray / DVD,R
1273221,3,theatrical,2026-06-05,,R
1273221,4,digital,2026-07-21,,R
1273221,4,digital,2026-09-03,Paramount+,R
1273221,5,physical,2026-09-22,Blu-ray / DVD,R
1275574,3,theatrical,2026-02-13,,NR
1275574,4,digital,2026-04-09,Prime Video,R
1275779,3,theatrical,2026-06-12,,PG-13
1275779,4,digital,2026-07-21,,PG-13
1275779,5,physical,2026-08-25,4K Ultra HD / Blu-ray / DVD,PG-13
1275779,4,digital,2026-10-09,Peacock,PG-13
1278263,1,premiere,2024-08-30,Telluride Film Festival,
1278263,1,premiere,2024-09-18,Aspen Film Festival,
1278263,1,premiere,2024-09-27,New York Film Festival,
1278263,1,premiere,2024-09-30,New York Film Festival,
1278263,1,premiere,2024-10-05,Mill Valley Film Festival,
1278263,1,premiere,2024-10-06,Hawai'i International Film Festival,
1278263,1,premiere,2024-10-14,Buffalo International Film Festival,
1278263,1,premiere,2024-10-17,Orcas Island Film Festival,
1278263,1,premiere,2024-10-19,Santa Fe International Film Festival,
1278263,1,premiere,2024-10-20,Chicago International Film Festival,
1278263,1,premiere,2024-10-22,Philadelphia Film Festival,
1278263,1,premiere,2024-10-23,AFI Fest,
1278263,1,premiere,2024-10-26,SCAD Savannah Film Festival,
1278263,1,premiere,2024-10-28,Austin Film Festival,
1278263,1,premiere,2024-11-01,Miami Film Festival GEMS,
1278263,1,premiere,2024-11-02,Denver Film Festival / Virginia Film Festival,
1278263,2,theatrical_limited,2024-11-27,"New York City, NY & Los Angeles, CA",PG-13
1278263,1,premiere,2025-01-07,Palm Springs International Film Festival,
1278827,1,premiere,2025-01-27,Sundance Film Festival,
1278827,1,premiere,2025-03-23,Sonoma International Film Festival,
1278827,1,premiere,2025-04-05,Minneapolis St. Paul International Film Festival,
1278827,1,premiere,2025-04-09,Wisconsin Film Festival,
1278827,1,premiere,2025-04-12,Miami Film Festival,
1278827,3,theatrical,2025-04-18,,R
1278827,4,digital,2025-05-13,,R
1280282,3,theatrical,2025-09-26,,G
1280282,4,digital,2025-10-14,,G
1280282,5,physical,2025-11-25,Blu-ray / DVD,G
1280282,4,digital,2026-01-23,Peacock,G
1280282,4,digital,2026-05-23,Netflix,G
1280450,2,theatrical_limited,2025-09-26,,R
1280450,4,digital,2025-09-26,,R
1280672,1,premiere,2025-01-08,"Atlanta, Georgia",R
1280672,3,theatrical,2025-01-17,,R
1280672,4,digital,2025-02-11,,R
1280672,4,digital,2025-03-31,Netflix,R
1280738,1,premiere,2025-09-26,Beyond Fest,
1280738,1,premiere,2026-03-22,Boston Underground Film Festival,
1280738,3,theatrical,2026-06-12,,R
1280738,4,digital,2026-07-07,,R
1280738,6,tv,2026-09-26,Starz,R
1284046,3,theatrical,2026-09-04,,R
1284046,4,digital,2026-10-06,,R
1284120,1,premiere,2025-01-23,Sundance Film Festival,
1284120,3,theatrical,2025-04-18,,NR
1284120,1,premiere,2025-04-19,PFF SpringFest,
1284120,4,digital,2025-05-09,,
1284465,1,premiere,2026-06-10,AMC Lincoln Square 13,R
1284465,3,theatrical,2026-06-19,,R
1284465,4,digital,2026-07-28,,R
1284465,4,digital,2026-10-16,HBO Max,R
1284465,6,tv,2026-10-17,HBO,R
1285965,3,theatrical,2025-06-06,,R
1285965,4,digital,2025-07-22,,R
1285965,5,physical,2025-10-07,Steelbook 4K UHD,R
1287322,1,premiere,2025-10-04,Hamptons International Film Festival,
1287322,1,premiere,2025-10-13,Heartland International Film Festival,
1287322,1,premiere,2025-10-15,Orcas Island Film Festival,
1287322,1,premiere,2025-10-17,Twin Cities Film Fest,
1287322,1,premiere,2025-10-19,Woodstock Film Festival,
1287322,1,premiere,2025-10-20,Philadelphia Film Festival,
1287322,1,premiere,2025-10-22,Hawai'i International Film Festival,
1287322,1,premiere,2025-10-23,"Virginia Film Festival, Austin Film Festival",
1287322,1,premiere,2025-10-25,AFI Fest,
1287322,1,premiere,2025-10-26,Montclair Film Festival,
1287322,1,premiere,2025-10-27,SCAD Savannah Film Festival,
1287322,1,premiere,2025-11-05,Denver Film Festival,
1287322,3,theatrical,2025-11-07,,R
1287322,4,digital,2025-12-09,,R
1287322,4,digital,2026-04-10,HBO Max,R
1287322,6,tv,2026-04-11,HBO,R
1288059,1,premiere,2026-01-23,Sundance Film Festival,
1288059,1,premiere,2026-04-10,Phoenix Film Festival,
1288059,1,premiere,2026-04-13,Miami Film Festival,
1288059,1,premiere,2026-04-16,Wisconsin Film Festival,
1288059,1,premiere,2026-04-17,Florida Film Festival / Sarasota Film Festival,
1288059,1,premiere,2026-04-18,Milwaukee Film Festival / PFS SpringFest,
1288059,1,premiere,2026-04-24,Independent Film Festival Boston / Indianapolis Film Festival,
1288059,1,premiere,2026-05-02,Atlanta Film Festival,
1288059,1,premiere,2026-05-15,Seattle International Film Festival,
1288059,1,premiere,2026-05-30,NewFest Pride / Berkshire International Film Festival,
1288059,1,premiere,2026-06-11,Provincetown International Film Festival,
1288059,1,premiere,2026-06-13,DeadCENTER Film Festival,
1288059,1,premiere,2026-06-18,Chattanooga Film Festival,
1288059,1,premiere,2026-06-19,Frameline: The San Francisco International LGBTQ+ Film Festival,
1288059,1,premiere,2026-07-23,OutfestNEXT,
1288059,3,theatrical,2026-07-31,,R
1288059,4,digital,2026-09-01,,R
1288072,3,theatrical,2025-11-14,,R
1288072,4,digital,2025-12-09,,R
1288072,5,physical,2026-01-20,,R
1288072,4,digital,2026-06-05,Hulu,R
1288445,3,theatrical,2026-08-21,,R
1288445,4,digital,2026-09-08,,R
1289936,3,theatrical,2025-09-12,,PG
1289936,4,digital,2025-09-30,,PG
1289936,4,digital,2025-11-07,Peacock,PG
1289936,5,physical,2025-11-11,Blu-ray / DVD,PG
1289936,4,digital,2026-03-07,Netflix,PG
1290190,2,theatrical_limited,2025-08-29,,NR
1290821,3,theatrical,2026-01-30,,R
1290821,4,digital,2026-02-24,,R
1290821,5,physical,2026-04-21,Blu-ray / DVD,R
1290821,6,tv,2026-05-22,Starz,R
1291335,3,theatrical,2026-02-06,,PG
1291335,4,digital,2026-03-10,,PG
1291595,1,premiere,2026-08-18,,
1291595,3,theatrical,2026-08-21,,PG-13
1291595,4,digital,2026-10-06,,PG-13
1291608,3,theatrical,2025-12-05,,NR
1291608,4,digital,2026-01-30,Netflix,R
1291608,3,theatrical,2026-03-13,re-release,NR
1291608,4,digital,2026-05-22,Netflix (Raw & Undekha),R
1292695,1,premiere,2026-03-17,South by Southwest Film & TV Festival,
1292695,3,theatrical,2026-03-27,,R
1292695,4,digital,2026-04-28,,R
1292695,4,digital,2026-06-12,HBO Max,R
1292695,6,tv,2026-06-13,HBO,R
1292695,5,physical,2026-06-30,Blu-ray / DVD,R
1297181,3,theatrical,2025-09-04,,NR
1297842,1,premiere,2026-02-06,"Los Angeles, California",
1297842,3,theatrical,2026-02-13,,PG
1297842,4,digital,2026-03-24,,PG
1297842,5,physical,2026-05-05,Blu-ray / DVD,PG
1297842,4,digital,2026-05-14,Netflix,PG
1301421,1,premiere,2026-04-19,"New York City, New York",
1301421,3,theatrical,2026-05-08,,PG
1301421,4,digital,2026-06-24,Prime Video,PG
1301421,5,physical,2026-08-25,Blu-ray / DVD,PG
1301421,4,digital,2026-09-29,,PG
1302904,1,premiere,2026-08-31,"Los Angeles, California",PG-13
1302904,3,theatrical,2026-09-11,,PG-13
1302904,4,digital,2026-10-13,,PG-13
1302916,3,theatrical,2025-02-07,,R
1302916,4,digital,2025-03-04,,R
1302916,5,physical,2025-04-15,Blu-ray / DVD,R
1302916,4,digital,2025-05-08,Netflix,R
1304313,1,premiere,2026-04-09,"Los Angeles, California",
1304313,3,theatrical,2026-04-17,,R
1304313,4,digital,2026-05-19,,R
1304313,4,digital,2026-07-03,HBO Max,R
1304313,6,tv,2026-07-04,HBO,R
1304313,5,physical,2026-07-14,4K Ultra HD / Blu-ray / DVD,R
1305781,2,theatrical_limited,2026-02-17,,R
1305781,4,digital,2026-06-30,,
1305781,5,physical,2026-08-25,4K UHD + Blu-ray & DVD,
1307373,1,premiere,2026-02-11,Santa Barbara International Film Festival,
1307373,2,theatrical_limited,2026-04-17,,
1307373,4,digital,2026-05-19,,R
1308767,1,premiere,2026-06-13,Tribeca Film Festival,
1308767,3,theatrical,2026-07-03,,PG-13
1308767,4,digital,2026-08-04,,PG-13
1308767,5,physical,2026-09-22,Blu-ray / DVD,PG-13
1309012,2,theatrical_limited,2025-11-21,,PG-13
1309012,4,digital,2025-11-21,,PG-13
1311031,1,premiere,2025-09-09,"Los Angeles, California",R
1311031,3,theatrical,2025-09-12,,R
1311031,2,theatrical_limited,2026-03-06,Re-release,R
1311031,4,digital,2026-07-28,Crunchyroll,PG-13
1311031,4,digital,2026-09-28,Hulu / Netflix / Prime Video,R
1314481,1,premiere,2026-04-20,"New York City, New York",
1314481,3,theatrical,2026-05-01,,PG-13
1314481,4,digital,2026-06-30,,PG-13
1314481,5,physical,2026-07-28,4K Ultra HD / Blu-ray / DVD,PG-13
1314481,4,digital,2026-07-29,Hulu,PG-13
1315303,1,premiere,2025-09-18,Fantastic Fest,
1315303,1,premiere,2025-09-24,Beyond Fest,
1315303,1,premiere,2025-10-25,Philadelphia Film Festival,
1315303,1,premiere,2025-10-31,Denver Film Festival,
1315303,3,theatrical,2026-01-09,,R
1315303,4,digital,2026-02-10,,R
1315303,4,digital,2026-03-25,Paramount+,R
1315303,5,physical,2026-04-21,Blu-ray / DVD,R
1315303,4,digital,2026-07-31,Prime Video,R
1315772,3,theatrical,2026-07-01,,PG
1315772,4,digital,2026-08-11,,PG
1315772,5,physical,2026-09-08,Blu-ray / DVD,PG
1315772,4,digital,2026-10-28,Peacock,PG
1316092,1,premiere,2026-01-28,"Los Angeles, California",
1316092,3,theatrical,2026-02-13,,R
1316092,4,digital,2026-03-31,,R
1316092,4,digital,2026-05-01,HBO Max,R
1316092,6,tv,2026-05-02,HBO,R
1316092,5,physical,2026-05-05,4K Ultra HD / Blu-ray / DVD,R
1316092,4,digital,2026-10-02,Prime Video,R
1317088,2,theatrical_limited,2025-03-21,,R
1317088,4,digital,2025-04-08,,R
1317088,5,physical,2025-06-17,Blu-ray / DVD,R
1317088,4,digital,2025-07-19,Hulu,R
1317149,1,premiere,2026-01-06,Palm Springs International Film Festival,
1317149,3,theatrical,2026-04-24,,R
1317149,4,digital,2026-06-02,,
1317149,4,digital,2026-08-22,Netflix,
1317288,1,premiere,2025-10-06,New York Film Festival,
1317288,2,theatrical_limited,2025-12-19,"New York City, New York / Los Angeles, California",R
1317288,3,theatrical,2025-12-25,,R
1317288,2,theatrical_limited,2026-01-30,IMAX,R
1317288,4,digital,2026-02-10,,R
1317288,5,physical,2026-03-31,,R
1317288,4,digital,2026-04-24,HBO Max,R
1317288,6,tv,2026-04-25,HBO,R
1318413,3,theatrical,2026-05-29,,PG-13
1318413,4,digital,2026-06-16,,PG-13
1318413,4,digital,2026-07-24,Peacock,PG-13
1319969,3,theatrical,2025-08-06,,PG
1319969,4,digital,2025-08-26,,
1320637,3,theatrical,2024-09-13,,PG-13
1320637,4,digital,2024-10-28,DailyWire+,PG-13
1321173,2,theatrical_limited,2025-09-21,H.P. Lovecraft Film Festival,NR
1321173,3,theatrical,2026-05-08,,NR
1321179,2,theatrical_limited,2026-02-13,,NR
1321179,3,theatrical,2026-02-20,,NR
1323409,1,premiere,2025-09-21,Fantastic Fest,
1323409,1,premiere,2025-09-27,New York Film Festival / Beyond Fest,
1323409,2,theatrical_limited,2025-10-29,,NR
1323409,4,digital,2026-01-02,,
1325678,3,theatrical,2025-11-07,,PG
1325678,4,digital,2025-12-02,,PG
1325678,4,digital,2026-04-15,Prime Video,PG
1325734,1,premiere,2026-03-17,"Los Angeles, California",R
1325734,3,theatrical,2026-04-03,,R
1325734,4,digital,2026-05-05,,R
1325734,5,physical,2026-07-28,,R
1325734,4,digital,2026-07-31,HBO Max,R
1325734,6,tv,2026-08-01,HBO,R
1327819,1,premiere,2026-02-24,El Capitan Theatre,PG
1327819,1,premiere,2026-02-28,New York International Children's Film Festival,
1327819,3,theatrical,2026-03-06,,PG
1327819,4,digital,2026-04-28,,PG
1327819,5,physical,2026-06-02,4K Ultra HD / Blu-ray / DVD,PG
1327819,4,digital,2026-06-03,Disney+,PG
1327862,3,theatrical,2025-10-24,,PG-13
1327862,4,digital,2025-11-25,,PG-13
1327862,4,digital,2025-12-23,Paramount+,PG-13
1327862,5,physical,2026-02-17,Blu-ray / DVD,PG-13
1327862,6,tv,2026-02-27,MGM+,PG-13
1327862,4,digital,2026-04-24,Prime Video,PG-13
1328803,2,theatrical_limited,2025-09-19,,NR
1328803,4,digital,2025-09-19,,NR
1329016,2,theatrical_limited,2026-08-07,,R
1329016,3,theatrical,2026-08-21,,R
1329016,4,digital,2026-09-15,,R
1337562,2,theatrical_limited,2025-08-22,"New York City, New York / Los Angeles, California",R
1337562,2,theatrical_limited,2025-08-29,Limited Expansion,R
1337562,3,theatrical,2025-09-05,,R
1337562,4,digital,2025-09-23,,R
1340206,1,premiere,2025-08-30,Telluride Film Festival,
1340206,1,premiere,2026-01-22,Sundance Film Festival,
1340206,1,premiere,2026-03-29,The Martha's Vineyard Film Festival,
1340206,1,premiere,2026-04-09,Miami Film Festival,
1340206,1,premiere,2026-04-10,Boulder International Film Festival,
1340206,1,premiere,2026-04-11,Florida Film Festival,
1340206,1,premiere,2026-04-19,PFS SpringFest,
1340206,1,premiere,2026-04-24,Independent Film Festival Boston,
1340206,1,premiere,2026-04-26,San Francisco International Film Festival,
1340206,1,premiere,2026-04-29,Dallas International Film Festival,
1340206,2,theatrical_limited,2026-05-22,,R
1340206,2,theatrical_limited,2026-05-29,Limited expansion,R
1340206,4,digital,2026-06-23,,R
1340206,4,digital,2026-09-21,Paramount+,R
1341138,1,premiere,2026-08-10,Fontainebleau Las Vegas,
1341138,3,theatrical,2026-08-21,,R
1341138,4,digital,2026-09-22,,R
1352624,1,premiere,2025-08-29,Telluride Film Festival,
1352624,1,premiere,2025-09-27,New York Film Festival,
1352624,1,premiere,2025-10-06,Mill Valley Film Festival,
1352624,1,premiere,2025-10-08,Hamptons International Film Festival,
1352624,1,premiere,2025-10-12,IFFBoston Fall Focus,
1352624,1,premiere,2025-10-17,Newport Beach Film Festival,
1352624,2,theatrical_limited,2025-10-17,,R
1352624,1,premiere,2025-10-18,Philadelphia Film Festival,
1352624,1,premiere,2025-10-22,Chicago International Film Festival,
1352624,3,theatrical,2025-10-24,,R
1352624,4,digital,2025-12-12,MUBI,R
1352624,1,premiere,2026-07-12,MUBI Fest Chicago,
1364608,1,premiere,2025-09-28,New York Film Festival,
1364608,3,theatrical,2025-10-03,,R
1364608,4,digital,2025-10-21,,R
1364608,4,digital,2025-11-28,Peacock,R
1364608,4,digital,2026-03-28,Netflix,R
1367642,1,premiere,2026-03-09,"Los Angeles, California",PG-13
1367642,3,theatrical,2026-03-13,,PG-13
1367642,4,digital,2026-04-14,,PG-13
1367642,4,digital,2026-07-10,Peacock,PG-13
1368166,1,premiere,2025-12-02,Axa Equitable Center,R
1368166,3,theatrical,2025-12-19,,R
1368166,4,digital,2026-02-03,,R
1368166,6,tv,2026-04-01,Starz,R
1368166,4,digital,2026-04-09,HBO Max,R
1368314,3,theatrical,2026-05-22,,R
1368314,4,digital,2026-07-07,,R
1368314,4,digital,2026-08-20,Paramount+,R
1368337,1,premiere,2026-07-14,"New York City, New York",R
1368337,3,theatrical,2026-07-17,,R
1368337,4,digital,2026-11-17,,R
1368337,5,physical,2026-11-17,4K Ultra HD / Blu-ray / DVD,R
1371185,1,premiere,2025-10-26,AFI Fest,
1371185,1,premiere,2025-10-30,SCAD Savannah Film Festival,
1371185,1,premiere,2025-12-14,Jackson Hole International Film Festival,
1371185,3,theatrical,2025-12-25,,PG-13
1371185,4,digital,2026-01-13,,PG-13
1371185,4,digital,2026-02-13,Peacock,PG-13
1371185,4,digital,2026-06-13,Netflix,PG-13
1374686,1,premiere,2025-08-22,Museum of the Bible,
1374686,3,theatrical,2025-09-05,,PG
1374686,4,digital,2025-10-14,,PG
1375441,1,premiere,2026-09-20,Fantastic Fest,
1375441,1,premiere,2026-09-23,Beyond Fest,
1375441,3,theatrical,2026-09-25,,R
1379266,1,premiere,2025-10-24,AFI Fest,
1379266,2,theatrical_limited,2025-11-14,"AMC Universal CityWalk Hollywood (Los Angeles, California)",NR
1379266,2,theatrical_limited,2025-11-21,"Angelika Film Center (New York City, New York)",NR
1379266,2,theatrical_limited,2026-02-06,"New York City, New York / Los Angeles, California",NR
1379266,3,theatrical,2026-02-20,,NR
1379520,3,theatrical,2025-03-07,,PG
1379520,4,digital,2025-03-07,Angel,PG
1380316,1,premiere,2026-04-27,Brooklyn Academy of Music,
1380316,3,theatrical,2026-05-15,,R
1380316,4,digital,2026-06-02,,R
1380405,2,theatrical_limited,2025-03-27,Part One (episodes 1-2),NR
1380405,2,theatrical_limited,2025-04-03,Part Two (episodes 3-5),NR
1380405,2,theatrical_limited,2025-04-10,Part Three (episodes 6-8),NR
1380405,4,digital,2025-07-15,Prime Video,
1380415,3,theatrical,2025-03-14,,PG-13
1380417,3,theatrical,2026-09-04,,R
1380417,4,digital,2026-10-20,,R
1380682,1,premiere,2025-05-15,,
1380682,3,theatrical,2025-05-23,,PG
1384216,3,theatrical,2026-08-28,,R
1397364,1,premiere,2025-08-29,Telluride Film Festival,
1397364,1,premiere,2025-09-16,Aspen Film Festival,
1397364,1,premiere,2025-10-09,New York Film Festival,
1397364,1,premiere,2025-10-17,Philadelphia Film Festival,
1397364,1,premiere,2025-10-25,Virginia Film Festival,
1397364,1,premiere,2025-10-27,Austin Film Festival,
1397364,2,theatrical_limited,2025-12-05,,R
1401281,1,premiere,2025-09-29,Beyond Fest,
1401281,1,premiere,2025-10-11,Hamptons International Film Festival,
1401281,1,premiere,2025-10-15,Woodstock Film Festival,
1401281,1,premiere,2025-10-16,Chicago International Film Festival,
1401281,1,premiere,2025-10-18,Heartland International Film Festival,
1401281,1,premiere,2025-10-19,Santa Fe International Film Festival,
1401281,1,premiere,2025-10-23,Virginia Film Festival,
1401281,1,premiere,2025-10-24,Philadelphia Film Festival,
1401281,1,premiere,2025-10-25,Montclair Film Festival,
1401281,1,premiere,2025-10-26,AFI Fest,
1401281,1,premiere,2025-10-27,New Orleans Film Festival / SCAD Savannah Film Festival,
1401281,1,premiere,2025-10-30,Austin Film Festival,
1401281,1,premiere,2025-11-02,Miami Film Festival GEMS,
1401281,1,premiere,2025-11-05,IFFBoston Fall Focus,
1401281,1,premiere,2025-11-08,Denver Film Festival,
1401281,1,premiere,2025-12-07,Sun Valley Film Festival,
1401281,2,theatrical_limited,2025-12-25,"New York City, New York / Los Angeles, California",R
1401281,1,premiere,2026-01-03,Palm Springs International Film Festival,
1401281,3,theatrical,2026-01-23,,R
1401281,4,digital,2026-03-10,,R
1401281,4,digital,2026-03-31,Hulu,R
1405769,3,theatrical,2026-02-20,,PG
1405769,6,tv,2026-06-20,Starz,PG
1408208,1,premiere,2025-09-27,Beyond Fest,
1408208,2,theatrical_limited,2026-04-10,,PG-13
1408208,4,digital,2026-07-17,AMC+ / Shudder,PG
1408208,5,physical,2026-08-04,Blu-ray,PG-13
1413097,1,premiere,2026-01-29,"Washington, D.C.",PG
1413097,3,theatrical,2026-01-30,,PG
1413097,4,digital,2026-03-09,Prime Video,PG
1422562,1,premiere,2026-01-23,Sundance Film Festival,
1422562,1,premiere,2026-01-29,Fine Arts Theatre in Beverly Hills,R
1422562,2,theatrical_limited,2026-01-30,"New York City, New York / Los Angeles, California",R
1422562,2,theatrical_limited,2026-02-06,Limited Expansion,R
1422562,3,theatrical,2026-02-13,,R
1422562,4,digital,2026-03-03,,R
1422562,5,physical,2026-05-01,Blu-ray,R
1422562,4,digital,2026-05-29,HBO Max,R
1422562,6,tv,2026-05-30,HBO,R
1423191,1,premiere,2026-09-17,Fantastic Fest,
1423191,3,theatrical,2026-09-18,,R
1430077,1,premiere,2026-03-14,South by Southwest Film & TV Festival,
1430077,1,premiere,2026-04-11,Overlook Film Festival,
1430077,1,premiere,2026-04-17,PFS SpringFest,
1430077,1,premiere,2026-04-24,Independent Film Festival Boston,
1430077,3,theatrical,2026-05-01,,R
1430077,4,digital,2026-06-02,,R
1430077,5,physical,2026-08-11,,R
1430077,4,digital,2026-10-10,Hulu,R
1433367,3,theatrical,2026-08-07,,R
1433367,4,digital,2026-09-08,,R
1433367,5,physical,2026-10-20,4K Ultra HD / Blu-ray / DVD,R
1440050,3,theatrical,2026-05-29,,PG
1440050,4,digital,2026-07-14,Apple TV / Prime Video,PG
1440050,4,digital,2026-09-26,Netflix,PG
1443940,1,premiere,2025-10-11,Heartland International Film Festival,
1443940,3,theatrical,2025-10-17,,PG-13
1443940,4,digital,2026-01-20,Amazon Video,PG-13
1444466,3,theatrical,2026-08-14,,NR
1455079,3,theatrical,2026-04-10,,PG-13
1455079,4,digital,2026-05-12,,PG-13
1455079,5,physical,2026-06-16,Blu-ray / DVD,PG-13
1455079,4,digital,2026-08-07,Peacock,PG-13
1456349,1,premiere,2025-08-31,Telluride Film Festival,
1456349,1,premiere,2025-09-17,Aspen Film Festival,
1456349,1,premiere,2025-10-02,New York Film Festival,
1456349,1,premiere,2025-10-06,Mill Valley Film Festival,
1456349,1,premiere,2025-10-07,Beyond Fest,
1456349,2,theatrical_limited,2025-10-15,,PG-13
1456349,1,premiere,2025-10-16,Heartland International Film Festival,
1456349,1,premiere,2025-10-18,Chicago International Film Festival / Vermont International Film Festival,
1456349,4,digital,2025-12-16,,
1456349,5,physical,2026-06-30,,PG-13
1461254,2,theatrical_limited,2026-04-17,,NR
1465063,1,premiere,2026-09-04,Manila International Film Festival,
1465063,1,premiere,2026-09-23,Lucas Museum of Narrative Art,
1465063,3,theatrical,2026-09-25,,PG
1469342,3,theatrical,2026-07-24,,R
1469342,4,digital,2026-08-25,,R
1469342,5,physical,2026-11-24,,R
1476682,1,premiere,2026-01-25,Sundance Film Festival,
1476682,1,premiere,2026-06-10,Tribeca Festival,
1476682,1,premiere,2026-06-19,Nantucket Film Festival,
1476682,3,theatrical,2026-07-10,,R
1476682,4,digital,2026-08-11,,R
1476682,5,physical,2026-09-22,Blu-ray / HD DVD,R
1477104,3,theatrical,2026-09-18,,PG
1477712,2,theatrical_limited,2026-08-03,AMC Scream Unseen,NR
1477712,3,theatrical,2026-08-07,,NR
1477712,4,digital,2026-09-22,,NC-17
1477712,5,physical,2026-10-20,Blu-ray / DVD,NC-17
1479832,3,theatrical,2026-08-06,,NR
1479832,4,digital,2026-09-04,Sun NXT,
1500536,2,theatrical_limited,2025-08-15,,NR
1514026,1,premiere,2026-01-22,Sundance Film Festival,
1514026,1,premiere,2026-03-16,South by Southwest Film & TV Festival,
1514026,1,premiere,2026-04-10,Cleveland International Film Festival,
1514026,1,premiere,2026-04-11,Overlook Film Festival,
1514026,1,premiere,2026-08-01,Oak Cliff Film Festival,
1514026,1,premiere,2026-08-12,Film at Lincoln Center: Scary Movies,
1514026,3,theatrical,2026-08-28,,R
1514026,3,theatrical,2026-10-02,The Sing-Along Version,R
1515899,3,theatrical,2026-05-08,,PG-13
1515899,4,digital,2026-06-23,,PG-13
1515899,4,digital,2026-08-06,Paramount+,PG-13
1541560,1,premiere,2026-05-18,Harmony Gold Theater,
1541560,1,premiere,2026-05-28,NewFest,
1541560,3,theatrical,2026-06-12,,R
1541560,4,digital,2026-07-14,,R
1541560,5,physical,2026-09-15,Blu-ray / DVD,R
1541560,4,digital,2026-09-20,Netflix,R
1564614,1,premiere,2026-01-23,Sundance Film Festival,
1564614,1,premiere,2026-03-15,South by Southwest Film & TV Festival,
1564614,1,premiere,2026-04-08,New Directors/New Films,
1564614,1,premiere,2026-04-10,Miami Film Festival / Overlook Film Festival,
1564614,1,premiere,2026-04-19,PFS SpringFest,
1564614,1,premiere,2026-05-29,New Fest Pride / Cinemaq Film Festival,
1564614,1,premiere,2026-06-11,Queer West Film Fest,
1564614,1,premiere,2026-06-12,Lighthouse International Film Festival,
1564614,1,premiere,2026-06-13,Provincetown International Film Festival,
1564614,1,premiere,2026-06-17,Frameline: The San Francisco International LGBTQ+ Film Festival,
1564614,3,theatrical,2026-06-19,,R
1564614,4,digital,2026-07-28,,R
1582770,3,theatrical,2026-03-18,,NR
1582770,4,digital,2026-05-15,Netflix,R
1594914,2,theatrical_limited,2026-06-26,,R
1612018,1,premiere,2026-06-17,"Museum of the Moving Image, New York",R
1612018,1,premiere,2026-06-24,"Paramount Pictures Studios, Los Angeles",R
1612018,1,premiere,2026-06-25,"Aero Theatre, Santa Monica, California",R
1612018,3,theatrical,2026-06-26,,R
1612018,4,digital,2026-08-11,,R
1612018,4,digital,2026-09-24,Paramount+,R
1612018,5,physical,2026-10-06,Blu-ray / DVD,R
