Movie,Release Date,Production Companies,Opening,Budget,Rating,Genres,Domestic,International,Worldwide,TMDB ID
The Marksman,2021-01-15,"Sculptor Media, Zero Gravity Management, Cutting Edge Group, Stonehouse Motion Pictures, Voltage Pictures",,23000000.0,PG-13,"Action, Drama, Thriller",,,23076711.0,634528
Nomadland,2021-01-29,"Cor Cordium Productions, Hear/Say Productions, Highwayman Films",,5000000.0,R,Drama,,,39458207.0,581734
The Little Things,2021-01-29,"Warner Bros. Pictures, Gran Via Productions",,30000000.0,R,"Drama, Crime, Thriller",,,29942746.0,602269
Music,2021-02-10,"Atlantic Films, Pineapple Lasagne Productions, Landay Entertainment",,16000000.0,PG-13,"Music, Drama",,,645949.0,586101
Judas and the Black Messiah,2021-02-12,"MACRO, Bron Studios, Participant, Proximity Media",,26000000.0,R,"Drama, History",,,6416063.0,583406
Minari,2021-02-12,Plan B Entertainment,,2000000.0,PG-13,Drama,,,12900000.0,615643
Willy's Wonderland,2021-02-12,"Saturn Films, JD Entertainment, Landafar Entertainment, Landmark Studio Group, Almost Never Films",,5000000.0,NR,"Horror, Thriller, Action",,,431020.0,643586
Demon Slayer -Kimetsu no Yaiba- The Movie: Mugen Train,2021-02-26,"ufotable, Aniplex, Shueisha, TOHO",,15700000.0,R,"Animation, Action, Fantasy",,,523542183.0,635302
The Father,2021-02-26,"Les Films du Cru, Film4 Productions, F Comme Film, Trademark Films, Ciné-@",,6000000.0,PG-13,Drama,,,21029340.0,600354
Tom & Jerry,2021-02-26,"Warner Animation Group, Turner Entertainment Co., The Story Company, Warner Bros. Pictures",,50000000.0,PG,"Comedy, Family, Animation",,,136536687.0,587807
Chaos Walking,2021-03-05,"Quadrant Pictures, Lionsgate, Bron Studios, 3 Arts Entertainment, TIK Films, Hercules Film Fund, Allison Shearmur Productions, Creative Wealth Media Finance",,125000000.0,PG-13,"Fantasy, Science Fiction, Adventure",,,26508132.0,412656
Raya and the Last Dragon,2021-03-05,Walt Disney Animation Studios,,100000000.0,PG,"Animation, Action, Adventure, Fantasy, Family",,,130423032.0,527774
Cosmic Sin,2021-03-12,"308 Enterprises, BondIt Media Capital, Buffalo 8, The Exchange",,20000000.0,R,"Science Fiction, Action, Adventure",,,349757.0,681887
Nobody,2021-03-26,"87North Productions, OPE Partners, Eighty Two Films",,16000000.0,R,"Action, Thriller",,,57512470.0,615457
The Vault,2021-03-26,"Ciudadano Ciskul, Think Studio, TF1 Studio, Mediaset España, Movistar Plus, Marrowbone, Telecinco Cinema",,15000000.0,R,"Drama, Action, Thriller",,,8804000.0,630004
Godzilla vs. Kong,2021-03-31,Legendary Pictures,,200000000.0,PG-13,"Action, Science Fiction, Adventure",,,470116094.0,399566
Roe v. Wade,2021-04-02,"Smoke Shows & Clown Shows, BCL Finance Group",,6750000.0,PG-13,"Drama, History",,,23561.0,565470
The Unholy,2021-04-02,"Ghost House Pictures, Screen Gems",,10000000.0,PG-13,"Horror, Mystery",,,30832137.0,632357
Voyagers,2021-04-09,"Nota Bene Film Group, Thunder Road",,20000000.0,PG-13,"Science Fiction, Thriller",,,4298184.0,597890
Mortal Kombat,2021-04-23,"Atomic Monster, Broken Road Productions, New Line Cinema",,20000000.0,R,"Action, Fantasy, Adventure",,,84426031.0,460465
Mainstream,2021-05-07,"Automatik Entertainment, American Zoetrope, Tugawood Pictures, Artemis Pictures, Assemble Media",,5000000.0,R,"Comedy, Drama",,,49638.0,557950
Wrath of Man,2021-05-07,"Miramax, Toff Guy Films",,40000000.0,R,"Thriller, Crime, Drama",,,103966489.0,637649
Army of the Dead,2021-05-14,The Stone Quarry,,90000000.0,R,"Crime, Action, Horror",,,190700000.0,503736
Riders of Justice,2021-05-14,"Zentropa International Sweden, Zentropa Entertainments, Film i Väst",,5300000.0,NR,"Action, Comedy, Drama, Thriller",,,679505.0,663870
Spiral: From the Book of Saw,2021-05-14,"Twisted Pictures, Lionsgate, Serendipity Productions, Dahlstar LLC",,20000000.0,R,"Horror, Mystery",,,40618920.0,602734
Those Who Wish Me Dead,2021-05-14,"Bron Studios, New Line Cinema, Bosque Ranch Productions, Film Rites",,20000000.0,R,"Thriller, Action",,,23384502.0,578701
Dream Horse,2021-05-21,"Film4 Productions, RAW, Ffilm Cymru Wales, Ingenious Media, Topic Studios",,20000000.0,PG,"Comedy, Drama",,,6435260.0,603206
Scoob!,2021-05-21,"Warner Animation Group, Warner Bros. Pictures, Reel FX Creative Studios, 1492 Pictures",,90000000.0,PG,"Animation, Comedy, Family, Mystery",,,28600000.0,385103
A Quiet Place Part II,2021-05-28,"Paramount Pictures, Platinum Dunes, Sunday Night Productions",,55000000.0,PG-13,"Science Fiction, Thriller, Horror",,,297372261.0,520763
Cruella,2021-05-28,"Walt Disney Pictures, Gunn Films, Marc Platt Productions",,200000000.0,PG-13,"Comedy, Crime",,,233503234.0,337404
Spirit Untamed,2021-06-04,DreamWorks Animation,,30000000.0,PG,"Adventure, Animation, Family, Western",,,42717215.0,637693
The Conjuring: The Devil Made Me Do It,2021-06-04,"New Line Cinema, The Safran Company, Atomic Monster",,39000000.0,R,"Horror, Mystery, Thriller",,,206444123.0,423108
In the Heights,2021-06-10,"Likely Story, Scott Sanders Productions, 5000 Broadway Productions, Barrio Grrrl!, Endeavor Content",,55000000.0,PG-13,"Drama, Romance",,,45175167.0,467909
Peter Rabbit 2: The Runaway,2021-06-11,"Columbia Pictures, Olive Bridge Entertainment, Animal Logic, MRC, 2.0 Entertainment",,45000000.0,PG,"Comedy, Family, Adventure",,,153000000.0,522478
Hitman's Wife's Bodyguard,2021-06-16,"Nu Boyana Film Studios, Lionsgate, Millennium Media, Davis Films, Campbell Grobman Films, Film i Väst, Filmgate Films",,70000000.0,R,"Action, Comedy, Crime, Thriller",,,70060492.0,522931
Luca,2021-06-18,Pixar,,200000000.0,PG,"Animation, Family, Fantasy, Drama, Comedy",,,51074773.0,508943
F9,2021-06-25,"Original Film, One Race, Perfect Storm Entertainment, Universal Pictures, Roth-Kirschenbaum Films",,200000000.0,PG-13,"Action, Adventure, Crime",,,726229501.0,385128
Lansky,2021-06-25,"Above the Clouds Media Group, CaliWood Pictures, 120dB Films, Carte Blanche, LB Entertainment, Lucky 13 Productions, Voltage Pictures",,5000000.0,R,"Crime, Drama, Thriller",,,136579.0,693827
Werewolves Within,2021-06-25,"Vanishing Angle, Ubisoft Film & Television",,6500000.0,R,"Horror, Comedy",,,937490.0,800497
Zola,2021-06-30,"Killer Films, Ramona Films, Gigi Films",,5000000.0,R,"Comedy, Crime, Drama",,,3500000.0,539565
The Boss Baby: Family Business,2021-07-02,DreamWorks Animation,,82000000.0,PG,"Animation, Comedy, Adventure, Family",,,146745280.0,459151
The Forever Purge,2021-07-02,"Blumhouse Productions, Platinum Dunes, Universal Pictures, Man in a Tree Productions, Perfect World Pictures",,18000000.0,R,"Action, Horror, Thriller",,,76994245.0,602223
Black Widow,2021-07-09,Marvel Studios,,200000000.0,PG-13,"Action, Adventure, Science Fiction",,,379751131.0,497698
Die in a Gunfight,2021-07-16,"Align, Digital Ignition Entertainment, Lionsgate",,4000000.0,R,"Action, Comedy, Romance",,,31395.0,481879
Escape Room: Tournament of Champions,2021-07-16,"Original Film, Columbia Pictures, Shaken, Not Stirred Productions",,15000000.0,PG-13,"Horror, Thriller, Mystery",,,65774490.0,585216
Pig,2021-07-16,"AI Film, Pulse Films, Saturn Films, Valparaiso Pictures, BlockBox Entertainment, Endeavor Content",,3000000.0,R,"Drama, Thriller, Mystery",,,4638959.0,635731
Space Jam: A New Legacy,2021-07-16,"Warner Animation Group, Proximity Media, Warner Bros. Pictures, The SpringHill Company",,150000000.0,PG,"Family, Comedy, Adventure, Animation, Science Fiction",,,163692228.0,379686
Kaamelott: The First Chapter,2021-07-21,"SND, CNC, Sacem, M6 Films, Calt Production, Dies Irae, Belga Productions, Auvergne-Rhône-Alpes Cinéma, Région Auvergne-Rhône-Alpes, Regular Production",,17516235.0,PG,"Adventure, Fantasy, Comedy",,,19002036.0,577242
Joe Bell,2021-07-23,"Nine Stories Productions, Argent Pictures, Endeavor Content, Parliament of Owls, Rhea Films, Stay Gold Features, VisionChaos Productions, Closest to the Hole Productions, Hercules Film Fund, Leverage Entertainment",,3500000.0,R,Drama,,,1700000.0,552269
Midnight in the Switchgrass,2021-07-23,"Pimienta, BondIt Media Capital, EFO Films, Lionsgate, River Bay Films, Verdi Productions",,15000000.0,R,"Crime, Mystery, Thriller, Action",,,229811.0,693113
Old,2021-07-23,"Universal Pictures, Perfect World Pictures, Blinding Edge Pictures",,18000000.0,PG-13,"Thriller, Mystery, Horror",,,90146510.0,631843
Snake Eyes: G.I. Joe Origins,2021-07-23,"Paramount Pictures, Metro-Goldwyn-Mayer, di Bonaventura Pictures, Entertainment One, Skydance Media, Hasbro",,88000000.0,PG-13,"Action, Adventure",,,36964325.0,568620
Jungle Cruise,2021-07-30,"Walt Disney Pictures, Seven Bucks Productions, Davis Entertainment, Flynn Picture Company",,200000000.0,PG-13,"Fantasy, Comedy, Adventure",,,220889446.0,451048
Nine Days,2021-07-30,"Juniper Productions, Mandalay Pictures, Nowhere, MACRO, The Space Program, Mansa Productions, Oak Street Pictures, 30WEST, Baked Studios, Datari Turner Productions",,10000000.0,R,"Drama, Fantasy",,,969204.0,607430
Stillwater,2021-07-30,"Participant, DreamWorks Pictures, Slow Pony, Anonymous Content, 3dot Productions, Supernatural Pictures, Focus Features, Mandate International, Firstep",,20000000.0,R,"Drama, Crime, Thriller",,,19754272.0,616651
The Green Knight,2021-07-30,"A24, Bron Studios, Sailor Bear, Ley Line Entertainment, Wild Atlantic Pictures",,15000000.0,R,"Adventure, Drama, Fantasy",,,18887953.0,559907
Twist,2021-07-30,"Unstoppable Film and Television, Pure Grass Films, Red Bull Media House, Particular Crowd, Sky Studios",,2000000.0,R,"Crime, Drama, Action",,,510466.0,644083
Annette,2021-08-06,"Eurospace, Detailfilm, ARTE France Cinéma, CG Cinéma, Garidi Films, Théo Films, Tribus P Films, UGC, SCOPE Pictures, Wrong Men, Piano",,15500000.0,R,"Drama, Romance",,,3688261.0,424277
The Suicide Squad,2021-08-06,"DC Films, Atlas Entertainment, The Safran Company, Warner Bros. Pictures",,185000000.0,R,"Action, Comedy, Adventure",,,168717425.0,436969
CODA,2021-08-13,"Vendôme Pictures, Pathé, Picture Perfect Entertainment",,10000000.0,PG-13,"Drama, Music, Romance",,,1905058.0,776503
Don't Breathe 2,2021-08-13,"Ghost House Pictures, Stage 6 Films, Bad Hombre, Screen Gems",,15000000.0,R,"Thriller, Horror",,,53785551.0,482373
Free Guy,2021-08-13,"Berlanti Productions, 21 Laps Entertainment, Maximum Effort, Lit Entertainment Group, 20th Century Studios, TSG Entertainment",,110000000.0,PG-13,"Comedy, Adventure, Science Fiction",,,331526598.0,550988
Respect,2021-08-13,"Metro-Goldwyn-Mayer, Bron Studios, One Community, Chislehurst Entertainment, Harvey Mason Media, Glickmania",,55000000.0,PG-13,"Drama, Music, History",,,31217372.0,592863
PAW Patrol: The Movie,2021-08-20,"Nickelodeon Movies, Paramount Pictures, Mikros Image, Spin Master, Mikros Animation",,26000000.0,G,"Action, Adventure, Animation, Comedy, Family",,,144327371.0,675445
Reminiscence,2021-08-20,"FilmNation Entertainment, Michael De Luca Productions, Kilter Films, Warner Bros. Pictures",,68000000.0,PG-13,"Mystery, Science Fiction, Thriller",,,18717947.0,579047
The Night House,2021-08-20,"Phantom Four, Anton",,12000000.0,R,"Horror, Mystery",,,15437703.0,547565
An Egg Rescue,2021-08-27,"Huevocartoon Producciones, Videocine, EFICINE 189",,6400000.0,PG,"Animation, Comedy, Adventure, Family",,,4093345.0,573164
Candyman,2021-08-27,"Metro-Goldwyn-Mayer, Monkeypaw Productions, Bron Studios, Universal Pictures",,25000000.0,R,"Horror, Thriller",,,77411570.0,565028
Garcia & Garcia,2021-08-27,Blogmedia,,3404274.0,PG,Comedy,,,1163538.0,774456
Shang-Chi and the Legend of the Ten Rings,2021-09-03,Marvel Studios,,150000000.0,PG-13,"Action, Adventure, Fantasy",,,432243292.0,566525
Malignant,2021-09-10,"New Line Cinema, Atomic Monster, Starlight Media, My Entertainment",,40000000.0,R,"Horror, Mystery",,,34891791.0,619778
Copshop,2021-09-17,"WarParty Films, Sculptor Media, G-BASE, Zero Gravity Management, Raven Capital Management",,43500000.0,R,"Thriller, Crime, Action",,,6807158.0,738652
Cry Macho,2021-09-17,"Malpaso Productions, Albert S. Ruddy Productions, Warner Bros. Pictures",,33000000.0,PG-13,"Drama, Western",,,16510734.0,749274
Dear Evan Hansen,2021-09-24,"Universal Pictures, Marc Platt Productions, Perfect World Pictures",,27500000.0,PG-13,Drama,,,19133454.0,567690
After We Fell,2021-09-30,"Voltage Pictures, Wattpad, Vertical, Ethea Entertainment, CalMaple Films",,14000000.0,R,"Drama, Romance",,,21753705.0,744275
Old Henry,2021-10-01,"Shout! Studios, Hideout Pictures, Blue Swan Entertainment, VMI Worldwide",,1500000.0,NR,"Western, Drama",,,77463.0,785663
The Many Saints of Newark,2021-10-01,"HBO Films, New Line Cinema, Chase Films",,50000000.0,R,"Crime, Drama",,,13037403.0,524369
Titane,2021-10-01,"Kazak Productions, ARTE France Cinéma, Frakas Productions, VOO, BeTV",,6600000.0,R,"Drama, Thriller, Horror",,,4982335.0,630240
Venom: Let There Be Carnage,2021-10-01,"Columbia Pictures, Pascal Pictures, Matt Tolmach Productions, Arad Productions",,110000000.0,PG-13,"Science Fiction, Action, Adventure",,,506863592.0,580489
God's Not Dead: We The People,2021-10-04,"Pure Flix Entertainment, Pinnacle Peak Pictures",,5000000.0,PG,Drama,,,1200000.0,793285
Lamb,2021-10-08,"Go to Sheep, Film i Väst, Chimney Sweden, Chimney Poland",,5000000.0,R,"Drama, Fantasy, Horror",,,3200000.0,788929
No Time to Die,2021-10-08,"EON Productions, Metro-Goldwyn-Mayer",,250000000.0,PG-13,"Action, Thriller, Adventure",,,774153024.0,370172
Bergman Island,2021-10-15,"CG Cinéma, Neue Bioskop Film, SCOPE Pictures, Plattform Produktion, Piano, ARTE France Cinéma, RT Features, Dauphin Films, Talipot Studio, SCOPE Invest",,6500000.0,R,"Drama, Romance",,,1005843.0,477044
Halloween Kills,2021-10-15,"Blumhouse Productions, Miramax, Rough House Pictures, Trancas International Films",,20000000.0,R,Horror,,,133423964.0,610253
The Last Duel,2021-10-15,"20th Century Studios, Pearl Street Films, Scott Free Productions",,100000000.0,R,"Drama, History, Thriller",,,30552111.0,617653
Dune,2021-10-22,Legendary Pictures,,165000000.0,PG-13,"Science Fiction, Adventure",,,410668500.0,438631
Ron's Gone Wrong,2021-10-22,"Locksmith Animation, TSG Entertainment, DNEG",,57000000.0,PG,"Animation, Science Fiction, Family, Comedy",,,60692022.0,482321
"The French Dispatch of the Liberty, Kansas Evening Sun",2021-10-22,"Indian Paintbrush, American Empirical Pictures, Studio Babelsberg",,25000000.0,R,"Drama, Comedy",,,46333545.0,542178
Antlers,2021-10-29,"Searchlight Pictures, Phantom Four, Double Dare You, Mirada Studio, TSG Entertainment",,17000000.0,R,"Drama, Horror, Mystery",,,18867659.0,516329
Last Night in Soho,2021-10-29,"Focus Features, Film4 Productions, Working Title, Complete Fiction, Perfect World Pictures",,43000000.0,R,"Horror, Mystery, Thriller",,,22957625.0,576845
Eternals,2021-11-05,Marvel Studios,,200000000.0,PG-13,"Science Fiction, Action, Adventure",,,402064899.0,524434
Red Notice,2021-11-05,"Flynn Picture Company, Seven Bucks Productions, Bad Version",,160000000.0,PG-13,"Action, Comedy, Crime",,,178143.0,512195
Spencer,2021-11-05,"FilmNation Entertainment, Komplizen Film, Shoebox Films, Fabula, Fabula",,18000000.0,R,Drama,,,25246967.0,716612
Clifford the Big Red Dog,2021-11-10,"Paramount Pictures, Entertainment One, New Republic Pictures, Scholastic Entertainment, The Kerner Entertainment Company",,64000000.0,PG,"Family, Adventure, Comedy, Fantasy",,,116586376.0,585245
Belfast,2021-11-12,"TKBC, Northern Ireland Screen",,11000000.0,PG-13,"Drama, History",,,49158343.0,777270
C'mon C'mon,2021-11-19,"A24, Be Funny When You Can",,8300000.0,R,Drama,,,4300000.0,632617
Ghostbusters: Afterlife,2021-11-19,"Columbia Pictures, Bron Studios, The Montecito Picture Company, Ghost Corps",,75000000.0,PG-13,"Fantasy, Comedy, Adventure",,,204445747.0,425909
King Richard,2021-11-19,"Star Thrower Entertainment, Westbrook, Warner Bros. Pictures, Overbrook Entertainment",,50000000.0,PG-13,"Drama, History",,,39400000.0,614917
Drive My Car,2021-11-24,"Bitters End, C&I entertainment, Culture Entertainment, nekojarashi, Quaras, Bungeishunju, Nippan Group Holdings, The Asahi Shimbun, L'espace Vision",,1300000.0,NR,Drama,,,15356046.0,758866
Encanto,2021-11-24,Walt Disney Animation Studios,,150000000.0,PG,"Animation, Comedy, Family, Fantasy",,,261292688.0,568124
House of Gucci,2021-11-24,"Metro-Goldwyn-Mayer, Bron Studios, Scott Free Productions",,75000000.0,R,"Drama, Crime, History",,,153235995.0,644495
Resident Evil: Welcome to Raccoon City,2021-11-24,"Constantin Film, Screen Gems, Davis Raccoon Films",,25000000.0,R,"Action, Horror, Science Fiction",,,41914915.0,460458
The Summit of the Gods,2021-11-24,"Julianne Films, Folivari, Melusine Productions, France 3 Cinéma, Auvergne-Rhône-Alpes Cinéma, Wild Bunch, Palatine Étoile 17, Cinémage 14 Développement, Indéfilms 8",,9850000.0,PG,"Animation, Adventure, Mystery",,,1756552.0,712454
Licorice Pizza,2021-11-26,"Metro-Goldwyn-Mayer, Focus Features, Bron Studios, Ghoulardi Film Company",,40000000.0,R,"Drama, Comedy, Romance",,,33277069.0,718032
Benedetta,2021-12-03,"SBS Productions, Topkapi Films, Pathé, France 2 Cinéma, France 3 Cinéma, Belga Productions",,24350000.0,NR,"History, Drama, Romance",,,2652725.0,454527
Castle Falls,2021-12-03,"BondIt Media Capital, Buffalo 8, VMI Worldwide, Program Store",,4000000.0,NR,"Action, Crime, Thriller, Drama, TV Movie",,,2643.0,683311
Flee,2021-12-03,"Final Cut for Real, Sun Creature, Vivement lundi !, MostFilm, Mer Film, ARTE France Cinéma, VPRO, Vice Studios, RYOT Films, Left Handed Films",,3400000.0,PG-13,"Documentary, Animation",,,712229.0,680813
The Hand of God,2021-12-03,The Apartment Pictures,,13050000.0,R,Drama,,,167909.0,722778
Don't Look Up,2021-12-10,Hyperobject Industries,,75000000.0,R,"Comedy, Science Fiction, Drama",,,791863.0,646380
National Champions,2021-12-10,"STXfilms, Thunder Road, BondIt Media Capital, game1, Amet Entertainment, Why Not You Productions",,8000000.0,R,Drama,,,475488.0,823425
Red Rocket,2021-12-10,"FilmNation Entertainment, Cre Film",,1100000.0,R,"Drama, Comedy",,,2200000.0,763329
The Lady of Heaven,2021-12-10,"Enlightened Kingdom, Sarke Studio",,15000000.0,R,"History, Drama, Action",,,74441.0,748618
West Side Story,2021-12-10,"20th Century Studios, Amblin Entertainment, TSG Entertainment",,100000000.0,PG-13,"Drama, Romance, Crime",,,76016171.0,511809
Parallel Mothers,2021-12-15,"El Deseo, TVE",,11000000.0,R,Drama,,,23099858.0,766798
Cyrano,2021-12-17,"Metro-Goldwyn-Mayer, Working Title, Bron Studios, Creative Wealth Media Finance",,20000000.0,PG-13,"Drama, Romance",,,6397112.0,730047
Fortress,2021-12-17,"EFO Films, Grindstone Entertainment Group, Verdi Productions",,20000000.0,R,"Action, Thriller, Crime",,,52169.0,826749
Nightmare Alley,2021-12-17,"Searchlight Pictures, Double Dare You",,60000000.0,R,"Crime, Drama, Thriller",,,39629195.0,597208
Spider-Man: No Way Home,2021-12-17,"Marvel Studios, Pascal Pictures, Columbia Pictures",,200000000.0,PG-13,"Action, Adventure, Science Fiction",,,1921426073.0,634649
The Lost Daughter,2021-12-17,"Endeavor Content, Samuel Marshall Productions, Media Finance Capital, Faliro House Productions, Pie Films",,5000000.0,R,Drama,,,703281.0,554230
Sing 2,2021-12-22,Illumination,,85000000.0,PG,"Animation, Comedy, Family, Music",,,408402685.0,438695
The King's Man,2021-12-22,"Marv, Cloudy Productions, 20th Century Studios, TSG Entertainment",,100000000.0,R,"Action, Adventure, Thriller",,,125897478.0,476669
The Matrix Resurrections,2021-12-22,"Warner Bros. Pictures, Village Roadshow Pictures, Venus Castina Productions",,190000000.0,R,"Science Fiction, Action, Adventure",,,156497322.0,624860
83,2021-12-23,"Kabir Khan Films, Vibri Media, Reliance Entertainment, Phantom Films, Nadiadwala Grandson Entertainment, KA Productions",,36786988.0,PG-13,"Drama, History",,,25452983.0,601337
A Journal for Jordan,2021-12-25,"Outlier Society, Escape Artists, Bron Studios, Columbia Pictures, Creative Wealth Media Finance, Mundy Lane Entertainment",,25000000.0,PG-13,"Drama, Romance",,,6700000.0,501841
American Underdog,2021-12-25,"Lionsgate, City on a Hill Productions, Kingdom Story Company",,25000000.0,PG,"Drama, Family",,,26514814.0,673309
The 355,2022-01-07,"Freckle Films, Genre Films, FilmNation Entertainment, Universal Pictures, DEMEI Holdings Limited",,75000000.0,PG-13,"Action, Adventure, Thriller",,,55700000.0,522016
Scream,2022-01-14,"Paramount Pictures, Project X Entertainment, Radio Silence, Spyglass Media Group",,24000000.0,R,"Horror, Mystery",,,138874789.0,646385
Aline,2022-01-21,"Caramel Films, Rectangle Productions, Gaumont, Belga Productions, TF1 Films Production, De l’huile",,25900000.0,PG-13,"Music, Comedy, Drama, Family",,,11131254.0,498402
Redeeming Love,2022-01-21,"Mission Pictures International, Advantage Entertainment, Pinnacle Peak Pictures, Nthibah Pictures, Universal Pictures",,30000000.0,PG-13,"Romance, Drama, Western",,,9464198.0,698508
The King's Daughter,2022-01-21,"Firstep, Brookwell-McNamara Entertainment, Kylin Pictures, Bliss Media, Lightstream Entertainment, Ingenious Media, Gravitas Ventures, Fame Universal Entertainment, Interface Productions, Lionsgate",,40500000.0,PG,"Fantasy, Adventure, Family",,,2200000.0,245842
The Requin,2022-01-28,"Film Bridge International, Paper Street Pictures, Saban Films",,8500000.0,R,"Horror, Mystery, Thriller",,,130493.0,803114
Jackass Forever,2022-02-04,"Paramount Pictures, MTV Entertainment Studios, Dickhouse Productions",,10000000.0,R,"Action, Comedy, Documentary",,,80563999.0,656663
Moonfall,2022-02-04,"Centropolis Entertainment, Street Entertainment, Lionsgate, AGC Studios, Huayi Tencent Entertainment, Huayi Brothers International",,146000000.0,PG-13,"Science Fiction, Adventure, Action",,,67319703.0,406759
The Wolf and the Lion,2022-02-04,"Galatée Films, Mai Juin Productions, StudioCanal, Super Écran, SODEC, Canal+, Ciné+, Transfilm International, M6 Films, Sphere Films",,11900000.0,PG,"Family, Adventure, Drama",,,15300000.0,780382
The Worst Person in the World,2022-02-04,"Oslo Pictures, Film i Väst, Snowglobe, B-Reel Films, ARTE France Cinéma, MK Productions, mk2 Films",,5000000.0,R,"Drama, Romance, Comedy",,,12687507.0,660120
Blacklight,2022-02-11,"The Solution, Zero Gravity Management, Film Victoria, Lightstream Entertainment, Screen Australia, Footloose Productions, Sina Studios, Fourstar Film Partners Production, Elevate Production Finance, Monty the Dog Productions",,43000000.0,PG-13,"Action, Thriller, Adventure",,,15902207.0,823625
Death on the Nile,2022-02-11,"Genre Films, 20th Century Studios, Scott Free Productions, Mark Gordon Pictures",,90000000.0,PG-13,"Mystery, Crime, Thriller",,,137307235.0,505026
Marry Me,2022-02-11,"Nuyorican Productions, Perfect World Pictures, Kung Fu Monkey Productions",,23000000.0,PG-13,"Romance, Comedy, Music",,,44000000.0,615904
Dog,2022-02-18,"FilmNation Entertainment, Free Association, Metro-Goldwyn-Mayer",,20000000.0,PG-13,"Drama, Comedy",,,84774243.0,626735
The Ledge,2022-02-18,"Head Gear Films, Metrol Technology, Kreo Films, Trigger Films, Red Production, Evolution Pictures",,2500000.0,R,"Thriller, Adventure",,,685303.0,924482
Uncharted,2022-02-18,"Columbia Pictures, Atlas Entertainment, PlayStation Productions, Arad Productions",,120000000.0,PG-13,"Action, Adventure, Mystery",,,407141258.0,335787
Hotel Transylvania: Transformania,2022-02-25,"Sony Pictures Animation, Sony Pictures, MRC, Columbia Pictures",,75000000.0,PG,"Animation, Comedy, Family, Adventure, Fantasy",,,18500000.0,585083
The Burning Sea,2022-02-25,"Fantefilm, Chezville, Nordisk Film Norway",,8300000.0,PG-13,"Action, Thriller, Drama",,,2836382.0,623511
The Batman,2022-03-04,"6th & Idaho Motion Picture Company, Dylan Clark Productions, DC Films, Warner Bros. Pictures",,185000000.0,PG-13,"Crime, Mystery, Thriller",,,772775278.0,414906
Gold,2022-03-11,"Deeper Water, Rogue Star Productions, Screen Australia, Stan, South Australian Film Corporation",,6500000.0,R,"Action, Adventure, Thriller",,,176048.0,760926
Alice,2022-03-18,"Steel Springs Pictures, Vertical, Roadside Attractions",,19500000.0,R,"Thriller, Drama",,,373043.0,714676
The Outfit,2022-03-18,"Focus Features, FilmNation Entertainment, Unified Theory, Scoop Productions",,5000000.0,R,"Crime, Drama, Thriller, Mystery",,,4032313.0,799876
Umma,2022-03-18,"Raimi Productions, Stage 6 Films, Starlight Media",,3000000.0,PG-13,"Horror, Mystery",,,2100000.0,751237
Everything Everywhere All at Once,2022-03-25,"IAC Films, AGBO, Ley Line Entertainment, Year of the Rat, A24",,25000000.0,R,"Action, Adventure, Science Fiction",,,139200000.0,545611
Infinite Storm,2022-03-25,"Maven Screen Media, JamTart Productions, Stage 6 Films, Off Media, dFlights, Orka",,4749917.0,R,"Adventure, Drama, Mystery, Thriller",,,1707067.0,811631
The Duke,2022-03-25,"Pathé, Ingenious Media, Neon Films, Screen Yorkshire",,11000000.0,R,"Comedy, Drama, History",,,14233027.0,645689
The Lost City,2022-03-25,"Fortis Films, 3dot Productions, Exhibit A",,74000000.0,PG-13,"Action, Adventure, Comedy",,,192907684.0,752623
RRR,2022-03-30,DVV Entertainment,,69000000.0,NR,"Action, History, Drama",,,166602994.0,579974
Morbius,2022-04-01,"Columbia Pictures, Matt Tolmach Productions, Arad Productions",,75000000.0,PG-13,"Action, Science Fiction, Fantasy",,,167635712.0,526896
Ambulance,2022-04-08,"Bay Films, Endeavor Content, New Republic Pictures, Project X Entertainment, Universal Pictures",,40000000.0,R,"Action, Crime, Drama, Thriller",,,52303589.0,763285
Eiffel,2022-04-08,"Pathé, VVZ Production, Constantin Film, SCOPE Pictures, M6 Films, M6",,26000000.0,R,"Romance, Drama",,,13000000.0,655082
Sonic the Hedgehog 2,2022-04-08,"Original Film, Blur Studio, Marza Animation Planet, Paramount Pictures, SEGA, SEGA of America",,110000000.0,PG,"Action, Adventure, Family, Comedy",,,405421518.0,675353
Black Box,2022-04-09,"24 25 Films, WY Productions, Mediawan",,10722240.0,G,"Mystery, Thriller, Drama",,,9738741.0,663260
Beast,2022-04-12,Sun Pictures,,19750995.0,R,"Action, Comedy",,,18911959.0,800383
Father Stu,2022-04-13,"Municipal Pictures, Palm Drive Productions",,4000000.0,R,Drama,,,21591034.0,809140
K.G.F: Chapter 2,2022-04-14,"Hombale Films, Vaaraahi Chalana Chitram",,13000000.0,PG-13,"Action, Thriller, Adventure, Crime",,,90410749.0,587412
Fantastic Beasts: The Secrets of Dumbledore,2022-04-15,"Warner Bros. Pictures, Heyday Films",,200000000.0,PG-13,"Fantasy, Adventure",,,407200000.0,338953
Petite Maman,2022-04-22,"Lilies Films, France 3 Cinéma",,3100000.0,PG,"Drama, Fantasy",,,1024575.0,749004
The Bad Guys,2022-04-22,DreamWorks Animation,,80000000.0,PG,"Action, Adventure, Animation, Comedy, Crime, Family",,,250162278.0,629542
The Northman,2022-04-22,"Regency Enterprises, New Regency Pictures, Square Peg, Focus Features",,70000000.0,R,"Action, Adventure, Fantasy",,,69633110.0,639933
The Unbearable Weight of Massive Talent,2022-04-22,"Saturn Films, Burr! Productions",,30000000.0,R,"Action, Comedy, Crime",,,29116320.0,648579
Fortress: Sniper's Eye,2022-04-29,"EFO Films, Grindstone Entertainment Group",,22000000.0,R,"Action, Thriller, Crime",,,69075.0,883502
Hatching,2022-04-29,"Silva Mysterium, uMedia, Film i Väst, HOBAB, Evil Doghouse Productions",,3896000.0,NR,"Horror, Fantasy",,,508000.0,517302
Memory,2022-04-29,"Black Bear Pictures, Welle Entertainment, Saville Productions, Open Road Films, STXfilms",,30000000.0,R,"Action, Thriller, Crime",,,13900000.0,818397
Doctor Strange in the Multiverse of Madness,2022-05-06,"Marvel Studios, Kevin Feige Productions",,295400000.0,PG-13,"Fantasy, Action, Adventure",,,955775804.0,453395
Firestarter,2022-05-13,"Blumhouse Productions, Weed Road Pictures, Universal Pictures",,12000000.0,R,"Horror, Science Fiction",,,15039250.0,532710
Pleasure,2022-05-13,"Film i Väst, Flamboyance Films, Lemming Film, Plattform Produktion, SVT, Logical Pictures, Grand Slam Film Production, SF Studios",,1800000.0,NR,Drama,,,393824.0,592695
2000 Mules,2022-05-20,"D'Souza Media, Salem Media Group",,5000000.0,NR,Documentary,,,1465513.0,933554
Downton Abbey: A New Era,2022-05-20,"Carnival Films, Focus Features",,40000000.0,PG,"Drama, Romance",,,92651384.0,820446
Men,2022-05-20,"A24, DNA Films",,6500000.0,R,"Horror, Thriller, Fantasy",,,11152071.0,780609
The Roundup,2022-05-20,"BA Entertainment, Hong Film, Big Punch Pictures",,7600000.0,PG,"Action, Crime, Thriller",,,101166707.0,619803
The Bob's Burgers Movie,2022-05-27,"20th Century Studios, Bento Box Entertainment",,38000000.0,PG-13,"Animation, Comedy, Crime, Mystery",,,34148750.0,504827
To Chiara,2022-05-27,"Stayblack Productions, Haut et Court, ARTE France Cinéma, Snowglobe, RAI Cinema, Film i Väst, Felix Culpa",,3400000.0,R,"Drama, Fantasy",,,585750.0,833420
Top Gun: Maverick,2022-05-27,"Skydance Media, Don Simpson/Jerry Bruckheimer Films, Paramount Pictures",,170000000.0,PG-13,"Action, Drama",,,1488732821.0,361743
Vikram,2022-06-02,Raajkamal Films International,,15354648.0,NR,"Action, Crime, Thriller",,,54172014.0,743563
Crimes of the Future,2022-06-03,"Serendipity Point Films, Téléfilm Canada, Ingenious Media, Argonauts Productions, RocketScience, Wiffle Films, Davis Films, NEON",,27000000.0,R,"Science Fiction, Horror, Thriller",,,4551565.0,819876
Watcher,2022-06-03,"Image Nation Studios, Lost City, Spooky Pictures, AGC Studios",,5000000.0,R,"Horror, Mystery, Thriller",,,3621656.0,807356
Jurassic World Dominion,2022-06-10,"Amblin Entertainment, Universal Pictures",,658800000.0,PG-13,"Adventure, Science Fiction, Thriller",,,1004004592.0,507086
Brian and Charles,2022-06-17,"Bankside Films, BFI, Film4 Productions, Great Point Media",,1200000.0,PG,"Comedy, Drama, Science Fiction",,,216220.0,913814
Lightyear,2022-06-17,Pixar,,200000000.0,PG,"Animation, Science Fiction, Family, Adventure",,,226425420.0,718789
Official Competition,2022-06-17,The Mediapro Studio,,4100000.0,R,"Comedy, Drama",,,4732705.0,668640
Elvis,2022-06-24,"Warner Bros. Pictures, Bazmark, The Jackal Group",,85000000.0,PG-13,"Music, History, Drama",,,288670284.0,614934
Marcel the Shell with Shoes On,2022-06-24,"Cinereach, Chiodo Bros. Productions, You Want I Should, Human Woman, Sunbeam TV & Films",,6000000.0,PG,"Animation, Comedy, Drama, Family, Fantasy",,,6909209.0,869626
The Black Phone,2022-06-24,"Blumhouse Productions, Crooked Highway",,16000000.0,R,"Horror, Thriller",,,161441914.0,756999
Minions: The Rise of Gru,2022-07-01,"Universal Pictures, Illumination",,85000000.0,PG,"Animation, Comedy, Crime, Science Fiction, Family",,,940203765.0,438148
Thor: Love and Thunder,2022-07-07,"Marvel Studios, Kevin Feige Productions",,250000000.0,PG-13,"Fantasy, Action, Comedy",,,760928081.0,616037
Paws of Fury: The Legend of Hank,2022-07-15,"Flying Tigers Entertainment, Aniventure, HB Wink Animation, Cinesite Animation, Align, GFM Animation, Mass Animation, Blazing Productions, Brooksfilms",,45000000.0,PG,"Animation, Adventure, Comedy, Family, Action",,,42500000.0,366672
The Gray Man,2022-07-15,"AGBO, Roth-Kirschenbaum Films",,200000000.0,PG-13,"Action, Thriller",,,454023.0,725201
Where the Crawdads Sing,2022-07-15,"3000 Pictures, Hello Sunshine, HarperCollins Publishers",,24000000.0,PG-13,"Drama, Mystery, Romance",,,144353965.0,682507
Nope,2022-07-22,"Universal Pictures, Monkeypaw Productions",,68000000.0,R,"Horror, Science Fiction, Thriller",,,171932082.0,762504
The Grandmother,2022-07-22,"Atresmedia, Les films du Worso, Canal+, Ciné+, Apaches Films",,3749231.0,R,"Drama, Horror",,,1817696.0,661791
DC League of Super-Pets,2022-07-29,"Warner Animation Group, Seven Bucks Productions, Animal Logic, DC",,90000000.0,PG,"Family, Comedy, Adventure, Animation, Science Fiction, Action",,,203000000.0,539681
Bodies Bodies Bodies,2022-08-05,"A24, 2AM",,3000000.0,R,"Comedy, Mystery, Horror",,,13929670.0,520023
Bullet Train,2022-08-05,"87North Productions, Columbia Pictures",,90000000.0,R,"Action, Comedy, Thriller",,,239268602.0,718930
Easter Sunday,2022-08-05,"DreamWorks Pictures, Rideback",,17000000.0,PG-13,Comedy,,,13071438.0,824281
Laal Singh Chaddha,2022-08-11,"Aamir Khan Productions, Viacom18 Studios, Paramount Pictures",,23000000.0,PG-13,"Drama, Romance, Comedy",,,16000000.0,601635
Emily the Criminal,2022-08-12,"Low Spark Films, Evil Hag Productions, Fear Knot Productions, MakeMake",,2000000.0,R,"Crime, Drama, Thriller",,,2157673.0,862965
Fall,2022-08-12,"Tea Shop Productions, Capstone Pictures, Eagle Films",,3000000.0,PG-13,Thriller,,,17363261.0,985939
Beast,2022-08-19,"RVK Studios, Will Packer Productions, Universal Pictures",,36000000.0,R,"Action, Adventure, Horror, Thriller, Drama",,,56000000.0,760741
Orphan: First Kill,2022-08-19,"Dark Castle Entertainment, Entertainment One, Eagle Vision",,10000000.0,R,"Horror, Thriller",,,9572765.0,760161
Alienoid,2022-08-26,"Caper Film, CJ Entertainment",,24500000.0,NR,"Science Fiction, Action, Fantasy, Adventure",,,12109608.0,601796
The Invitation,2022-08-26,"Screen Gems, Latchkey Productions",,10000000.0,PG-13,"Horror, Thriller",,,33628000.0,830788
Three Thousand Years of Longing,2022-08-31,"FilmNation Entertainment, Elevate Production Finance, Sunac Pictures, Kennedy Miller Mitchell",,60000000.0,R,"Drama, Fantasy, Romance",,,20300000.0,556694
One Way,2022-09-02,"Highland Film Group, Bay Point Media, 23ten, Particular Crowd, Streamline Global, Thomasville Pictures, Ignition Film Productions, Source Management + Production, Short Porch Pictures, Baird Film",,5000000.0,R,"Action, Crime, Thriller",,,30272.0,747803
Clerks III,2022-09-04,"View Askew Productions, BondIt Media Capital, Lionsgate, TPC, SModcast Pictures, Destro Films, Mewesings",,7000000.0,R,"Comedy, Drama",,,4737955.0,635891
After Ever Happy,2022-09-07,"Voltage Pictures, Wattpad, Ethea Entertainment, CalMaple Films",,14000000.0,R,"Romance, Drama",,,19238073.0,744276
Barbarian,2022-09-09,"BoulderLight Pictures, Vertigo Entertainment, Regency Enterprises, Hammerstone Studios, Almost Never Films",,4500000.0,R,"Horror, Mystery, Thriller",,,45400000.0,913290
Medieval,2022-09-09,"R.U. Robot Studios, JBJ Film, Elevated Films, Double Tree Entertainment",,23000000.0,R,"Action, Drama, History",,,4311284.0,551271
Speak No Evil,2022-09-09,"Profile Pictures, OAK Motion Pictures",,3200000.0,NR,"Horror, Thriller, Drama",,,631249.0,833339
"Confess, Fletch",2022-09-16,Miramax,,20000000.0,R,"Comedy, Mystery, Crime",,,500000.0,724665
See How They Run,2022-09-16,"Searchlight Pictures, DJ Films, TSG Entertainment",,40000000.0,PG-13,"Mystery, Comedy, Crime",,,21921551.0,766475
The Woman King,2022-09-16,"TriStar Pictures, JuVee Productions, Entertainment One, Welle Entertainment, TSG Entertainment II",,50000000.0,PG-13,"Action, Drama, History, War",,,97562514.0,724495
Jeepers Creepers: Reborn,2022-09-19,"Orwo Studios (US), Screen Media Films, Black Hangar Studios, Ink Pine Media, Infinity Films",,5000000.0,R,Horror,,,6175213.0,717728
Don't Worry Darling,2022-09-23,"Vertigo Entertainment, New Line Cinema",,35000000.0,R,"Science Fiction, Mystery, Horror, Thriller",,,86700000.0,619730
Amsterdam,2022-09-27,"DreamCrew, Keep Your Head Productions, Corazon Camera, New Regency Productions, Regency Enterprises",,80000000.0,R,"Mystery, Comedy, Drama",,,31245810.0,664469
Argentina 1985,2022-09-30,"La Unión de los Ríos, Kenya Films, Infinity Hill, Wanka Cine, Infinity Hill",,20000000.0,R,"Drama, History, Crime",,,58424000.0,714888
Bros,2022-09-30,"Universal Pictures, Apatow Productions, Stoller Global Solutions",,22000000.0,R,"Comedy, Romance",,,14781779.0,614939
Smile,2022-09-30,"Paramount Players, Paramount Pictures, Temple Hill Entertainment",,17000000.0,R,"Horror, Mystery",,,217408513.0,882598
"Lyle, Lyle, Crocodile",2022-10-07,"Eagle Pictures, Columbia Pictures",,50000000.0,PG,"Comedy, Family, Music",,,111080122.0,830784
Piggy,2022-10-07,"Morena Films, Backup Media, Cerdita AIE",,2400000.0,NR,"Horror, Drama",,,543064.0,848058
Project Wolf Hunting,2022-10-07,"The Contents On, Contents G, Cheum Film, Finecut",,9000000.0,NR,"Action, Thriller, Horror, Crime",,,20541.0,799379
The Inhabitant,2022-10-07,"Gravitas Ventures, Highland Film Group, Steelyard Pictures, R.U. Robot Studios",,1600000.0,NR,"Horror, Mystery",,,36972.0,772973
Triangle of Sadness,2022-10-07,"30WEST, BBC Film, Bord Cadre Films, Coproduction Office, Film i Väst, Heretic, Imperative Entertainment, Sovereign Films, Plattform Produktion, SVT, BFI, Piano, ARTE France Cinéma, Essential Filmproduktion, TRT 12 PUNTO, ZDF/Arte",,15600000.0,R,"Comedy, Drama",,,24733572.0,497828
TÁR,2022-10-07,"Focus Features, Standard Film Company, EMJAG Productions",,35000000.0,R,"Music, Drama",,,29048571.0,817758
Halloween Ends,2022-10-14,"Universal Pictures, Blumhouse Productions, Miramax, Rough House Pictures, Trancas International Films",,30000000.0,R,"Horror, Thriller",,,105400796.0,616820
Till,2022-10-14,"EON Productions, Frederick Zollo Productions, One Ho Productions, Orion Pictures",,33000000.0,PG-13,"Drama, History",,,11498884.0,854239
Black Adam,2022-10-21,"New Line Cinema, Flynn Picture Company, DC Films, Seven Bucks Productions, Warner Bros. Pictures",,200000000.0,PG-13,"Action, Adventure, Science Fiction",,,393452111.0,436270
The Banshees of Inisherin,2022-10-21,"Searchlight Pictures, Blueprint Pictures, Film4 Productions, TSG Entertainment",,20000000.0,R,"Drama, Comedy",,,49300000.0,674324
Ticket to Paradise,2022-10-21,"Smokehouse Pictures, Red Om Films, Working Title, Universal Pictures",,20000000.0,PG-13,"Drama, Comedy, Romance",,,168800000.0,800939
Armageddon Time,2022-10-28,"RT Features, Spacemaker Productions, Keep Your Head Productions, MadRiver Pictures, Focus Features",,15000000.0,R,Drama,,,6524886.0,615952
The Ambush,2022-10-28,"Image Nation Studios, AGC Studios",,40000000.0,R,"War, Action, Drama",,,5218666.0,884452
Ainbo: Spirit of the Amazon,2022-11-08,Tunche Films,,10000000.0,PG,"Adventure, Animation, Family, Fantasy",,,10237061.0,588921
Black Panther: Wakanda Forever,2022-11-11,Marvel Studios,,250000000.0,PG-13,"Action, Adventure, Science Fiction",,,859102154.0,505642
The Fabelmans,2022-11-11,"Amblin Entertainment, Reliance Entertainment",,40000000.0,PG-13,Drama,,,45629909.0,804095
Bones and All,2022-11-18,"Frenesy Film, Per Capita Productions, MeMo Films, The Apartment Pictures, 3 Marys Entertainment, Tenderstories, Elafilm",,16000000.0,R,"Horror, Romance, Drama",,,15234907.0,791177
She Said,2022-11-18,"Plan B Entertainment, Annapurna Pictures, Universal Pictures",,32000000.0,R,"Drama, History",,,13900000.0,837881
The Menu,2022-11-18,"Hyperobject Industries, Searchlight Pictures, Gary Sanchez Productions, TSG Entertainment",,35000000.0,R,"Comedy, Horror",,,79628200.0,593643
Devotion,2022-11-23,"Black Label Media, STXfilms",,90000000.0,PG-13,"War, Drama, History",,,21768133.0,653851
Glass Onion: A Knives Out Mystery,2022-11-23,T-Street,,40000000.0,PG-13,"Comedy, Crime, Mystery",,,15000000.0,661374
Strange World,2022-11-23,Walt Disney Animation Studios,,180000000.0,PG,"Animation, Family, Adventure, Fantasy, Science Fiction",,,73621640.0,877269
White Noise,2022-11-25,"Heyday Films, NB/GG Pictures, A24",,100000000.0,R,"Comedy, Drama",,,71476.0,744594
HIT: The 2nd Case,2022-12-01,Wall Poster Cinema,,1800000.0,R,"Crime, Thriller, Action",,,5000000.0,811945
Violent Night,2022-12-02,"87North Productions, Universal Pictures, Original Pictures",,20000000.0,R,"Action, Comedy, Fantasy",,,75734910.0,899112
Evangelion: 3.0+1.0 Thrice Upon a Time,2022-12-06,khara,,29700000.0,NR,"Animation, Action, Science Fiction, Drama",,,93882453.0,283566
Mechamato Movie,2022-12-08,"Monsta Studios, Astro Shaw",,7580815.0,G,"Animation, Action, Adventure, Comedy, Family, Science Fiction",,,2112824.0,1051180
Empire of Light,2022-12-09,"Searchlight Pictures, Neal Street Productions, TSG Entertainment",,13500000.0,R,"Drama, Romance",,,11395604.0,814757
Roald Dahl's Matilda the Musical,2022-12-09,"Working Title, The Roald Dahl Story Company",,25000000.0,PG,"Family, Comedy, Fantasy",,,37289659.0,668482
The Whale,2022-12-09,"A24, Protozoa Pictures",,3000000.0,R,Drama,,,57615635.0,785084
Avatar: The Way of Water,2022-12-16,"20th Century Studios, Lightstorm Entertainment, TSG Entertainment",,460000000.0,PG-13,"Action, Adventure, Science Fiction",,,2334484620.0,76600
Puss in Boots: The Last Wish,2022-12-21,DreamWorks Animation,,90000000.0,PG,"Animation, Adventure, Fantasy, Comedy, Family",,,484700000.0,315162
Babylon,2022-12-23,"Paramount Pictures, Marc Platt Productions, C2 Motion Picture Group, Organism Pictures, Wild Chickens Productions",,78000000.0,R,"Drama, Comedy",,,65267446.0,615777
Corsage,2022-12-23,"Film AG, Kazak Productions, Komplizen Film, Samsa Film, ZDF/Arte",,7580600.0,NR,"Drama, History",,,3092534.0,888321
Living,2022-12-23,"Number 9 Films, Film4 Productions, County Hall Arts, Lipsync Productions, RocketScience, Kurosawa Production, Filmgate Films, Film i Väst, Woolley/Karlsen Productions",,10000000.0,PG-13,Drama,,,6999027.0,760099
Whitney Houston: I Wanna Dance with Somebody,2022-12-23,"Compelling Pictures, Black Label Media, TriStar Pictures, West Madison Entertainment, Muse of Fire, Primary Wave Music",,50000000.0,PG-13,"Music, Drama",,,59806881.0,696157
Women Talking,2022-12-23,"Plan B Entertainment, Hear/Say Productions, Orion Pictures",,20000000.0,PG-13,Drama,,,7589419.0,777245
Broker,2022-12-26,"CJ ENM, Zip Cinema, GAGA Corporation",,7800000.0,R,Drama,,,18632208.0,736732
A Man Called Otto,2022-12-30,"Playtone, SF Studios, Artistic Films, Columbia Pictures, 2DUX², TSG Entertainment",,50000000.0,PG-13,"Comedy, Drama",,,113360085.0,937278
"Alice, Darling",2022-12-30,"Babe Nation Films, Elevation Pictures, Castelletto Films, Lionsgate",,4000000.0,R,"Thriller, Drama, Romance",,,121067.0,850028
Alcarràs,2023-01-06,"Avalon, Vilaüt Films, Kino Produzioni, Elastica Films",,10250000.0,NR,Drama,,,3324521.0,804251
M3GAN,2023-01-06,"Atomic Monster, Blumhouse Productions, Divide / Conquer",,12000000.0,PG-13,"Science Fiction, Horror",,,180089109.0,536554
Shin Ultraman,2023-01-11,"Tsuburaya Productions, TOHO, khara, Cine Bazar, TOHO Studios, Shirogumi",,5500000.0,NR,"Action, Science Fiction",,,34441594.0,634429
Plane,2023-01-13,"MadRiver Pictures, di Bonaventura Pictures, G-BASE, Olive Hill Media, Riverstone Pictures",,25000000.0,R,"Action, Adventure, Thriller",,,74515586.0,646389
Detective Knight: Independence,2023-01-20,"Arcana Studio, 308 Enterprises, BondIt Media Capital, Buffalo 8",,2000000.0,R,"Action, Crime, Thriller",,,36171.0,1035806
Missing,2023-01-20,"Stage 6 Films, Search Party, Bazelevs, Screen Gems",,7000000.0,PG-13,"Drama, Mystery, Thriller",,,48767848.0,768362
The Wandering Earth II,2023-01-22,"Guo Fan Culture and Media, G!Film Studio, DF Pictures, China Film Group Corporation",,73800000.0,NR,"Science Fiction, Action, Adventure",,,665000000.0,842675
Pathaan,2023-01-25,"Yash Raj Films, Pathaan Productions, Palma Pictures, FPS Productions, NSA Picture, ODU Movies",,30270000.0,NR,"Action, Adventure, Thriller",,,127180000.0,864692
Left Behind: Rise of the Antichrist,2023-01-26,"Stonagal Pictures, 101 Films, Amcomri Entertainment, Cloud Ten Pictures, Polyscope Productions",,10000000.0,PG-13,"Science Fiction, Action, Thriller, Fantasy",,,3649422.0,1008903
Infinity Pool,2023-01-27,"Topic Studios, Elevation Pictures, Film Forge Productions, Hero Squared, Celluloid Dreams, NEON, Téléfilm Canada, Eurimages",,4500000.0,R,"Horror, Science Fiction, Thriller",,,5078400.0,667216
Maybe I Do,2023-01-27,"Fifth Season, Vincent Newman Entertainment",,7500000.0,PG-13,"Comedy, Romance, Drama",,,4393504.0,972230
80 for Brady,2023-02-03,"199 Productions, Watch This Ready, Fifth Season, Tempesta Films",,28000000.0,PG-13,"Comedy, Drama",,,29637811.0,942922
Godland,2023-02-03,"Maneki Films, Snowglobe, Join Motion Pictures, Film i Väst, Garagefilm International",,5000000.0,NR,Drama,,,1560518.0,960206
Knock at the Cabin,2023-02-03,"Blinding Edge Pictures, FilmNation Entertainment, Wishmore, Universal Pictures",,20000000.0,R,"Horror, Mystery, Thriller",,,54700000.0,631842
The Amazing Maurice,2023-02-03,"Ulysses Filmproduktion, Cantilever Media, Narrativia, Studio Rakete, Squeeze, Red Star 3D, Telepool, Global Screen, Creative Europe Media, Sky Original Productions",,17000000.0,PG,"Animation, Adventure, Comedy, Family, Fantasy",,,21110363.0,676710
Magic Mike's Last Dance,2023-02-10,"Warner Bros. Pictures, Nick Wechsler Productions, Free Association",,45000000.0,R,"Comedy, Drama, Romance",,,52000000.0,906221
Marlowe,2023-02-15,"Parallel Films, H2L Media Group, Nickel City Pictures, StoryBoard Media, Davis Films, Aperture Media Partners, Elipsis Capital, Jeff Rice Films, The Foley Lab, Fís Éireann/Screen Ireland, Parallel Film Productions",,20000000.0,R,Crime,,,6262663.0,844417
Ant-Man and the Wasp: Quantumania,2023-02-17,"Marvel Studios, Kevin Feige Productions",,200000000.0,PG-13,"Action, Adventure, Science Fiction",,,476071180.0,640146
Cocaine Bear,2023-02-24,"Universal Pictures, Brownstone Productions, Lord Miller, Jurassic Party",,32500000.0,R,"Thriller, Comedy, Crime",,,88314672.0,804150
Jesus Revolution,2023-02-24,"Lionsgate, Kingdom Story Company, A Walsh Works Production",,15000000.0,PG-13,"Drama, History",,,52300000.0,719256
Mummies,2023-02-24,"Warner Bros. Entertainment España, 4 Cats Pictures, Moomios Movie AIE, Anangu Grup, C.O.R.E. Feature Animation, Atresmedia",,12000000.0,PG,"Animation, Adventure, Fantasy, Family",,,53400000.0,816904
Creed III,2023-03-03,"Metro-Goldwyn-Mayer, Proximity Media, Outlier Society, Winkler Films",,75000000.0,PG-13,"Drama, Action",,,275300000.0,677179
Operation Fortune: Ruse de Guerre,2023-03-03,"Miramax, STXfilms, Toff Guy Films",,50000000.0,R,"Action, Comedy, Thriller, Adventure",,,48983306.0,739405
Tu Jhoothi Main Makkaar,2023-03-08,"LUV Films, T-Series, Identical Pictures",,24000000.0,NR,"Comedy, Romance, Family",,,3366098.0,611359
65,2023-03-10,"Raimi Productions, Beck/Woods, Bron Studios, Columbia Pictures, TSG Entertainment",,45000000.0,PG-13,"Action, Adventure, Science Fiction",,,60730568.0,700391
Scream VI,2023-03-10,"Radio Silence, Project X Entertainment, Spyglass Media Group, Paramount Pictures",,33000000.0,R,"Horror, Thriller, Crime",,,169063850.0,934433
The Magic Flute,2023-03-10,"Flute Film, Bayerischer Banken-Fonds, Centropolis Entertainment, Flimmer Group, Tobis Film",,6500000.0,NR,"Adventure, Fantasy, Music, Family",,,492000.0,818110
Shazam! Fury of the Gods,2023-03-17,"The Safran Company, New Line Cinema, DC Films",,110000000.0,PG-13,"Comedy, Action, Fantasy",,,134221819.0,594767
John Wick: Chapter 4,2023-03-24,"Thunder Road, 87Eleven, Studio Babelsberg, Lionsgate",,100000000.0,R,"Action, Thriller, Crime",,,447316405.0,603692
The Five Devils,2023-03-24,"F Comme Film, Le Pacte, Wild Bunch, Auvergne-Rhône-Alpes Cinéma, Trois Brigands Productions",,3370000.0,NR,"Drama, Fantasy, Romance",,,46666.0,820697
Dungeons & Dragons: Honor Among Thieves,2023-03-31,"Entertainment One, Paramount Pictures",,151000000.0,PG-13,"Adventure, Fantasy, Comedy",,,208200000.0,493529
Spinning Gold,2023-03-31,"Hero Entertainment Group, The Boardwalk Entertainment Company, Blue Rider Pictures, Atlantic Films, Bay Point Media, Capstone Pictures, Hero Partners, Howling Wolf Productions",,27000000.0,R,"Music, Drama",,,66284.0,326316
Air,2023-04-05,"Amazon Studios, Skydance Sports, Mandalay Pictures, Artists Equity, Vinik Productions, Puji Films",,80000000.0,R,"Drama, History",,,90100000.0,964980
The Super Mario Bros. Movie,2023-04-05,"Universal Pictures, Illumination, Nintendo",,100000000.0,PG,"Family, Comedy, Adventure, Fantasy, Animation",,,1360879735.0,502356
Beautiful Disaster,2023-04-12,Voltage Pictures,,25000000.0,R,"Romance, Drama, Comedy",,,6850036.0,1016121
Beau Is Afraid,2023-04-14,"A24, Square Peg, IPR.VC, Access Entertainment",,35000000.0,R,"Comedy, Adventure, Fantasy",,,12337378.0,798286
Mafia Mamma,2023-04-14,"Idea(L), Vocab Films, New Sparta Films, Ingenious Media, Lipsync Productions, Cornerstone Films",,41000000.0,R,"Comedy, Crime, Action",,,3900000.0,809787
Nefarious,2023-04-14,"Believe Entertainment, Soli Deo Gloria Releasing",,3000000.0,R,"Horror, Drama",,,5400000.0,913673
Renfield,2023-04-14,"Skybound Entertainment, Universal Pictures, Giant Wildcat",,65000000.0,R,"Comedy, Fantasy, Horror",,,26493921.0,649609
Suzume,2023-04-14,"CoMix Wave Films, Story, Lawson Entertainment, jeki, voque ting, KADOKAWA, Aniplex, TOHO",,13000000.0,PG,"Animation, Drama, Adventure, Fantasy",,,314992206.0,916224
The Pope's Exorcist,2023-04-14,"Screen Gems, 2.0 Entertainment, Loyola Productions",,18000000.0,R,"Horror, Thriller",,,76987621.0,758323
Chevalier,2023-04-21,"Searchlight Pictures, Element Pictures, TSG Entertainment",,35000000.0,PG-13,"Music, Drama, History",,,4200000.0,812635
Evil Dead Rise,2023-04-21,"Pacific Renaissance Pictures, Wild Atlantic Pictures, New Line Cinema, Renaissance Pictures",,15000000.0,R,"Horror, Thriller",,,147256372.0,713704
Guy Ritchie's The Covenant,2023-04-21,"STXfilms, Toff Guy Films",,55000000.0,R,"War, Action, Thriller",,,21948551.0,882569
"Are You There God? It's Me, Margaret.",2023-04-28,"Gracie Films, Lionsgate",,30000000.0,PG-13,"Comedy, Drama",,,21800000.0,555285
Big George Foreman,2023-04-28,"Mandalay Pictures, Affirm Films",,32000000.0,PG-13,"History, Drama",,,3800000.0,878361
Sisu,2023-04-28,"Subzero Film Entertainment, Good Chaos, Stage 6 Films",,6600000.0,R,"Action, War, Thriller",,,14281199.0,840326
Guardians of the Galaxy Vol. 3,2023-05-05,"Marvel Studios, Kevin Feige Productions",,250000000.0,PG-13,"Science Fiction, Adventure, Action",,,845550000.0,447365
Love Again,2023-05-05,"Screen Gems, Thunder Road, 2.0 Entertainment",,9000000.0,PG-13,"Romance, Drama, Comedy",,,10000000.0,758336
BlackBerry,2023-05-12,"Zapruder Films, Rhombus Media, XYZ Films, IPR.VC, Canada Media Fund | Fonds des médias du Canada",,5000000.0,R,"Comedy, Drama, History",,,2600000.0,1016084
Book Club: The Next Chapter,2023-05-12,"Makeready, Fifth Season, Apartment Story, Focus Features, Universal Pictures",,20000000.0,PG-13,"Comedy, Romance",,,27849137.0,982271
Fool's Paradise,2023-05-12,"Wrigley Pictures, Armory Films, Saks Picture Company",,3000000.0,R,Comedy,,,885712.0,553147
Hypnotic,2023-05-12,"Studio 8, Solstice Studios, Ingenious Media, Double R Productions",,70000000.0,R,"Mystery, Science Fiction, Thriller",,,16014123.0,536437
Knights of the Zodiac,2023-05-12,"Stage 6 Films, Toei Animation",,60000000.0,PG-13,"Fantasy, Action, Science Fiction",,,7000000.0,455476
L'immensità,2023-05-12,"Wildside, Chapter 2, Warner Bros Pictures Italia, Pathé, France 3 Cinéma, Canal+, Toscana Film Commission, MiC, Ciné+, Regione Toscana, France Télévisions",,11720000.0,NR,Drama,,,3019851.0,770724
Monica,2023-05-12,"Propaganda Italia, Fenix Entertainment, Alacran Pictures, Varient, Solo Five Productions, Melograno Films, The Exchange, Cinetrain, Hudson Entertainment, RAI Cinema",,1700000.0,R,Drama,,,182000.0,540549
Fast X,2023-05-19,"Universal Pictures, Original Film, One Race, Perfect Storm Entertainment",,340000000.0,PG-13,"Action, Crime, Thriller",,,704709660.0,385687
Master Gardener,2023-05-19,"Kojo Studios, Ottocento Films, Flickstar, Northern Lights",,4100000.0,R,"Drama, Crime, Mystery, Thriller",,,1506008.0,869612
About My Father,2023-05-26,"Lionsgate, Depth of Field, Media Capital Technologies",,29100000.0,PG-13,Comedy,,,18167819.0,829051
Kandahar,2023-05-26,"Thunder Road, G-BASE, MBC Studios, Capstone Pictures",,30000000.0,R,"Action, Thriller, War",,,9400000.0,717930
The Little Mermaid,2023-05-26,"Walt Disney Pictures, Lucamar Productions, Marc Platt Productions",,297000000.0,PG,"Adventure, Family, Fantasy, Romance",,,569626289.0,447277
Past Lives,2023-06-02,"A24, Killer Films, 2AM, CJ ENM",,12000000.0,PG-13,"Drama, Romance",,,28126646.0,666277
Spider-Man: Across the Spider-Verse,2023-06-02,"Columbia Pictures, Sony Pictures Animation, Lord Miller, Pascal Pictures, Arad Productions, Marvel Entertainment",,100000000.0,PG,"Animation, Action, Adventure, Science Fiction",,,690897910.0,569094
The Boogeyman,2023-06-02,"21 Laps Entertainment, 20th Century Studios",,35000000.0,PG-13,Horror,,,82344833.0,532408
Transformers: Rise of the Beasts,2023-06-09,"Skydance Media, Paramount Pictures, di Bonaventura Pictures, Bay Films, New Republic Pictures, DeSanto/Murphy Productions, Hasbro",,195000000.0,PG-13,"Science Fiction, Adventure, Action",,,441381193.0,667538
Adipurush,2023-06-16,"Retrophiles Private Limited, T-Series, UV Creations, RKB Creative (US)",,63000000.0,NR,"Action, Adventure, Fantasy",,,54300000.0,734253
Asteroid City,2023-06-16,"Indian Paintbrush, American Empirical Pictures, Studio Babelsberg",,25000000.0,PG-13,"Comedy, Drama",,,53857743.0,747188
Elemental,2023-06-16,Pixar,,200000000.0,PG,"Animation, Comedy, Family, Romance",,,496444308.0,976573
The Blackening,2023-06-16,"MRC, CatchLight Studios, Artists First, Tracy Yvonne Productions, The Story Company",,5000000.0,R,"Horror, Comedy",,,18563767.0,1008392
The Flash,2023-06-16,"Warner Bros. Pictures, Double Dream, The Disco Factory, DC Films",,220000000.0,PG-13,"Action, Science Fiction, Adventure",,,271333313.0,298618
No Hard Feelings,2023-06-23,"Excellent Cadaver, OPE Partners, Columbia Pictures, Saks Picture Company",,45000000.0,R,"Comedy, Romance",,,83000000.0,884605
Indiana Jones and the Dial of Destiny,2023-06-30,Lucasfilm Ltd.,,294700000.0,PG-13,"Adventure, Action",,,383963057.0,335977
"Ruby Gillman, Teenage Kraken",2023-06-30,DreamWorks Animation,,70000000.0,PG,"Animation, Family, Fantasy, Comedy",,,46247409.0,1040148
Sound of Freedom,2023-07-04,Santa Fe Films,,14500000.0,PG-13,"Action, Drama",,,250600000.0,678512
Insidious: The Red Door,2023-07-07,"Blumhouse Productions, Stage 6 Films, Screen Gems",,16000000.0,PG-13,"Horror, Thriller",,,189090647.0,614479
Joy Ride,2023-07-07,"Lionsgate, Point Grey Pictures, Red Mysterious Hippo",,20000000.0,R,Comedy,,,15800000.0,864168
Mission: Impossible - Dead Reckoning Part One,2023-07-12,"Paramount Pictures, Skydance Media, TC Productions",,220000000.0,PG-13,"Action, Adventure, Thriller",,,571125435.0,575264
Final Cut,2023-07-14,"Getaway Films, La Classe américaine, SK Global Entertainment, France 2 Cinéma, GAGA Corporation, BlueLight, SofiTVCiné 9",,4300000.0,NR,"Horror, Comedy",,,2046233.0,852438
Theater Camp,2023-07-14,"Gloria Sanchez Productions, Topic Studios, Picturestart",,5000000.0,PG-13,Comedy,,,4400000.0,986054
Barbie,2023-07-21,"LuckyChap Entertainment, Heyday Films, NB/GG Pictures, Mattel, Warner Bros. Pictures",,145000000.0,PG-13,"Comedy, Adventure, Fantasy",,,1447138421.0,346698
Cobweb,2023-07-21,"Point Grey Pictures, Vertigo Entertainment, Lionsgate, Media Capital Technologies",,13000000.0,R,Horror,,,10091821.0,709631
Oppenheimer,2023-07-21,"Syncopy, Universal Pictures, Atlas Entertainment, Breakheart Films, Peters Creek Entertainment",,100000000.0,R,"Drama, History",,,952000000.0,872585
Haunted Mansion,2023-07-28,"Walt Disney Pictures, Rideback",,157800000.0,PG-13,"Comedy, Drama, Fantasy",,,117449790.0,616747
Talk to Me,2023-07-28,"Causeway Films, Screen Australia, South Australian Film Corporation, Bankside Films, Head Gear Films, Metrol Technology",,4500000.0,R,Horror,,,91959188.0,1008042
The Beasts,2023-07-28,"Le Pacte, Arcadia Motion Pictures, Caballo Films, Cronos Entertainment AIE, TVE",,3900000.0,NR,"Thriller, Drama",,,10238603.0,848685
Teenage Mutant Ninja Turtles: Mutant Mayhem,2023-08-02,"Paramount Pictures, Nickelodeon Movies, Point Grey Pictures, Cinesite Animation, Mikros Animation",,75000000.0,PG,"Animation, Comedy, Action, Science Fiction",,,180513586.0,614930
Meg 2: The Trench,2023-08-04,"Apelles Entertainment, Warner Bros. Pictures, di Bonaventura Pictures, CMC Pictures, Onaroll Productions, DF Pictures",,129000000.0,PG-13,"Action, Science Fiction, Horror",,,398500317.0,615656
Gadar 2,2023-08-11,"Zee Studios, Anil Sharma Productions",,7100000.0,NR,"Action, Drama",,,2712109.0,885331
Gran Turismo,2023-08-11,"PlayStation Productions, 2.0 Entertainment, Columbia Pictures",,60000000.0,PG-13,"Adventure, Drama, Action",,,121700000.0,980489
The Last Voyage of the Demeter,2023-08-11,"Phoenix Pictures, DreamWorks Pictures, Reliance Entertainment, Studio Babelsberg, StoryWorks Productions, Wise Owl Media",,45000000.0,R,"Horror, Fantasy",,,21600000.0,635910
Blue Beetle,2023-08-18,"Warner Bros. Pictures, The Safran Company, DC Films",,104000000.0,PG-13,"Action, Science Fiction, Adventure",,,130788072.0,565770
Strays,2023-08-18,"Universal Pictures, Lord Miller, Picturestart, Rabbit Hole Productions",,46000000.0,R,"Comedy, Adventure",,,32000000.0,912908
Bottoms,2023-08-25,"Brownstone Productions, Orion Pictures",,11300000.0,R,Comedy,,,12976079.0,814776
Fremont,2023-08-25,"Butimar Productions, Extra A Productions, Blue Morning Pictures",,3000000.0,NR,"Comedy, Drama",,,601594.0,1048522
Mastaney,2023-08-25,"Vehli Janta Films, Omjee Star Studios, Fateh Film Production",,2169000.0,NR,"Action, Drama, History",,,16367572.0,1161406
Retribution,2023-08-25,"The Picture Company, Ombra Films, StudioCanal, TF1 Films Production, Studio Babelsberg",,20000000.0,R,"Thriller, Action, Adventure",,,18685751.0,762430
Kushi,2023-09-01,Mythri Movie Makers,,6300000.0,NR,"Romance, Comedy, Drama",,,6400000.0,965489
The Equalizer 3,2023-09-01,"Columbia Pictures, Eagle Pictures, Escape Artists, ZHIV Productions",,70000000.0,R,"Action, Thriller, Crime",,,191067560.0,926393
Jawan,2023-09-07,Red Chillies Entertainment,,31736340.0,NR,"Action, Thriller",,,136675088.0,872906
The Nun II,2023-09-08,"New Line Cinema, Atomic Monster, The Safran Company",,38500000.0,R,Horror,,,269670590.0,968051
After Everything,2023-09-13,"Voltage Pictures, Wattpad",,14000000.0,R,"Romance, Drama",,,10644463.0,820525
A Haunting in Venice,2023-09-15,"20th Century Studios, Scott Free Productions, Genre Films, Agatha Christie, Mark Gordon Pictures",,60000000.0,PG-13,"Mystery, Thriller, Crime",,,121400000.0,945729
Camp Hideout,2023-09-15,"Called Higher Studios, PZAJ",,3500000.0,PG,"Family, Comedy",,,1100000.0,917594
Dumb Money,2023-09-15,"Black Bear Pictures, Ryder Picture Company, Winklevoss Pictures",,30000000.0,R,"History, Comedy, Drama",,,20703794.0,792293
The Inventor,2023-09-15,"Foliascope, Leo & King, Curiosity Studio, Aerial Contrivance Workshop, SIE Films, Blue Fox Entertainment, Former Prodigy Media, Slated, Leveller Media, Tip-Top Productions, Carte Blanche, Moo Studios, Curiosity Rights, The Exchange",,10000000.0,PG,"Animation, Drama, Family, History",,,2037563.0,676727
Expend4bles,2023-09-22,"Millennium Media, Campbell Grobman Films, Lionsgate, Nu Boyana Film Studios, Templeton Media, Davis Films, Media Capital Technologies",,100000000.0,R,"Action, Adventure, Thriller",,,37917985.0,299054
The Blind,2023-09-28,"Tread Lively, GND Media Group, Stacey Films",,30000000.0,PG-13,"Drama, Romance, Thriller",,,17265487.0,1032194
The Kill Room,2023-09-28,"Yale Productions, Idiot Savant Pictures, Such Content, SuperNova Capital, BK Studios, BondIt Media Capital, Head Gear Films, Metrol Technology, Great Escape, Complex Corp, Sucheta Dreamworks, Slated",,50000000.0,R,"Comedy, Crime",,,476375.0,958006
On Fire,2023-09-29,Lone Star Storytellers & Media Group,,4000000.0,PG-13,"Drama, Thriller, Action, Adventure",,,245325.0,900409
PAW Patrol: The Mighty Movie,2023-09-29,"Nickelodeon Movies, Spin Master, Paramount Pictures",,30000000.0,PG,"Adventure, Animation, Comedy, Family, Science Fiction",,,202231360.0,893723
Saw X,2023-09-29,"Twisted Pictures, Serendipity Productions, Galaxy 8 Entertainment",,13000000.0,R,"Horror, Mystery",,,125319714.0,951491
The Creator,2023-09-29,"New Regency Pictures, Entertainment One, Regency Enterprises, Bad Dreams",,80000000.0,PG-13,"Science Fiction, Action, Adventure",,,104272136.0,670292
Cat Person,2023-10-06,"StudioCanal, The New Yorker Studios, Echelon Productions, 30WEST, Imperative Entertainment",,12000000.0,NR,"Thriller, Comedy",,,282000.0,843394
Dicks: The Musical,2023-10-06,"A24, Chernin Entertainment",,8000000.0,R,"Music, Comedy",,,1472114.0,939997
The Exorcist: Believer,2023-10-06,"Universal Pictures, Blumhouse Productions, Morgan Creek Entertainment, Rough House Pictures",,30000000.0,R,Horror,,,136998069.0,807172
Anatomy of a Fall,2023-10-13,"Les Films de Pierre, Les Films Pelléas, France 2 Cinéma, Auvergne-Rhône-Alpes Cinéma",,6600000.0,R,"Thriller, Mystery, Crime",,,36000000.0,915935
TAYLOR SWIFT | THE ERAS TOUR,2023-10-13,"Taylor Swift Productions, Silent House Productions",,15000000.0,PG-13,Music,,,261656269.0,1160164
Leo,2023-10-19,"Seven Screen Studios, The Route",,42219285.0,NR,"Action, Crime, Thriller",,,71772785.0,949229
Killers of the Flower Moon,2023-10-20,"Apple Studios, Imperative Entertainment, Sikelia Productions, Appian Way",,200000000.0,R,"Crime, History, Drama",,,158722599.0,466420
The Canterville Ghost,2023-10-20,"Arc Productions, Melmoth Films, Sprout Pictures, D’Arblay Films, Dorado Media and Capital, Align, Space Age Films, Toonz Media Group",,10000000.0,PG,"Animation, Comedy, Family, Fantasy, TV Movie",,,3902737.0,269509
12th Fail,2023-10-27,"Vidhu Vinod Chopra Productions, Zee Studios",,2400000.0,PG,Drama,,,37231.0,1163258
After Death,2023-10-27,"Sypher Studios, Theora Films",,40000000.0,PG-13,"Documentary, Drama",,,11537680.0,1162322
Five Nights at Freddy's,2023-10-27,"Blumhouse Productions, Scott Cawthon Productions",,20000000.0,PG-13,"Horror, Thriller",,,298267333.0,507089
Freelance,2023-10-27,"Endurance Media, AGC Studios, Sentient Entertainment, Signature Films, Wideangle Films, Lipsync Productions",,40000000.0,R,"Action, Comedy",,,9112817.0,897087
Priscilla,2023-10-27,"The Apartment Pictures, American Zoetrope",,20000000.0,R,"Drama, Romance",,,30140906.0,1020006
The Holdovers,2023-10-27,"Miramax, Gran Via Productions",,13000000.0,R,"Drama, Comedy",,,42513270.0,840430
The Killer,2023-10-27,Netflix,,175000000.0,R,"Crime, Thriller",,,362113.0,800158
Radical,2023-11-03,"3Pas Studios, Epic, The Lift, ViX",,10000000.0,PG-13,Drama,,,21761164.0,1058694
What Happens Later,2023-11-03,"Ten Acre Films, Rockhill Studios, Das Films, Prowess Pictures",,3000000.0,R,"Romance, Comedy",,,3370345.0,970948
Dream Scenario,2023-11-10,"A24, Square Peg, Saturn Films",,10000000.0,R,"Comedy, Fantasy",,,14114415.0,823482
Journey to Bethlehem,2023-11-10,"Affirm Films, SPACE + ART Entertainment, Monarch Media, Night Light",,6000000.0,PG,"Family, Drama",,,7778330.0,1092329
Perfect Days,2023-11-10,"Master Mind, Wenders Images",,14000000.0,PG,Drama,,,24094016.0,976893
The Marvels,2023-11-10,"Marvel Studios, Kevin Feige Productions",,274800000.0,PG-13,"Science Fiction, Adventure, Action",,,206136825.0,609681
Tiger 3,2023-11-11,"Yash Raj Films, First Step Productions, Etalon-Film, FPS Productions, SK-Film",,36000000.0,NR,"Action, Adventure, Thriller",,,49000000.0,720557
Fallen Leaves,2023-11-17,"Sputnik, Bufo, Pandora Film",,1480000.0,NR,"Romance, Drama, Comedy",,,12400000.0,986280
May December,2023-11-17,"Gloria Sanchez Productions, Killer Films, MountainA, Taylor & Dodge, Project Infinity",,20000000.0,R,Drama,,,4232370.0,839369
Next Goal Wins,2023-11-17,"The Imaginarium, Searchlight Pictures, TSG Entertainment, Garrett Basch Productions, Defender Films, Archer's Mark",,14000000.0,PG-13,"Comedy, Drama",,,18062279.0,621587
Saltburn,2023-11-17,"LuckyChap Entertainment, MRC, Lie Still",,20000000.0,R,"Drama, Comedy, Thriller",,,21013738.0,930564
Thanksgiving,2023-11-17,"Electromagnetic Productions, Dragonfly Entertainment, Spyglass Media Group",,15000000.0,R,"Horror, Mystery",,,46553280.0,1071215
The Hunger Games: The Ballad of Songbirds & Snakes,2023-11-17,"Lionsgate, Color Force, about:blank, Studio Babelsberg",,100000000.0,PG-13,"Science Fiction, Action",,,337371917.0,695721
Trolls Band Together,2023-11-17,DreamWorks Animation,,95000000.0,PG,"Animation, Family, Music, Fantasy, Comedy, Adventure",,,210231405.0,901362
Maestro,2023-11-22,"Amblin Entertainment, Fred Berner Films, Sikelia Productions, Lea Pictures",,80000000.0,R,"Drama, Romance, Music",,,300000.0,523607
Napoleon,2023-11-22,"Apple Studios, Scott Free Productions",,165000000.0,R,"History, War, Drama",,,222435664.0,753342
Wish,2023-11-22,Walt Disney Animation Studios,,175000000.0,PG,"Animation, Family, Fantasy, Adventure",,,254997360.0,1022796
Deep Sea,2023-11-24,"October Media, Horgos Coloroom Pictures, Enlight Pictures",,28700000.0,PG-13,"Animation, Adventure, Drama, Fantasy, Mystery",,,136090000.0,667717
Animal,2023-12-01,"T-Series, Bhadrakali Pictures, ST Film",,13000000.0,R,"Action, Crime, Drama",,,108300000.0,781732
Eileen,2023-12-01,"Likely Story, Film4 Productions, Omniscient Films, Fifth Season",,16000000.0,R,"Thriller, Crime",,,1560142.0,664341
Godzilla Minus One,2023-12-01,"TOHO, TOHO Studios, Robot Communications",,15000000.0,PG-13,"Science Fiction, Horror, Action",,,113676322.0,940721
Renaissance: A Film by Beyoncé,2023-12-01,Parkwood Entertainment,,15000000.0,NR,"Music, Documentary",,,44029271.0,1185743
Sam Bahadur,2023-12-01,RSVP Movies,,6600000.0,NR,"Drama, History, War",,,15600000.0,814215
The Shift,2023-12-01,"Nook Lane Entertainment, Pinnacle Peak Pictures, Angel Studios",,6500000.0,PG-13,Science Fiction,,,12238643.0,1108658
Origin,2023-12-08,ARRAY Filmworks,,38000000.0,PG-13,"Drama, History",,,4474931.0,753336
Poor Things,2023-12-08,"Searchlight Pictures, Film4 Productions, TSG Entertainment, Element Pictures, Limp, Fruit Tree",,35000000.0,R,"Science Fiction, Romance, Comedy",,,117607117.0,792307
The Boy and the Heron,2023-12-08,Studio Ghibli,,50000000.0,PG-13,"Animation, Fantasy, Drama",,,294200000.0,508883
The Cello,2023-12-08,"Envision Media Arts, Alamiya, Rozam Media",,17000000.0,R,"Horror, Thriller, Mystery",,,5314.0,896250
The End We Start From,2023-12-08,"SunnyMarch, Hera Pictures, Anton, BBC Film, C2 Motion Picture Group, BFI",,10000000.0,R,"Drama, Mystery, Thriller",,,604830.0,973778
The Peasants,2023-12-08,"Breakthru Films, ArtShot, DigitalKraft, CANAL+ Polska, Narodowe Centrum Kultury, Mazowiecki Instytut Kultury, SKP Ślusarek Kubiak Pieczyk",,7475000.0,R,"Animation, History, Drama",,,10064347.0,734002
The Three Musketeers: D'Artagnan,2023-12-08,"Pathé, Chapter 2, M6 Films, Constantin Film, ZDF, uMedia, DeAPlaneta",,27500000.0,NR,"Adventure, Action, Drama, History",,,31843086.0,796185
The Taste of Things,2023-12-13,"Curiosa Films, France 2 Cinéma, uMedia, Gaumont",,6500000.0,PG-13,"Romance, Drama",,,5970753.0,964960
American Fiction,2023-12-15,"MRC, T-Street, 3 Arts Entertainment, Almost Infinite",,16000000.0,R,"Comedy, Drama",,,22483370.0,1056360
The Zone of Interest,2023-12-15,"JW Films, Extreme Emotions, Access Entertainment, A24, Film4 Productions",,15000000.0,PG-13,"Drama, History, War",,,52631884.0,467244
Wonka,2023-12-15,"Warner Bros. Pictures, Village Roadshow Pictures, The Roald Dahl Story Company, Heyday Films, Domain Entertainment",,125000000.0,PG,"Comedy, Family, Fantasy",,,634502312.0,787699
Salaar: Part 1 - Ceasefire,2023-12-21,Hombale Films,,34000000.0,NR,"Action, Crime, Drama",,,87229100.0,770906
All of Us Strangers,2023-12-22,"Film4 Productions, Blueprint Pictures, Searchlight Pictures, TSG Entertainment",,5000000.0,R,"Romance, Drama, Fantasy",,,14864960.0,994108
Anyone but You,2023-12-22,"Olive Bridge Entertainment, Roth-Kirschenbaum Films, SK Global Entertainment, Columbia Pictures",,25000000.0,R,"Romance, Comedy",,,214891370.0,1072790
Aquaman and the Lost Kingdom,2023-12-22,"Warner Bros. Pictures, The Safran Company, Atomic Monster, DC Films, Domain Entertainment",,205000000.0,PG-13,"Action, Adventure, Fantasy",,,440181226.0,572802
Freud's Last Session,2023-12-22,"WestEnd Films, CAA Media Finance, 14 Sunset, LB Entertainment, Last Session Productions, Traveling Picture Show Company, M.Y.R.A. Entertainment, Subotica, Fís Éireann/Screen Ireland",,10000000.0,PG-13,Drama,,,1697993.0,1025491
Migration,2023-12-22,"Universal Pictures, Illumination",,72000000.0,PG,"Family, Comedy, Adventure, Animation",,,298776052.0,940551
Society of the Snow,2023-12-22,"El Arriero Films, Misión de Audaces Films, Netflix",,65500000.0,R,"Drama, History",,,1281.0,906126
The Iron Claw,2023-12-22,"House Productions, BBC Film, A24, Access Entertainment",,15900000.0,R,"Drama, History",,,40130232.0,850165
Ferrari,2023-12-25,"STXfilms, Forward Pass, Storyteller Productions, Ketchup Entertainment, Esme Grace Media, Cecchi Gori USA, Red Sea Fund, Iervolino & Lady Bacardi Entertainment, Red Sea International Film Festival",,95000000.0,R,"History, Drama",,,39220516.0,365620
The Boys in the Boat,2023-12-25,"Smokehouse Pictures, Spyglass Media Group, Amazon MGM Studios",,40000000.0,PG-13,"Drama, History",,,54401583.0,823452
The Color Purple,2023-12-25,"Warner Bros. Pictures, Harpo Films, Amblin Entertainment, Scott Sanders Productions, Quincy Jones Productions, Domain Entertainment",,90000000.0,PG-13,Drama,,,68919191.0,558915
Mayhem!,2024-01-05,"France 2 Cinéma, Same Player, The Ink Connection, Two suns production, WTFilms, StudioCanal, Ciné+, SofiTVCiné 9, Canal+, France Télévisions, Indéfilms 11, Palatine Étoile 20, CNC, ANGOA",,4920000.0,R,"Action, Crime, Thriller",,,1500000.0,959092
Night Swim,2024-01-05,"Atomic Monster, Blumhouse Productions, Universal Pictures",,15000000.0,PG-13,Horror,,,54785387.0,1072342
The Bricklayer,2024-01-05,"Eclectic Pictures, Millennium Media",,23900000.0,R,"Action, Thriller",,,899683.0,927107
Mean Girls,2024-01-12,"Little Stranger, Broadway Video, Paramount Pictures",,36000000.0,PG-13,Comedy,,,104970953.0,673593
Soul,2024-01-12,Pixar,,150000000.0,PG,"Animation, Family, Drama, Music, Fantasy",,,121977511.0,508442
The Beekeeper,2024-01-12,"Miramax, Cedar Park Entertainment, Punch Palace Productions",,35000000.0,R,"Action, Crime, Thriller",,,162619535.0,866398
The Book of Clarence,2024-01-12,"Legendary Pictures, Kilburn Lane",,40000000.0,PG-13,"Adventure, Comedy, Drama",,,6205230.0,976584
I.S.S.,2024-01-19,LD Entertainment,,13800000.0,R,"Science Fiction, Thriller",,,6605079.0,790462
Main Atal Hoon,2024-01-19,"Bhanushali Studios, Legend Global Studio",,2400000.0,NR,Drama,,,1040000.0,1066714
Fighter,2024-01-25,"Marflix Pictures, Viacom18 Studios, Prime Focus Studios",,30000000.0,NR,"Action, Drama",,,40500000.0,784651
Miller's Girl,2024-01-26,"Point Grey Pictures, Lionsgate, Good Universe",,4000000.0,R,"Thriller, Drama, Romance",,,1430985.0,1026436
Argylle,2024-02-02,"Marv, Apple Studios, Cloudy Productions",,200000000.0,PG-13,"Action, Adventure, Comedy",,,96221061.0,848538
The Promised Land,2024-02-02,"Zentropa International Berlin, Zentropa International Sweden, Zentropa Entertainments",,8500000.0,NR,"Action, Drama, History",,,2246680.0,980026
Lisa Frankenstein,2024-02-09,"Focus Features, MXN Entertainment, Lollipop Woods",,13400000.0,PG-13,"Horror, Comedy, Romance",,,9927714.0,993784
Out of Darkness,2024-02-09,"Animal Kingdom, Escape Plan, Selkie Productions",,1500000.0,R,"Adventure, Horror, Thriller",,,1987281.0,823491
Turning Red,2024-02-09,Pixar,,175000000.0,PG,"Animation, Family, Comedy, Fantasy",,,21813358.0,508947
Bob Marley: One Love,2024-02-14,"Paramount Pictures, Tuff Gong Pictures, Plan B Entertainment",,70000000.0,PG-13,"Music, History, Drama",,,180828556.0,802219
Madame Web,2024-02-14,"Columbia Pictures, di Bonaventura Pictures",,80000000.0,PG-13,"Action, Fantasy",,,100498764.0,634492
Land of Bad,2024-02-16,"Broken Open Pictures, Volition Media Partners, Highland Film Group, Hoodlum Entertainment, R.U. Robot Studios, Moonbow, Gosdom Entertainment, Short Porch Pictures, The Avenue Entertainment",,18000000.0,R,"Action, War, Thriller",,,7021101.0,969492
Drive-Away Dolls,2024-02-23,"Focus Features, Working Title, Mike Zoss Productions",,8000000.0,R,"Comedy, Crime",,,7935363.0,957304
Ordinary Angels,2024-02-23,"Kingdom Story Company, Vertigo Entertainment, Stampede Ventures",,13000000.0,PG,Drama,,,20571534.0,974036
Dune: Part Two,2024-03-01,Legendary Pictures,,190000000.0,PG-13,"Science Fiction, Adventure",,,714844358.0,693134
Problemista,2024-03-01,"A24, Fruit Tree",,12000000.0,R,Comedy,,,2503154.0,852247
Accidental Texan,2024-03-08,Julie B. Denny Productions,,10000000.0,PG-13,"Comedy, Drama",,,141270.0,1109940
Cabrini,2024-03-08,"Santa Fe Films, Lupin Film, Lodigiano Film Development, 2521 Entertainment",,50000000.0,PG-13,"History, Drama",,,20592796.0,975056
Imaginary,2024-03-08,"Blumhouse Productions, Tower of Babble, Lionsgate",,10000000.0,PG-13,"Horror, Mystery",,,43778760.0,1125311
Kung Fu Panda 4,2024-03-08,DreamWorks Animation,,80000000.0,PG,"Animation, Comedy, Adventure, Action, Family",,,548040835.0,1011985
Love Lies Bleeding,2024-03-08,"Film4 Productions, Escape Plan, A24, Lobo Films",,10000000.0,R,"Crime, Romance, Thriller",,,12778225.0,948549
Yolo,2024-03-08,"Alibaba Pictures Group, Beijing Big Bowl Entertainment Culture Media, New Classics Media, Tencent Penguin Pictures, China Film Group Corporation",,100000000.0,PG-13,"Drama, Comedy, Action",,,433606094.0,1229349
Arthur the King,2024-03-15,"Entertainment One, Tucker Tooley Entertainment, Municipal Pictures, Atmosphere Entertainment MM",,19000000.0,PG-13,"Adventure, Drama",,,40829138.0,618588
Dogman,2024-03-15,"EuropaCorp, LBP, TF1 Films Production, Mediamax Films, Kinology",,21000000.0,R,"Action, Drama, Crime",,,4082217.0,944401
Snack Shack,2024-03-15,"T-Street, Paperclip, MRC",,3000000.0,R,"Comedy, Drama",,,455708.0,1037113
Ghostbusters: Frozen Empire,2024-03-22,"Ghost Corps, Columbia Pictures, TSG Entertainment",,100000000.0,PG-13,"Fantasy, Adventure, Comedy",,,201967521.0,967847
Immaculate,2024-03-22,"Black Bear Pictures, Fifty-Fifty Films, Middle Child Pictures",,9000000.0,R,"Horror, Mystery, Thriller",,,35340015.0,1041613
Godzilla x Kong: The New Empire,2024-03-29,Legendary Pictures,,150000000.0,PG-13,"Action, Adventure, Science Fiction",,,571750016.0,823464
Wicked Little Letters,2024-03-29,"Blueprint Pictures, South of the River Pictures, Film4 Productions, People Person Pictures, StudioCanal UK",,12600000.0,R,"Comedy, Drama, Mystery",,,27219729.0,975773
Coup de chance,2024-04-05,"Gravier Productions, Perdido Productions, Dippermouth, Petite Fleur Productions",,12000000.0,PG-13,"Romance, Drama",,,7837847.0,859235
Monkey Man,2024-04-05,"Thunder Road, Bron Studios, Monkeypaw Productions, Minor Realm, Creative Wealth Media Finance, S'YA Concept, WME Independent",,10000000.0,R,"Thriller, Crime, Action",,,35271631.0,560016
The Beast,2024-04-05,"Les films du Bélier, My New Picture, Sons of Manual, ARTE France Cinéma, AMI Paris, Jamal Zeinal Zade",,7500000.0,NR,"Science Fiction, Drama, Romance",,,760979.0,914206
The First Omen,2024-04-05,"Phantom Four, 20th Century Studios",,30000000.0,R,Horror,,,53992802.0,437342
"Food, Inc. 2",2024-04-09,"Participant, River Road Entertainment",,2000000.0,PG,Documentary,,,28161.0,1075971
Civil War,2024-04-12,"DNA Films, IPR.VC, A24",,50000000.0,R,"War, Action, Drama",,,126542249.0,929590
Abigail,2024-04-19,"Project X Entertainment, Radio Silence, Universal Pictures, Vinson Films",,28000000.0,R,"Horror, Thriller, Comedy",,,43015969.0,1111873
SPY x FAMILY CODE: White,2024-04-19,"WIT STUDIO, CloverWorks, TOHO, Shueisha, TV Tokyo, Shogakukan-Shueisha Productions",,5000000.0,PG-13,"Animation, Comedy, Adventure, Action",,,59629242.0,1062807
The Ministry of Ungentlemanly Warfare,2024-04-19,"Jerry Bruckheimer Films, Black Bear Pictures, Toff Guy Films",,60000000.0,R,"Action, Comedy, War",,,29768915.0,799583
Boy Kills World,2024-04-26,"Vertigo Entertainment, Hammerstone Studios, Nthibah Pictures, Capstone Global",,18000000.0,R,"Crime, Thriller, Action",,,3139717.0,882059
Challengers,2024-04-26,"Pascal Pictures, Why Are You Acting? Productions, Frenesy Film, Amazon MGM Studios",,55000000.0,R,"Drama, Romance",,,94182533.0,937287
Unsung Hero,2024-04-26,"for KING & COUNTRY, WTA Media, Curb Records, Radiate Films, Kingdom Story Company, Candy Rock Entertainment, A Walsh Works Production",,6000000.0,PG,"Drama, Music, Family",,,21220422.0,1115009
Dragonkeeper,2024-05-03,"Movistar Plus, China Film Animation, Guardián de Dragones AIE, Telefonica, China Film Administration, Atresmedia Cine",,25600000.0,PG,"Animation, Family, Action, Adventure, Fantasy",,,6206231.0,588648
I Saw the TV Glow,2024-05-03,"A24, Fruit Tree, Smudge Films, Hypnic Jerk",,10000000.0,PG-13,"Drama, Horror",,,5407916.0,858017
Mars Express,2024-05-03,"Gébéka Films, Je suis bien content, Les Productions de la Plume, Amopix, France 3 Cinéma, Everybody on Deck, ev.l prod, Shine Conseils",,7900000.0,NR,"Animation, Science Fiction, Thriller",,,1455713.0,586810
Tarot,2024-05-03,"Screen Gems, Alloy Entertainment, Ground Control Entertainment, Capstone Pictures, TSG Entertainment",,8000000.0,PG-13,Horror,,,49256239.0,719221
The Fall Guy,2024-05-03,"87North Productions, Entertainment 360, Universal Pictures",,125000000.0,PG-13,"Action, Comedy, Romance",,,181073291.0,746036
Kingdom of the Planet of the Apes,2024-05-10,"20th Century Studios, Oddball Entertainment, Jason T. Reed Productions, TSG Entertainment",,160000000.0,PG-13,"Science Fiction, Adventure, Action",,,397378150.0,653346
Poolman,2024-05-10,"AGC Studios, Barry Linen Motion Pictures, Brickell & Broadbridge International, CatchLight Studios, Shiny Penny Productions, Wicious Pictures",,10000000.0,R,"Mystery, Comedy",,,162270.0,834562
3 Days Max,2024-05-17,"Axel Films, StudioCanal",,20000000.0,PG-13,Comedy,,,15152854.0,967582
Babes,2024-05-17,"FilmNation Entertainment, Range Media Partners, Starrpix",,3700000.0,R,Comedy,,,3663309.0,999582
Back to Black,2024-05-17,"Monumental Pictures, StudioCanal UK",,30000000.0,R,"Music, History, Drama",,,51001975.0,998846
IF,2024-05-17,"Paramount Pictures, Sunday Night Productions, Maximum Effort",,110000000.0,PG,"Comedy, Fantasy, Family",,,190309707.0,639720
The Strangers: Chapter 1,2024-05-17,"Fifth Element Productions, Sherbone Media, Lipsync Productions, Stream Media, Lionsgate, Richmond Pictures, Hasbula Productions, Elipsis Capital",,8500000.0,R,"Horror, Thriller",,,48166448.0,1010600
Furiosa: A Mad Max Saga,2024-05-24,"Warner Bros. Pictures, Kennedy Miller Mitchell, Domain Entertainment",,168000000.0,R,"Action, Science Fiction, Adventure",,,174287546.0,786892
Hit Man,2024-05-24,"Aggregate Films, BarnStorm Productions, Detour Filmproduction, AGC Studios, Cinetic Media, Monarch Media, Shivhans Pictures",,8800000.0,R,"Comedy, Romance, Crime",,,5101673.0,974635
The Garfield Movie,2024-05-24,"Alcon Entertainment, DNEG, Wayfarer Studios, One Cool Group, Stage 6 Films, Andrews McMeel Entertainment, John Cohen Productions",,60000000.0,PG,"Adventure, Animation, Comedy, Family",,,254907482.0,748783
Ezra,2024-05-31,"Closer Media, Wayfarer Studios",,5000000.0,R,"Comedy, Drama",,,3046741.0,977262
HAIKYU!! The Dumpster Battle,2024-05-31,"Production I.G, TOHO, Shueisha, MBS, dentsu, Sony Music Entertainment (Japan), movic",,5000000.0,PG-13,"Animation, Comedy",,,100255784.0,1012201
Robot Dreams,2024-05-31,"Arcadia Motion Pictures, LokizFilms, Noodles Production, Les films du Worso",,5300000.0,NR,"Animation, Drama, Comedy, Science Fiction",,,4656348.0,838240
Summer Camp,2024-05-31,"Saks Picture Company, Project Infinity, Taylor & Dodge",,10000000.0,PG-13,Comedy,,,2402245.0,1094009
Young Woman and the Sea,2024-05-31,"Walt Disney Pictures, Jerry Bruckheimer Films",,40000000.0,PG,"History, Drama",,,581725.0,774531
Bad Boys: Ride or Die,2024-06-07,"Westbrook, Columbia Pictures, Don Simpson/Jerry Bruckheimer Films, 2.0 Entertainment",,100000000.0,R,"Action, Comedy, Crime",,,404547819.0,573435
I Used to Be Funny,2024-06-07,"Barn 12, Crave",,2000000.0,NR,"Drama, Comedy",,,160499.0,918287
The Watchers,2024-06-07,"Blinding Edge Pictures, Inimitable Pictures, Fís Éireann/Screen Ireland",,30000000.0,PG-13,"Fantasy, Horror, Mystery",,,51147812.0,1086747
Inside Out 2,2024-06-14,Pixar,,200000000.0,PG,"Animation, Adventure, Comedy, Family",,,1698863816.0,1022789
Treasure,2024-06-14,"Seven Elephants, Good Thing Going, Haïku Films, FilmNation Entertainment, Lava Films, Alamode Filmproduktion, Magic Media, Kings & Queens Filmproduktion, ARTE, Creative Europe Media, Haut et Court",,2000000.0,R,"Drama, Comedy",,,583631.0,1220515
Rite Here Rite Now,2024-06-20,"Trafalgar Releasing, Fortress Entertainment Group, Popecorn Cinematic Pictures, Loma Vista Productions",,1500000.0,NR,"Music, Documentary",,,4772954.0,1203397
Kinds of Kindness,2024-06-21,"Searchlight Pictures, Film4 Productions, TSG Entertainment, Element Pictures, Limp",,15000000.0,R,"Comedy, Drama",,,16398509.0,1029955
The Bikeriders,2024-06-21,"Tri-State Pictures, New Regency Pictures, Regency Enterprises",,40000000.0,R,"Crime, Drama",,,36110860.0,1008409
The Exorcism,2024-06-21,"Miramax, Outerbanks Entertainment",,22000000.0,R,"Horror, Thriller",,,12610418.0,646683
Thelma,2024-06-21,"Zurich Avenue, Invention Studios, Bandwagon",,5000000.0,PG-13,"Action, Adventure, Comedy",,,12537071.0,1051891
Kalki 2898-AD,2024-06-26,"Vyjayanthi Movies, Annapurna Studios",,75000000.0,PG-13,"Drama, Action, Fantasy, Science Fiction",,,141000000.0,801688
A Quiet Place: Day One,2024-06-28,"Paramount Pictures, Platinum Dunes, Sunday Night Productions",,67000000.0,PG-13,"Horror, Science Fiction, Thriller",,,261907653.0,762441
Horizon: An American Saga - Chapter 1,2024-06-28,Territory Pictures,,50000000.0,R,"Western, Drama",,,38735702.0,932086
Despicable Me 4,2024-07-03,"Universal Pictures, Illumination",,100000000.0,PG,"Animation, Comedy, Action, Science Fiction, Family",,,972021410.0,519182
KILL,2024-07-04,"Sikhya Entertainment, Dharma Productions",,4800000.0,R,"Action, Crime, Thriller",,,5600000.0,1160018
Sound of Hope: The Story of Possum Trot,2024-07-04,"Peacetree Productions, 3.16 Productions, The Daily Wire",,8500000.0,PG-13,Drama,,,11723502.0,1242526
MaXXXine,2024-07-05,"A24, Motel Mojave, Access Entertainment",,10000000.0,R,Horror,,,22057160.0,1023922
Fly Me to the Moon,2024-07-12,"These Pictures, Berlanti Productions, Apple Studios",,100000000.0,PG-13,"Romance, Comedy",,,42260534.0,956842
Longlegs,2024-07-12,"C2 Motion Picture Group, Saturn Films, Oddfellows Entertainment, Traffic., Range Media Partners",,10000000.0,R,"Crime, Horror, Mystery",,,127961936.0,1226578
Sing Sing,2024-07-12,"Black Bear Pictures, Edith Productions, Marfa Peach Company",,2000000.0,R,Drama,,,3401789.0,1155828
Twisters,2024-07-19,"Universal Pictures, Warner Bros. Pictures, Amblin Entertainment, Domain Entertainment",,155000000.0,PG-13,"Action, Thriller",,,372262265.0,718821
Deadpool & Wolverine,2024-07-26,"Marvel Studios, Maximum Effort, 21 Laps Entertainment, 20th Century Studios, Kevin Feige Productions, TSG Entertainment",,200000000.0,R,"Action, Comedy, Science Fiction",,,1338073645.0,533535
Cuckoo,2024-08-02,"Waypoint Entertainment, Fiction Park, 100 Zeros, Sierra/Affinity, NEON",,7000000.0,R,"Horror, Mystery, Thriller",,,6680396.0,869291
Harold and the Purple Crayon,2024-08-02,"Davis Entertainment, Columbia Pictures, TSG Entertainment",,40000000.0,PG,"Family, Comedy, Adventure, Fantasy",,,32227855.0,826510
Trap,2024-08-02,Blinding Edge Pictures,,30000000.0,PG-13,"Crime, Horror, Thriller, Music",,,83677281.0,1032823
Borderlands,2024-08-09,"Lionsgate, Arad Productions, Picturestart, Gearbox Studios, 2K, Hercules Film Fund",,115000000.0,PG-13,"Action, Science Fiction, Comedy",,,33017367.0,365177
It Ends with Us,2024-08-09,"Columbia Pictures, Wayfarer Studios, Saks Picture Company",,55000000.0,PG-13,"Drama, Romance",,,351441044.0,1079091
Alien: Romulus,2024-08-16,"20th Century Studios, Scott Free Productions, Brandywine Productions, TSG Entertainment",,80000000.0,R,"Horror, Science Fiction",,,350865342.0,945961
Ryan's World the Movie: Titan Universe Adventure,2024-08-16,"Sunlight Entertainment, pocket.watch, Shin-Ei Animation, Falling Forward Films, SynergySP, The Answerstudio",,10000000.0,PG,"Family, Animation, Comedy, Fantasy, Action",,,624492.0,1209058
Blink Twice,2024-08-23,"Free Association, This Is Important, Bold Choices, Amazon MGM Studios",,20000000.0,R,"Mystery, Thriller, Horror",,,46393906.0,840705
Strange Darling,2024-08-23,"Miramax, Spooky Pictures, Electric Lady Studios, Magenta Light Studios",,4000000.0,R,"Crime, Thriller, Horror",,,4853595.0,1029281
The Crow,2024-08-23,"Davis Films, Pressman Film, Hassell Free Productions, Electric Shadow Company, 30WEST, Ashland Hill Media Finance, FilmNation Entertainment, Maze Pictures, Occupant Entertainment",,50000000.0,R,"Action, Fantasy, Horror",,,24109036.0,957452
The Forge,2024-08-23,"Affirm Films, Kendrick Brothers, Provident Films",,5000000.0,PG,"Drama, Family",,,40392664.0,1186532
1992,2024-08-30,"Trident Films, Death Row Pictures, Sumatra Films, Lionsgate, Kodiak Pictures, Voltron Pictures",,6500000.0,R,"Crime, Thriller, Action",,,2900000.0,413846
Afraid,2024-08-30,"Blumhouse Productions, Depth of Field, TSG Entertainment, Columbia Pictures",,12000000.0,PG-13,"Horror, Science Fiction, Thriller",,,12977758.0,1062215
Reagan,2024-08-30,"Rawhide Pictures, MJM Entertainment Group, Makeshift Productions, Toy Gun Films, American Troubadours, Alluwee Productions",,25000000.0,PG-13,"History, Drama",,,30107173.0,647245
Beetlejuice Beetlejuice,2024-09-06,"Warner Bros. Pictures, Geffen Pictures, Plan B Entertainment, Tim Burton Productions, Tommy Harper Productions, Domain Entertainment",,99000000.0,PG-13,"Comedy, Fantasy",,,452000435.0,917496
The Front Room,2024-09-06,"A24, 2AM, Two & Two Pictures",,3500000.0,R,Horror,,,3165361.0,1016848
Am I Racist?,2024-09-13,"The Daily Wire, Digital Astronaut",,3000000.0,PG-13,"Comedy, Documentary",,,12311598.0,1320637
My Old Ass,2024-09-13,"Indian Paintbrush, LuckyChap Entertainment",,3000000.0,R,"Drama, Comedy",,,5705895.0,947891
Speak No Evil,2024-09-13,Blumhouse Productions,,15000000.0,R,"Horror, Thriller",,,77239314.0,1114513
The 4:30 Movie,2024-09-13,"Destro Films, SModcast Pictures, TPC, View Askew Productions, Saban Films",,3000000.0,R,"Comedy, Romance",,,2385.0,1146556
The Killer's Game,2024-09-13,"Dogbone Entertainment, Mad Chance, Endurance Media, K. JAM Media, TKG Productions, The Feature Film One, Lionsgate, Lipsync Productions",,30000000.0,R,"Action, Comedy, Thriller",,,5928351.0,507241
Never Let Go,2024-09-20,"21 Laps Entertainment, Media Capital Technologies, HalleHolly",,20000000.0,R,Horror,,,21760713.0,814889
The Substance,2024-09-20,"Working Title, Blacksmith, Working Title Films",,17500000.0,R,"Horror, Science Fiction",,,77316812.0,933260
Transformers One,2024-09-20,"Paramount Animation, di Bonaventura Pictures, DeSanto/Murphy Productions, Bay Films, New Republic Pictures, Hasbro Entertainment",,75000000.0,PG,"Animation, Science Fiction, Adventure, Family",,,129408392.0,698687
Devara: Part 1,2024-09-26,"N. T. R. Arts, Yuvasudha Arts",,31764000.0,PG-13,"Action, Drama",,,54216867.0,811941
Azrael,2024-09-27,"C2 Motion Picture Group, Traffic.",,12000000.0,R,"Action, Horror, Thriller",,,631272.0,1029235
Megalopolis,2024-09-27,"American Zoetrope, Caesar Film",,120000000.0,R,"Science Fiction, Drama, Fantasy",,,14387154.0,592831
Saturday Night,2024-09-27,"Columbia Pictures, Right of Way Films, TSG Entertainment",,25000000.0,R,"Comedy, Drama",,,10055029.0,1120911
The Wild Robot,2024-09-27,DreamWorks Animation,,78000000.0,PG,"Family, Animation, Science Fiction, Adventure",,,331982078.0,1184918
Joker: Folie à Deux,2024-10-04,"Warner Bros. Pictures, Joint Effort, Domain Entertainment",,190000000.0,R,"Drama, Crime, Thriller",,,207500287.0,889737
White Bird,2024-10-04,"Participant, Mandeville Films, 2DUX², Kingdom Story Company, Lionsgate, Media Capital Technologies",,20000000.0,PG-13,"Drama, War",,,8799528.0,779816
Piece by Piece,2024-10-11,"i am OTHER, Tremolo Productions, Pure Imagination Studios, Tongal, The LEGO Group",,16000000.0,PG,"Animation, Music, Documentary",,,10722792.0,1236419
Terrifier 3,2024-10-11,"Dark Age Cinema, Fuzz on the Lens Productions, The Coven",,2000000.0,NR,Horror,,,90322103.0,1034541
The Apprentice,2024-10-11,"Gidden Media, Head Gear Films, Metrol Technology, Scythia Films, Profile Pictures, Tailored Films, Film Institute, Film i Väst, Fís Éireann/Screen Ireland, RocketScience, LB Entertainment, AC Films, Rich Spirit, Wild 7 Films, Red Apple Productions, ScreenReleases",,16000000.0,R,"History, Drama, Comedy",,,17271613.0,1182047
We Live in Time,2024-10-11,"Film4 Productions, SunnyMarch, Shoebox Films, StudioCanal UK",,20000000.0,R,"Romance, Drama",,,37182814.0,1100099
Savages,2024-10-16,"Nadasdy Film, Haut et Court, Panique!, Hélium Films, Beast Animation, France 3 Cinéma, Proximus, VOO & Be tv, RTBF, SRG SSR, RTS, Shelter Prod, Gébéka Films, Anton",,12300000.0,PG,"Animation, Adventure, Family, Drama",,,814204.0,589018
Wicked,2024-10-16,"Universal Pictures, Marc Platt Productions",,150000000.0,PG,"Drama, Romance, Fantasy",,,763963597.0,402431
Anora,2024-10-18,"Cre Film, FilmNation Entertainment",,6000000.0,R,"Drama, Comedy, Romance",,,56286295.0,1064213
Goodrich,2024-10-18,"C2 Motion Picture Group, Stay Gold Features, RainMaker Films, CaliWood Pictures, Gramercy Park Media",,5000000.0,R,"Comedy, Drama",,,1559772.0,1088096
Smile 2,2024-10-18,"Paramount Pictures, Temple Hill Entertainment, Bad Feeling",,28000000.0,R,"Horror, Mystery",,,138128854.0,1100782
Conclave,2024-10-25,"FilmNation Entertainment, House Productions, Indian Paintbrush",,20000000.0,PG,"Drama, Thriller",,,115657988.0,974576
Memoir of a Snail,2024-10-25,"Arenamedia, MIFF Premiere Fund",,4350000.0,R,"Animation, Comedy, Drama",,,7.0,1064486
Venom: The Last Dance,2024-10-25,"Columbia Pictures, Pascal Pictures, Matt Tolmach Productions, Hutch Parker Entertainment, Arad Productions",,120000000.0,PG-13,"Science Fiction, Action, Adventure",,,478937618.0,912649
A Real Pain,2024-11-01,"Fruit Tree, Topic Studios, Extreme Emotions, Rego Park, Mazowiecki Instytut Kultury",,3000000.0,R,"Comedy, Drama",,,24856027.0,1013850
Absolution,2024-11-01,"Electromagnetic Productions, Sculptor Media, North.Five.Six.",,30000000.0,R,"Action, Crime, Thriller, Mystery",,,3854594.0,974453
Bhool Bhulaiyaa 3,2024-11-01,"T-Series, Cine1 Studios",,17600000.0,NR,"Horror, Comedy",,,45700000.0,980599
Emilia Pérez,2024-11-01,"Why Not Productions, Pathé, France 2 Cinéma, Page 114, Saint Laurent Productions, Saint Laurent, Library Pictures International, Logical Content Ventures, Les Films du Fleuve, The Veterans, Vixens, Casa Kafka Pictures, Pimienta Films",,26000000.0,R,"Drama, Thriller",,,16317120.0,974950
Here,2024-11-01,"Miramax, ImageMovers",,40000000.0,PG-13,Drama,,,15397270.0,940139
Hitpig!,2024-11-01,"Cinesite Animation, Aniventure, Rosebud Enterprises (GB), GFM Animation",,45000000.0,PG,"Animation, Comedy, Adventure, Family",,,2345398.0,756397
Juror #2,2024-11-01,"Warner Bros. Pictures, Malpaso Productions, Dichotomy Films",,30000000.0,PG-13,"Drama, Thriller",,,21418477.0,1106739
Elevation,2024-11-08,"Lyrical Media, Grinder Monkey, John Glenn Entertainment, Story Ink",,18000000.0,R,"Action, Science Fiction, Thriller",,,3300000.0,1035048
Heretic,2024-11-08,"A24, Beck/Woods, Shiny Penny Productions, CatchLight Studios",,10000000.0,R,"Thriller, Horror",,,51913394.0,1138194
Small Things Like These,2024-11-08,"Artists Equity, Big Things Films, Wilder Content, Fís Éireann/Screen Ireland",,3000000.0,PG-13,Drama,,,12534032.0,1102493
The Best Christmas Pageant Ever,2024-11-08,"Kingdom Story Company, FletChet Entertainment, Lionsgate, Lumenas Studios, Media Capital Technologies",,10000000.0,PG,"Comedy, Drama, Family",,,40262167.0,1206617
Weekend in Taipei,2024-11-08,"EuropaCorp, Kinology, Rabbits Black",,30000000.0,R,"Action, Adventure, Thriller",,,2826064.0,1167271
Red One,2024-11-15,"Seven Bucks Productions, The Detective Agency, Chris Morgan Productions, Amazon MGM Studios",,250000000.0,PG-13,"Action, Adventure, Comedy, Fantasy",,,185700759.0,845781
Bonhoeffer: Pastor. Spy. Assassin,2024-11-20,"Crow's Nest Productions, Fontana",,25000000.0,PG-13,"History, Drama, War",,,12165702.0,1079244
I'm Still Here,2024-11-20,"VideoFilmes, MACT Productions, RT Features, ARTE France Cinéma, Conspiração Filmes, Globoplay",,8000000.0,PG-13,"Drama, History",,,36361572.0,1000837
Flow,2024-11-22,"Dream Well Studio, Sacrebleu Productions, Take Five, ARTE France Cinéma, RTBF",,3700000.0,PG,"Adventure, Animation, Family, Fantasy",,,17660107.0,823219
Gladiator II,2024-11-22,"Paramount Pictures, Scott Free Productions, Lucy Fisher/Douglas Wick Productions",,310000000.0,R,"Action, Adventure, Drama",,,462180717.0,558449
Moana 2,2024-11-27,"Walt Disney Animation Studios, Walt Disney Animation Studios",,150000000.0,PG,"Adventure, Animation, Comedy, Family, Fantasy",,,1059242164.0,1241982
Queer,2024-11-27,"Fremantle, The Apartment Pictures, Frenesy Film",,53400000.0,R,"Drama, Romance",,,5450715.0,1059128
The Seed of the Sacred Fig,2024-11-27,"Parallel 45, Run Way Pictures, ARTE France Cinéma",,3000000.0,PG-13,"Drama, Thriller, Crime",,,6501810.0,1278263
Pushpa 2 - The Rule,2024-12-05,"Mythri Movie Makers, Sukumar Writings, CineSpare",,52900000.0,NR,"Action, Drama, Thriller, Crime",,,219000000.0,857598
Nightbitch,2024-12-06,"Annapurna Pictures, Bond Group Entertainment, Defiant By Nature, Archer Gray",,20000000.0,R,"Comedy, Horror",,,170737.0,728949
The Order,2024-12-06,"Riff Raff Entertainment, Chasing Epic Pictures, AGC Studios",,20000000.0,R,"Crime, Drama, Thriller",,,1970445.0,1082195
The Return,2024-12-06,"Picomedia, RAI Cinema, Redwave Films, Heretic, Kabo Films, Marvelous Productions, Ithaca Films, Greek Film Centre, ERT, UK Global Screen Fund, MiC, CNC",,20000000.0,R,"History, Drama, Adventure",,,3300444.0,975511
Y2K,2024-12-06,"A24, Strong Baby Productions, American Light & Fixture",,15000000.0,R,"Science Fiction, Horror, Comedy",,,4481473.0,1094274
Kraven the Hunter,2024-12-13,"Columbia Pictures, Matt Tolmach Productions, Arad Productions, TSG Entertainment II",,130000000.0,R,"Action, Adventure, Thriller",,,62076533.0,539972
Nickel Boys,2024-12-13,"Plan B Entertainment, Louverture Films, Anonymous Content, Orion Pictures",,23200000.0,PG-13,"Drama, History",,,3016380.0,1028196
The Last Showgirl,2024-12-13,"Utopia, Pinky Promise, Digital Ignition Entertainment, High Frequency Entertainment",,2000000.0,R,Drama,,,6380079.0,1235499
The Lord of the Rings: The War of the Rohirrim,2024-12-13,"New Line Cinema, Warner Bros. Animation, Sola Entertainment, Middle-earth Enterprises, WingNut Films, Domain Entertainment",,30000000.0,PG-13,"Animation, Fantasy, Adventure, Action",,,20658572.0,839033
Homestead,2024-12-20,"Angel Studios, Black Autumn Show, Skies Fall Media Group, Radiate Films, 2521 Entertainment",,5000000.0,PG-13,Drama,,,20811864.0,1217690
Marco,2024-12-20,Cubes Entertainments,,3467000.0,R,"Action, Crime, Thriller",,,11559000.0,1186350
Mufasa: The Lion King,2024-12-20,Walt Disney Pictures,,200000000.0,PG,"Adventure, Family, Animation",,,722631756.0,762509
Sonic the Hedgehog 3,2024-12-20,"Paramount Pictures, Original Film, Marza Animation Planet, SEGA, Blur Studio, SEGA of America",,122000000.0,PG,"Action, Science Fiction, Comedy, Family",,,492162604.0,939243
The Brutalist,2024-12-20,"Brookstreet Pictures, Kaplan Morrison, Intake Films, Andrew Lauren Productions, Lipsync Productions, Richmond Pictures, Meyohas Studio, Carte Blanche, PCE Films",,9600000.0,R,Drama,,,50145227.0,549509
The Count of Monte Cristo,2024-12-20,"Chapter 2, Pathé, M6 Films, Fargo Films, Logical Content Ventures, uMedia, uFund",,46000000.0,NR,"Adventure, Action, Drama",,,75360860.0,1084736
The Room Next Door,2024-12-20,El Deseo,,15000000.0,PG-13,Drama,,,21519488.0,1088514
A Complete Unknown,2024-12-25,"Veritas Entertainment Group, Range Media Partners, The Picture Company, Turnpike Films, White Water, Searchlight Pictures, TSG Entertainment",,65000000.0,R,"Drama, Music",,,140508652.0,661539
Babygirl,2024-12-25,"A24, 2AM, Man Up Film",,20000000.0,R,"Romance, Thriller",,,60934894.0,1097549
Better Man,2024-12-25,"RocketScience, Facing East Entertainment, Sina Studios, Lost Bandits, Footloose Productions, VicScreen, RPW Productions, Azure Centrum, Partizan Films, Mid March Media",,110000000.0,R,"Music, Drama",,,22549151.0,799766
Nosferatu,2024-12-25,"Focus Features, Studio 8, Maiden Voyage Pictures, Birch Hill Road Entertainment",,50000000.0,R,"Horror, Fantasy",,,181805645.0,426063
The Fire Inside,2024-12-25,Amazon MGM Studios,,12000000.0,PG-13,"Drama, History",,,8104331.0,610219
Vermiglio,2024-12-25,"Cinedora, Charades, RAI Cinema, Versus Production, VOO, BeTV, Orange, Proximus, RTBF, SG Image 2022",,4600000.0,NR,Drama,,,4380000.0,1151244
Santosh,2024-12-27,"Good Chaos, Suitable Pictures, Razor Film Produktion, Haut et Court, BBC Film, ZDF/Arte",,2500000.0,R,"Thriller, Crime, Drama",,,1097812.0,1233208
Den of Thieves 2: Pantera,2025-01-10,"Diamond Film Productions, G-BASE, Tucker Tooley Entertainment, Lionsgate, Entertainment One Features",,40000000.0,R,"Action, Crime, Thriller",,,58371508.0,604685
Game Changer,2025-01-10,Sri Venkateswara Creations,,47000000.0,NR,"Action, Drama",,,21915000.0,811944
Putin,2025-01-10,"Horizon Events, AIO",,15000000.0,R,"Thriller, Crime, Fantasy",,,428925.0,1255795
The Prosecutor,2025-01-10,"Mandarin Motion Pictures, Super Bullet Pictures 超级子弹影业, 最高人民检察院影视中心, Maoyan Entertainment, Shanghai Maoyan Film 上海猫眼影业, Huace Film 华策电影, Huace Media",,38500000.0,NR,"Action, Drama, Crime, Thriller",,,128093757.0,1128650
One of Them Days,2025-01-17,"TriStar Pictures, HOORAE, MACRO, ColorCreative, TSG Entertainment",,14000000.0,R,Comedy,,,51896264.0,1280672
Wolf Man,2025-01-17,"Universal Pictures, Cloak & Co., Blumhouse Productions",,25000000.0,R,"Horror, Thriller",,,36806021.0,710295
Flight Risk,2025-01-24,"Davis Entertainment, Icon Productions, Hammerstone Studios, Lionsgate, Media Capital Technologies, Blue Rider Pictures",,25000000.0,R,"Action, Thriller",,,48703174.0,1126166
Presence,2025-01-24,"Extension 765, The Spectral Spirit Company",,2000000.0,R,"Horror, Thriller, Drama",,,11069405.0,1140535
Creation of the Gods II: Demon Force,2025-01-29,"上海摩天之眼文化传媒有限公司, Beijing Culture 北京京西文化, Century Changshengtian Film, Alibaba Pictures Group, Huaxia Film Distribution, 东阳浦天影视文化有限公司",,120000000.0,NR,"Action, Fantasy, War",,,172619925.0,1155281
Companion,2025-01-31,"BoulderLight Pictures, New Line Cinema, Vertigo Entertainment, Subconscious, Domain Entertainment",,10000000.0,R,"Horror, Science Fiction, Thriller",,,36869122.0,1084199
Dog Man,2025-01-31,DreamWorks Animation,,40000000.0,PG,"Family, Comedy, Adventure, Animation, Action",,,145603415.0,774370
Love Me,2025-01-31,"AgX, 2AM, Shivhans Pictures",,2500000.0,R,"Romance, Drama, Science Fiction",,,215586.0,881415
Valiant One,2025-01-31,"Monarch Media, Goldmann Pictures, Brightlight Pictures",,10000000.0,R,"War, Thriller, Action",,,1236630.0,1009640
Heart Eyes,2025-02-07,"Spyglass Media Group, Divide / Conquer, Screen Gems, Prime Link Media PLM",,18000000.0,R,"Horror, Romance, Comedy",,,33129099.0,1302916
Love Hurts,2025-02-07,"87North Productions, Universal Pictures",,18000000.0,R,"Action, Comedy, Romance",,,17669913.0,1226406
Parthenope,2025-02-07,"The Apartment Pictures, Pathé, Numero10, Saint Laurent Productions, PiperFilm, Logical Content Ventures, Saint Laurent",,32000000.0,R,Drama,,,10361110.0,1109255
Ne Zha 2,2025-02-12,"Chengdu Coco Cartoon, Beijing Enlight Pictures, Beijing Enlight Media, Chengdu Zizai Jingjie Culture Media, Beijing Coloroom Technology",,80000000.0,NR,"Animation, Action, Fantasy, Adventure",,,2270700370.0,980477
Captain America: Brave New World,2025-02-14,"Marvel Studios, Kevin Feige Productions",,180000000.0,PG-13,"Action, Thriller, Science Fiction",,,415101577.0,822119
Paddington in Peru,2025-02-14,"Marmalade Pictures, StudioCanal",,90000000.0,PG,"Adventure, Comedy, Family",,,211000000.0,516729
The Monkey,2025-02-21,"Atomic Monster, C2 Motion Picture Group, Range Media Partners, Oddfellows Entertainment, The Safran Company, Stars Collective, NEON",,10000000.0,R,"Horror, Comedy",,,68871071.0,1124620
The Unbreakable Boy,2025-02-21,"Kingdom Story Company, Lionsgate, Wonder Project",,6000000.0,PG,"Family, Drama",,,7511126.0,765897
Last Breath,2025-02-28,"Dark Castle Entertainment, MetFilm Production, Longshot Films, Floating Harbour, FilmNation Entertainment, Thing 44, Aperture Media Partners",,23800000.0,PG-13,"Thriller, Drama",,,24823454.0,972533
In the Lost Lands,2025-03-07,"Constantin Film, Spark Productions",,55000000.0,R,"Action, Fantasy, Western, Adventure, Horror",,,4755330.0,324544
Mickey 17,2025-03-07,"Plan B Entertainment, Offscreen, Kate Street Picture Company, Domain Entertainment, Warner Bros. Pictures",,118000000.0,R,"Science Fiction, Comedy, Adventure",,,133542263.0,696506
Night of the Zoopocalypse,2025-03-07,"Copperheart Entertainment, Charades, uMedia, IDL Films, Apollo Films, House of Cool Studios, Mac Guff Ligne, L'Atelier Animation",,12000000.0,PG,"Animation, Comedy, Horror, Adventure, Science Fiction, Family",,,8860435.0,1205229
Rule Breakers,2025-03-07,"Slingshot Productions, Shape Pictures, Parallax Productions, Black Autumn Show",,15000000.0,PG,Drama,,,2972865.0,1379520
There's Still Tomorrow,2025-03-07,"Wildside, Vision Distribution",,9000000.0,NR,"Drama, Comedy, History",,,50121593.0,1026227
Black Bag,2025-03-14,Casey Silver Productions,,50000000.0,R,"Drama, Mystery, Thriller",,,43887905.0,1233575
Novocaine,2025-03-14,"Safehouse Pictures, Paramount Pictures, Infrared Pictures, Domain Entertainment, Circle Management + Production",,18000000.0,R,"Action, Comedy, Thriller",,,34536061.0,1195506
Opus,2025-03-14,"A24, Makeready, MACRO",,10000000.0,R,"Horror, Mystery, Thriller",,,2183539.0,1202479
The Day the Earth Blew Up: A Looney Tunes Movie,2025-03-14,Warner Bros. Animation,,15000000.0,PG,"Family, Comedy, Adventure, Animation, Science Fiction",,,15076954.0,870360
The Last Supper,2025-03-14,"Pinnacle Peak Pictures, Canyon Productions, Grand Canyon University, Great American Pure Flix, Wellspring Entertainment, Skyrun Pictures",,8000000.0,PG-13,Drama,,,6254291.0,1380415
Locked,2025-03-21,"North.Five.Six., ZQ Entertainment, R.U. Robot Studios, Arcana Studio, Sillen Productions, BondIt Media Capital, Exemplary Films, Magic Button Films, Longevity Pictures, Blue Rider Pictures, Raimi Productions, The Avenue Entertainment, A-A Productions",,20000000.0,R,"Horror, Thriller",,,4647059.0,1083968
Snow White,2025-03-21,"Walt Disney Pictures, Marc Platt Productions",,271600000.0,PG,"Family, Fantasy",,,205679463.0,447273
The Alto Knights,2025-03-21,"Winkler Films, Domain Entertainment",,45000000.0,R,"Crime, Drama, History",,,10225566.0,1013601
The Assessment,2025-03-21,"Augenschein Filmproduktion, Number 9 Films, Project Infinity, Shivhans Pictures, Woolley/Karlsen Productions, Tiki Tāne Pictures",,8000000.0,R,"Science Fiction, Drama, Thriller",,,279328.0,1317088
L2: Empuraan,2025-03-27,"Aashirvad Cinemas, Lyca Productions, Sree Gokulam Movies",,21035003.0,NR,"Action, Crime, Thriller",,,30823000.0,627336
The Chosen: Last Supper,2025-03-27,5&2 Studios,,48000000.0,NR,"Drama, History, Adventure",,,24990137.0,1380405
A Working Man,2025-03-28,"Cedar Park Entertainment, BlockFilm, Punch Palace Productions, Balboa Productions, Black Bear Pictures, Fifth Season, CAT5",,40000000.0,R,"Action, Crime, Thriller",,,89400711.0,1197306
Death of a Unicorn,2025-03-28,"A24, Square Peg, Secret Engine, Ley Line Entertainment, Monoceros Media",,15000000.0,R,"Horror, Fantasy, Comedy",,,16423085.0,1153714
The Woman in the Yard,2025-03-28,"Blumhouse Productions, Homegrown Pictures, Universal Pictures",,12000000.0,PG-13,"Horror, Mystery",,,23311502.0,1244944
Screamboat,2025-04-02,"Sleight of Hand Productions, Fuzz on the Lens Productions, Deskpop Entertainment, Kali Pictures, Reckless Content",,2000000.0,NR,"Horror, Comedy",,,393011.0,1225572
A Minecraft Movie,2025-04-04,"Warner Bros. Pictures, Legendary Pictures, Mojang Studios, Vertigo Entertainment, On the Roam, Domain Entertainment",,150000000.0,PG,"Family, Fantasy, Comedy, Adventure",,,960387780.0,950387
Hell of a Summer,2025-04-04,"30WEST, Aggregate Films, Kid Brother Productions",,3000000.0,R,"Horror, Comedy, Mystery",,,3182680.0,999243
Good Bad Ugly,2025-04-09,"Mythri Movie Makers, T-Series",,30500000.0,NR,"Action, Crime, Comedy",,,27000000.0,1259024
Drop,2025-04-11,"Blumhouse Productions, Platinum Dunes, Universal Pictures",,11000000.0,PG-13,"Mystery, Thriller",,,28748727.0,1249213
The Amateur,2025-04-11,"20th Century Studios, Hutch Parker Entertainment, Joel B. Michaels Productions, TSG Entertainment",,60000000.0,PG-13,"Thriller, Action",,,96000836.0,1087891
The King of Kings,2025-04-11,"MOFAC, GIANTSTEP, Blue Harbor Entertainment, Angel Studios, 2521 Entertainment",,25200000.0,PG,"Adventure, Animation, Family, Fantasy",,,83612781.0,1181107
Warfare,2025-04-11,"DNA Films, A24",,20000000.0,R,"War, Action",,,34902602.0,1241436
Sinners,2025-04-18,"Warner Bros. Pictures, Proximity Media, Domain Entertainment",,100000000.0,R,"Horror, Action, Thriller",,,371368759.0,1233413
Sneaks,2025-04-18,"Cinema Gypsy Productions, RTG Features, Modern Toons, Waffle Iron Entertainment, Lengi Studios, RB Venture Partners, Assemblage Entertainment, Ashland Hill Media Finance, Rabbits Black",,30000000.0,PG,"Family, Comedy, Adventure, Animation",,,876150.0,1084153
The Legend of Ochi,2025-04-18,"A24, Encyclopedia Pictura, Neighborhood Watch, Year of the Rat, AGBO, Access Entertainment, IPR.VC",,10000000.0,PG,"Family, Fantasy, Adventure",,,4872389.0,896536
The Shrouds,2025-04-18,"SBS Productions, Prospero Pictures, Saint Laurent Productions, Gravetech Productions",,15000000.0,R,"Science Fiction, Drama, Horror",,,1515905.0,970947
The Ugly Stepsister,2025-04-18,"Mer Film, Lava Films, MOTOR, Scanbox Production, Zentropa International Sweden, Mediefondet Zefyr, Film i Väst",,4250000.0,NR,"Horror, Comedy, Drama",,,5325096.0,1284120
The Wedding Banquet,2025-04-18,"Symbolic Exchange, Kindred Spirit, Shivhans Pictures, Bleecker Street",,5000000.0,R,"Comedy, Romance, Drama",,,2074545.0,1278827
The Accountant²,2025-04-25,"Artists Equity, 51 Entertainment, Zero Gravity Management, Filmtribe",,80000000.0,R,"Mystery, Crime, Thriller",,,103223366.0,870028
Until Dawn,2025-04-25,"PlayStation Productions, Coin Operated, Mångata, Vertigo Entertainment, Screen Gems, TSG Entertainment",,15000000.0,R,"Horror, Mystery",,,54105064.0,1232546
Yadang: The Snitch,2025-04-25,Hive Media Corp,,9500000.0,NR,"Crime, Action, Comedy, Drama, Thriller",,,24508523.0,1137179
HIT: The Third Case,2025-04-30,"Wall Poster Cinema, Unanimous Productions",,7700000.0,NR,"Crime, Thriller, Action",,,14000000.0,1060046
Retro,2025-04-30,"2D Entertainment, Stone Bench Creations",,7600000.0,NR,"Romance, Action, Drama",,,11420300.0,1265827
Fear Below,2025-05-02,"Odin's Eye Entertainment, Bronte Pictures, Two Tone Pictures",,11000000.0,R,"Horror, Action, Adventure, Thriller",,,311205.0,1232933
Thunderbolts*,2025-05-02,"Marvel Studios, Kevin Feige Productions",,180000000.0,PG-13,"Action, Science Fiction, Adventure",,,382436917.0,986056
Fight or Flight,2025-05-09,"The Royal Budapest Film Company, Asbury Park Pictures, F or F Films, Liam Jay Films, Vertical",,40000000.0,R,"Action, Comedy, Thriller",,,2482071.0,1212855
Friendship,2025-05-09,"BoulderLight Pictures, Fifth Season, Friends Night",,2000000.0,R,"Comedy, Drama",,,16979301.0,1239655
Juliet & Romeo,2025-05-09,"Iervolino & Lady Bacardi Entertainment, Voltage Pictures, Hero Entertainment Partners",,25000000.0,PG-13,"Drama, Romance, Music",,,465008.0,1103857
Shadow Force,2025-05-09,"Lionsgate, Made With Love Media, Media Capital Technologies, Indian Meadows Productions, Simpson Street",,40000000.0,R,"Action, Thriller",,,5416976.0,757725
Watch the Skies,2025-05-09,"Crazy Pictures, Film i Väst, SF Studios, SVT",,5000000.0,PG-13,"Science Fiction, Adventure, Drama",,,69618.0,916401
Final Destination Bloodlines,2025-05-16,"New Line Cinema, Practical Pictures, Freshman Year, Fireside Films, Domain Entertainment",,50000000.0,R,"Horror, Mystery",,,317854739.0,574475
Hurry Up Tomorrow,2025-05-16,"Manic Phase, Live Nation Studios",,15000000.0,R,"Drama, Music, Thriller",,,7763862.0,1093237
Lilo & Stitch,2025-05-23,"Walt Disney Pictures, Rideback",,100000000.0,PG,"Family, Science Fiction, Comedy",,,1038027526.0,552524
Mission: Impossible - The Final Reckoning,2025-05-23,"Paramount Pictures, Skydance Media, TC Productions",,400000000.0,PG-13,"Action, Thriller, Adventure",,,598767057.0,575265
The Last Rodeo,2025-05-23,"Angel Studios, Unity Productions Foundation, Brooklyn Films, MC Entertainment, Red Sky Studios, Unity Entertainment, Professional Bull Riders, 2521 Entertainment",,8500000.0,PG,Drama,,,15202565.0,1380682
Bring Her Back,2025-05-30,"Causeway Films, Blue Bear, Salmira Productions, A24, South Australian Film Corporation",,15000000.0,R,Horror,,,39410222.0,1151031
Karate Kid: Legends,2025-05-30,"Columbia Pictures, Sunswept Entertainment, TSG Entertainment",,45000000.0,PG-13,"Action, Adventure, Drama",,,117105466.0,1011477
The Phoenician Scheme,2025-05-30,"American Empirical Pictures, Indian Paintbrush, Studio Babelsberg",,30000000.0,PG-13,"Comedy, Adventure, Crime",,,40566381.0,1137350
Ballerina,2025-06-06,"Thunder Road, 87Eleven, Lionsgate",,90000000.0,R,"Action, Thriller, Crime",,,137408107.0,541671
Dangerous Animals,2025-06-06,"LD Entertainment, Brouhaha Entertainment, Range Media Partners, Oddfellows Entertainment, Mister Smith Entertainment, Animal Holdings",,2000000.0,R,"Horror, Thriller",,,9207791.0,1285965
The Life of Chuck,2025-06-06,"Intrepid Pictures, Red Room Pictures, QWGmire",,25000000.0,R,"Fantasy, Drama",,,19700844.0,842924
How to Train Your Dragon,2025-06-13,"DreamWorks Animation, Marc Platt Productions",,150000000.0,PG,"Fantasy, Family, Action, Adventure",,,636596299.0,1087192
Materialists,2025-06-13,"A24, Killer Films, 2AM, IPR.VC, Access Entertainment",,20000000.0,R,"Romance, Drama",,,107949056.0,1136867
28 Years Later,2025-06-20,"Columbia Pictures, DNA Films, Decibel Films, TSG Entertainment",,60000000.0,R,"Horror, Thriller, Science Fiction",,,151308832.0,1100988
Bride Hard,2025-06-20,"Balcony 9 Productions, Colleen Camp Productions, Elevated Films, WME Independent, Copper Island, Latigo Films, Gramercy Park Media",,20000000.0,R,"Action, Comedy",,,2056468.0,1124619
Elio,2025-06-20,Pixar,,150000000.0,PG,"Animation, Adventure, Science Fiction, Family, Comedy",,,154291182.0,1022787
KPop Demon Hunters,2025-06-20,Sony Pictures Animation,,100000000.0,PG,"Fantasy, Music, Comedy, Animation",,,24619953.0,803796
F1,2025-06-27,"Plan B Entertainment, Jerry Bruckheimer Films, Dawn Apollo Films, Apple Studios, Monolith Pictures",,300000000.0,PG-13,"Action, Drama",,,634142436.0,911430
M3GAN 2.0,2025-06-27,"Blumhouse Productions, Atomic Monster, Divide / Conquer",,15000000.0,PG-13,"Action, Science Fiction, Thriller",,,39173710.0,1071585
"Sorry, Baby",2025-06-27,"PASTEL, Big Beach, Tango Entertainment, High Frequency Entertainment, Case Study Films, Charades, AF Films",,1500000.0,R,"Drama, Comedy",,,2279895.0,1205515
Jurassic World Rebirth,2025-07-02,"Universal Pictures, Amblin Entertainment",,180000000.0,PG-13,"Science Fiction, Adventure, Action",,,869146189.0,1234821
Superman,2025-07-11,"Troll Court Entertainment, The Safran Company, DC Studios, Domain Entertainment",,225000000.0,PG-13,"Science Fiction, Adventure, Action",,,618723803.0,1061474
Eddington,2025-07-18,"A24, Square Peg, 828 Productions, IPR.VC, Access Entertainment",,25000000.0,R,"Western, Comedy, Crime",,,13738227.0,648878
I Know What You Did Last Summer,2025-07-18,"Columbia Pictures, Original Film, Screen Gems, TSG Entertainment",,18000000.0,R,"Horror, Thriller, Mystery",,,64808120.0,1083433
Saiyaara,2025-07-18,Yash Raj Films,,5500000.0,PG-13,"Romance, Drama, Music",,,63539300.0,1241634
Smurfs,2025-07-18,"Paramount Animation, Domain Entertainment, TyTy and Jay Brown Productions",,58000000.0,PG,"Animation, Family, Fantasy",,,124157356.0,936108
Maareesan,2025-07-25,"Super Good Films, E4 Experiments",,1140000.0,PG-13,"Thriller, Drama, Action",,,860000.0,1022074
The Fantastic 4: First Steps,2025-07-25,"Marvel Studios, Kevin Feige Productions",,200000000.0,PG-13,"Science Fiction, Adventure, Action",,,521858728.0,617126
Together,2025-07-30,"Picturestart, Tango Entertainment, 30WEST, Princess Pictures, 1.21 Entertainment, Project Foxtrot, VicScreen",,17000000.0,R,"Horror, Romance",,,34747399.0,1242011
The Bad Guys 2,2025-08-01,DreamWorks Animation,,80000000.0,PG,"Family, Comedy, Crime, Adventure, Animation, Action",,,239676236.0,1175942
The Naked Gun,2025-08-01,"Fuzzy Door Productions, Paramount Pictures, Domain Entertainment",,42000000.0,PG-13,"Comedy, Crime, Action",,,102147396.0,1035259
Sketch,2025-08-06,"Morphan Time, Wonder Project",,4800000.0,PG,"Adventure, Fantasy, Comedy, Family",,,10758888.0,1319969
Freakier Friday,2025-08-08,"Walt Disney Pictures, Burr! Productions, Gunn Films",,42000000.0,PG,"Comedy, Fantasy, Family",,,153176952.0,1125257
Weapons,2025-08-08,"Subconscious, Vertigo Entertainment, BoulderLight Pictures, New Line Cinema, Domain Entertainment",,38000000.0,R,"Horror, Mystery",,,269972492.0,1078605
Coolie,2025-08-13,Sun Pictures,,43000000.0,NR,"Action, Thriller, Crime",,,57917990.0,1153399
War 2,2025-08-13,"Yash Raj Films, Palma Pictures, Point Media, All Around Globe, SK-Film, Ravi Sarin Motion Pictures",,47000000.0,NR,"Action, Thriller, Adventure",,,3096145.0,1109086
Americana,2025-08-15,"Bron Studios, Creative Wealth Media Finance, Saks Picture Company, Rhea Films, Hercules Film Fund",,9000000.0,R,"Crime, Western, Comedy",,,500000.0,934456
Dead to Rights,2025-08-15,"Shanghai Yuye Culture 裕野文化, China Film Group Corporation, Beijing Shangshi Culture (Super Lion) 上狮文化",,20000000.0,NR,"Drama, War, History",,,422785908.0,1500536
Highest 2 Lowest,2025-08-15,"A24, 40 Acres and a Mule Filmworks, Escape Artists, Mandalay Pictures, A/Vantage Pictures, Kurosawa Production",,25000000.0,R,"Thriller, Crime, Drama",,,1500000.0,1242434
Nobody 2,2025-08-15,"Universal Pictures, 87North Productions, OPE Partners, Eighty Two Films",,25000000.0,R,"Action, Thriller, Crime",,,43285109.0,1007734
Witchboard,2025-08-15,"A-Nation Media, Gala Film, Blue Rider Pictures, Highland Film Group",,20000000.0,R,Horror,,,480640.0,1107325
Eden,2025-08-22,"Imagine Entertainment, AGC Studios, Library Pictures International",,50000000.0,R,"Thriller, Drama",,,1907486.0,1042834
Honey Don't!,2025-08-22,"Focus Features, Working Title",,20000000.0,R,"Comedy, Crime, Thriller",,,7445237.0,1149504
Splitsville,2025-08-22,"NEON, Topic Studios, Watch This Ready, TeaTime Pictures, FirstGen Content",,20000000.0,R,"Comedy, Romance",,,3487610.0,1337562
Caught Stealing,2025-08-29,"Protozoa Pictures, TSG Entertainment, Columbia Pictures",,40000000.0,R,"Crime, Thriller, Comedy",,,32703294.0,1245993
Lokah Chapter 1: Chandra,2025-08-29,Wayfarer Films,,3379386.0,NR,"Action, Adventure, Fantasy",,,34242894.0,1290190
The Roses,2025-08-29,"Searchlight Pictures, South of the River Pictures, SunnyMarch, Delirious Media, TSG Entertainment",,30000000.0,R,"Comedy, Drama, Romance",,,51989385.0,1267905
Madharaasi,2025-09-04,Sri Lakshmi Movies,,24000000.0,NR,"Action, Romance, Thriller",,,736301.0,1297181
Baaghi 4,2025-09-05,Nadiadwala Grandson Entertainment,,8733004.0,NR,"Action, Romance, Thriller",,,500145.0,758923
Hamilton,2025-09-05,"RadicalMedia, 5000 Broadway Productions, Nevis Productions, Old 320 Sycamore",,12500000.0,PG-13,"History, Drama",,,20659643.0,556574
Light of the World,2025-09-05,"Salvation Poem Project, Epipheo, Lighthouse Studios, Combo Studio",,20000000.0,PG,"Animation, Drama, Family",,,2595702.0,1374686
The Conjuring: Last Rites,2025-09-05,"New Line Cinema, Domain Entertainment, The Safran Company, Atomic Monster",,55000000.0,R,Horror,,,499256445.0,1038392
Twinless,2025-09-05,"TPC, Permut Presentations, Backyard Plane",,2000000.0,R,"Comedy, Drama",,,1400477.0,1245347
Code 3,2025-09-12,"Wayfarer Studios, Circle of Confusion, Electro Corduroy Entertainment, Realdream, Silver Hearts Productions",,10000000.0,R,"Comedy, Action, Drama",,,35190.0,1161617
Demon Slayer: Kimetsu no Yaiba Infinity Castle,2025-09-12,"ufotable, Aniplex, Shueisha",,20000000.0,R,"Animation, Action, Fantasy",,,793594078.0,1311031
Downton Abbey: The Grand Finale,2025-09-12,"Carnival Films, Focus Features",,50000000.0,PG,"Drama, Romance",,,107929546.0,1289936
Spinal Tap II: The End Continues,2025-09-12,Castle Rock Entertainment,,22600000.0,R,"Comedy, Music",,,3344424.0,975225
The History of Sound,2025-09-12,"End Cue, Film4 Productions, Tango Entertainment, Fat City, Storm City Films, Closer Media, Film i Väst, Filmgate Films",,2500000.0,R,"Drama, Romance, Music",,,3220241.0,891584
The Long Walk,2025-09-12,"Lionsgate, Media Capital Technologies, Vertigo Entertainment, about:blank",,20000000.0,R,"Science Fiction, Thriller, Horror",,,63103084.0,604079
A Big Bold Beautiful Journey,2025-09-19,"Imperative Entertainment, 30WEST, Columbia Pictures, Chapel Place Productions, Tempo Basho, Original Films, TSG Entertainment",,45000000.0,R,"Romance, Fantasy, Drama",,,22393413.0,1241921
Afterburn,2025-09-19,"Endurance Media, Original Film, Dogbone Entertainment, Lipsync Productions",,60000000.0,R,"Action, Science Fiction, Comedy",,,1319121.0,507244
HIM,2025-09-19,"Monkeypaw Productions, Universal Pictures",,27000000.0,R,"Horror, Mystery, Thriller",,,27834512.0,986097
Prisoner of War,2025-09-19,"Brand in Motion, Myriad Entertainment Corp., Odyssey Motion Pictures, Reality RR Studios",,2000000.0,NR,"Action, War, Thriller, History",,,94700000.0,1328803
The Senior,2025-09-19,"Wayfarer Studios, Ten Acre Films, Select Films",,1050000.0,PG,Drama,,,4480301.0,1135303
A Blind Bargain,2025-09-21,A Blind Bargain Productions,,2500000.0,NR,"Horror, Thriller",,,7104.0,1321173
Gabby's Dollhouse: The Movie,2025-09-26,DreamWorks Animation,,32000000.0,G,"Adventure, Animation, Comedy, Family, Fantasy",,,80322142.0,1280282
One Battle After Another,2025-09-26,"Warner Bros. Pictures, Ghoulardi Film Company, Domain Entertainment",,175000000.0,R,"Thriller, Crime, Comedy",,,209377100.0,1054867
Stolen Girl,2025-09-26,"Voltage Pictures, Vigorous Pictures, Hangtime International Pictures, Anjulia Productions, Braven Films",,26000000.0,R,"Thriller, Action, Adventure",,,92691.0,1280450
The Strangers: Chapter 2,2025-09-26,"Sherbone Media, Lipsync Productions, Stream Media, Fifth Element Productions, Lionsgate, Elipsis Capital",,8000000.0,R,"Horror, Thriller",,,21921749.0,1010756
Kantara - A Legend: Chapter 1,2025-10-02,Hombale Films,,14000000.0,NR,"Action, Drama, Fantasy",,,91000000.0,1083637
Anemone,2025-10-03,"Focus Features, Plan B Entertainment, Absinthe Film Entertainment",,11000000.0,R,Drama,,,1161830.0,1364608
The Smashing Machine,2025-10-03,"A24, Seven Bucks Productions, Out for the Count, Magnetic Fields Entertainment",,50000000.0,R,"Drama, History, Action",,,21133481.0,760329
After the Hunt,2025-10-10,"Frenesy Film, Imagine Entertainment, Big Indie Pictures, Amazon MGM Studios",,70000000.0,R,Drama,,,9426825.0,1265063
If I Had Legs I'd Kick You,2025-10-10,"A24, Central Pictures, Fat City, Bronxburgh",,1500000.0,R,Drama,,,1709642.0,1160360
Kiss of the Spider Woman,2025-10-10,"Josephson Entertainment, Tom Kirdahy Productions, Artists Equity, Mohari Media, 1000 Eyes, Nuyorican Productions",,34000000.0,R,"Romance, Drama, Thriller, Music",,,1747220.0,1214684
Roofman,2025-10-10,"Limelight, High Frequency Entertainment, 51 Entertainment, Miramax, Von Waaden Entertainment, FilmNation Entertainment, Hunting Lane Films",,18000000.0,R,"Crime, Comedy, Drama",,,34852212.0,1242419
Soul on Fire,2025-10-10,"Brookwell-McNamara Entertainment, Branded Pictures Entertainment, Virtuality Media, Zaring/Cioffi Entertainment, Affirm Films",,3000000.0,PG,Drama,,,7448606.0,1196791
TRON: Ares,2025-10-10,"Walt Disney Pictures, Sean Bailey Productions",,220000000.0,PG-13,"Science Fiction, Adventure, Action",,,142249983.0,533533
It Was Just an Accident,2025-10-15,"Jafar Panahi Productions, Les Films Pelléas, Bidibul Productions, Pio & Co, ARTE France Cinéma",,6000000.0,PG-13,"Drama, Thriller, Crime, Mystery",,,9602793.0,1456349
Black Phone 2,2025-10-17,"Blumhouse Productions, Crooked Highway, Universal Pictures",,30000000.0,R,"Horror, Thriller",,,132675749.0,1197137
Frankenstein,2025-10-17,"Double Dare You, Demilo Films, Bluegrass 7",,120000000.0,R,"Drama, Fantasy, Horror",,,480678.0,1062722
Good Fortune,2025-10-17,"Lionsgate, Media Capital Technologies, Garam Films, Keep Your Head Productions, Alan Yang Pictures",,30000000.0,R,"Comedy, Fantasy",,,26117423.0,1114967
The Mastermind,2025-10-17,"filmscience, MUBI",,2000000.0,R,"Drama, Crime",,,2143645.0,1352624
Truth & Treason,2025-10-17,"Angel Studios, Kaleidoscope Pictures, Baltic Film Services",,15000000.0,PG-13,"History, Drama, Thriller",,,6045655.0,1443940
Bugonia,2025-10-24,"Element Pictures, Square Peg, Fremantle, Pith Quest Films, Fruit Tree, CJ ENM",,55000000.0,R,"Science Fiction, Thriller, Comedy",,,43500000.0,701387
Chainsaw Man - The Movie: Reze Arc,2025-10-24,MAPPA,,4100000.0,R,"Animation, Action, Romance, Fantasy",,,191400000.0,1218925
Regretting You,2025-10-24,"Harbinger Pictures, Frayed Pages Media, Domain Entertainment, Constantin Film, North.Five.Six.",,30000000.0,PG-13,"Romance, Drama",,,90452948.0,1327862
Shelby Oaks,2025-10-24,"Paper Street Pictures, Intrepid Pictures, HLBRK Entertainment, Title Media",,1400000.0,R,"Horror, Mystery",,,8140300.0,937941
Springsteen: Deliver Me from Nowhere,2025-10-24,"20th Century Studios, The Gotham Group, TSG Entertainment, Night Exterior, Bluegrass 7",,55000000.0,PG-13,"Drama, Music",,,45240624.0,1230368
Dracula,2025-10-29,"Saga Film, Nabis Filmgroup, Bord Cadre Films, Paul Thiltges Distributions, RT Features, Sovereign Films, microFILM, Samsa Film",,2000000.0,NR,"Science Fiction, Comedy, Horror",,,25775.0,1323409
Stitch Head,2025-10-29,"GFM Animation, Rabbits Black, Aniventure, GRINGO films, Fabrique d'images, Senator Film, Traumhaus Studios, Assemblage Entertainment",,34800000.0,PG,"Animation, Adventure, Family, Comedy",,,6495978.0,1214130
Little Amélie or the Character of Rain,2025-10-31,"Maybe Movies, 2 Minutes, France 3 Cinéma, Puffin Pictures, 22D Music, Ikki Films",,11100000.0,PG,"Animation, Drama, Family",,,1530750.0,682012
Christy,2025-11-07,"Anonymous Content, Yoki, Votiv Films, Fifty-Fifty Films, Black Bear Pictures",,15000000.0,R,"History, Drama",,,2343418.0,1287322
"Modi, Three Days on the Wing of Madness",2025-11-07,"IN.2 FILM, Barry Navidi Productions, Infinitum Nihil, Proton Cinema, Creativity Media, Red Sea Fund, Iervolino & Lady Bacardi Entertainment",,10000000.0,NR,"Drama, History",,,508080.0,1013406
Nuremberg,2025-11-07,"Bluestone Entertainment, Walden Media, Filmsquad, Mythology Entertainment, Titan Media",,11800000.0,PG-13,"History, Drama",,,37009109.0,1214931
Predator: Badlands,2025-11-07,"20th Century Studios, Lawrence Gordon Productions, Davis Entertainment, Toberoff Productions, TSG Entertainment",,105000000.0,PG-13,"Action, Science Fiction, Adventure",,,184500000.0,1242898
Sarah's Oil,2025-11-07,"Kingdom Story Company, Wonder Project, Amazon MGM Studios",,18000000.0,PG,Drama,,,11675627.0,1325678
Sentimental Value,2025-11-07,"Mer Film, Eye Eye Pictures, Lumen, Zentropa Entertainments, Komplizen Film, BBC Film, Film i Väst, Oslo Filmfond, Mediefondet Zefyr, Alaz Film, Don't Look Now, MK Productions, ARTE France Cinéma, Storyline Studios, Léger Production, ZDF/Arte",,7800000.0,R,"Drama, Comedy",,,23883986.0,1124566
Arco,2025-11-14,"Remembers, MountainA, France 3 Cinéma, Fit Via Vi, Sons of Rigor Films",,10000000.0,PG,"Adventure, Animation, Family, Science Fiction",,,4570178.0,804370
Christmas Karma,2025-11-14,"Maven Screen Media, Civic Studios, Armory Films, Bend It Films, Applied Art Productions, Good Karma Productions, Blue Sky Africa",,2000000.0,PG,"Fantasy, Comedy, Drama",,,1620829.0,1235246
Keeper,2025-11-14,"Oddfellows Entertainment, Phobos, Shadowless Horse Pictures",,6000000.0,R,"Horror, Mystery",,,6223404.0,1288072
Kokuho,2025-11-14,"TOHO, Aniplex, Myriagon Studio, CREDEUS, AMUSE, Lawson",,8000000.0,NR,Drama,,,134421151.0,1379266
Now You See Me: Now You Don't,2025-11-14,"Lionsgate, Cohen Pictures, Media Capital Technologies",,90000000.0,PG-13,"Crime, Thriller",,,243700000.0,425274
Sirāt,2025-11-14,"Movistar Plus, Los Desertores Films, Filmes da Ermida, El Deseo, Uri Films, 4 A 4 Productions",,7000000.0,R,"Drama, Thriller",,,10445082.0,1151272
The Running Man,2025-11-14,"Paramount Pictures, Complete Fiction, Genre Films, Domain Entertainment",,110000000.0,R,"Action, Thriller, Science Fiction",,,69000000.0,798645
Wicked: For Good,2025-11-20,"Universal Pictures, Marc Platt Productions",,150000000.0,PG,"Fantasy, Adventure, Romance",,,540807971.0,967941
Altered,2025-11-21,"Studio Atlantic, Art Galaxy, Splendid Entertainment, Well Go USA Entertainment",,15000000.0,PG-13,"Science Fiction, Action",,,346774.0,1309012
Sisu: Road to Revenge,2025-11-21,"Cosmic Snowball, Good Chaos, Subzero Film Entertainment",,12200000.0,R,"Action, War, Thriller",,,9811703.0,1223601
Eternity,2025-11-26,"A24, Star Thrower Entertainment",,12000000.0,PG-13,"Romance, Comedy, Drama",,,32867848.0,1259102
Hamnet,2025-11-26,"Hera Pictures, Neal Street Productions, Amblin Entertainment, Book of Shadows",,35000000.0,PG-13,"Drama, Romance",,,107756183.0,858024
The Secret Agent,2025-11-26,"Lemming Film, One Two Films, CinemaScópio, ARTE France Cinéma, MK Productions, Primo Content, Agência Nacional do Cinema - ANCINE",,5000000.0,R,"Thriller, Drama, Crime",,,18988224.0,1220564
Wake Up Dead Man: A Knives Out Mystery,2025-11-26,T-Street,,210000000.0,PG-13,"Thriller, Mystery, Comedy",,,4000000.0,812583
Zootopia 2,2025-11-26,"Walt Disney Animation Studios, Walt Disney Animation Studios",,150000000.0,PG,"Animation, Adventure, Comedy, Mystery, Family",,,1868208796.0,1084242
The Thing with Feathers,2025-11-28,"Film4 Productions, SunnyMarch, Lobo Films, Film i Väst, Align, LB Entertainment",,6000000.0,R,Drama,,,774063.0,1127628
Dhurandhar,2025-12-05,"B62 Studios, Jio Studios",,24000000.0,NR,"Action, Crime, Thriller",,,136599112.0,1291608
Five Nights at Freddy's 2,2025-12-05,"Blumhouse Productions, Scott Cawthon Productions, Mind Hive Films",,36000000.0,PG-13,"Horror, Thriller",,,239568877.0,1228246
La Grazia,2025-12-05,"The Apartment Pictures, Numero10, Fremantle Italia, PiperFilm",,24500000.0,R,Drama,,,68995.0,1397364
The Chronology of Water,2025-12-05,"Scott Free Productions, CG Cinéma, Forma Pro Films, Curious Gremlin, Fremantle, whiz movies, Lorem Ipsum, Scala Films, Nevermind, The Forge",,7000000.0,R,Drama,,,419840.0,524635
Ella McCay,2025-12-12,"20th Century Studios, Gracie Films, TSG Entertainment",,35000000.0,PG-13,"Comedy, Drama",,,4546837.0,1206008
Avatar: Fire and Ash,2025-12-19,"20th Century Studios, Lightstorm Entertainment, TSG Entertainment",,350000000.0,PG-13,"Science Fiction, Adventure, Fantasy",,,1485999890.0,83533
David,2025-12-19,"Sunrise Productions, Slingshot USA, Angel Studios, 2521 Entertainment",,60900000.0,PG,"Animation, Family, Drama, History, Adventure",,,85865995.0,1167307
Is This Thing On?,2025-12-19,"Searchlight Pictures, Archery Pictures, Lea Pictures, TSG Entertainment",,15000000.0,R,"Comedy, Drama, Romance",,,10134166.0,1140498
Marty Supreme,2025-12-19,"A24, Central Pictures",,65000000.0,R,"Drama, Thriller",,,192406422.0,1317288
The Housemaid,2025-12-19,"Lionsgate, Media Capital Technologies, Hidden Pictures, Pretty Dangerous Pictures",,35000000.0,R,"Mystery, Thriller",,,399644671.0,1368166
The SpongeBob Movie: Search for SquarePants,2025-12-19,"Paramount Animation, Nickelodeon Movies, Domain Entertainment, MRC",,64000000.0,PG,"Adventure, Family, Animation, Comedy, Fantasy",,,163197450.0,991494
Anaconda,2025-12-25,"Fully Formed Entertainment, Columbia Pictures, TSG Entertainment",,45000000.0,PG-13,"Adventure, Comedy, Horror",,,135148320.0,1234731
No Other Choice,2025-12-25,"CJ ENM Studios, Moho Film, KG Productions",,12200000.0,R,"Comedy, Crime, Thriller",,,40223568.0,639988
Song Sung Blue,2025-12-25,"Focus Features, Davis Entertainment",,30000000.0,PG-13,"Music, Romance, Drama",,,57889762.0,1371185
The Testament of Ann Lee,2025-12-25,"Mid March Media, Annapurna Pictures, FirstGen Content, Mizzel Media, Yintai Entertainment, Kaplan Morrison, Intake Films, Film i Väst, GötaFilm, Proton Cinema, ArtClass Films, Carte Blanche, The Launch Company",,10000000.0,R,"History, Drama, Music",,,4197171.0,1401281
Dead Man's Wire,2026-01-09,"Elevated Films, Balcony 9 Productions, RNA Pictures, TPC, Sobini Films, Co Created Media, Copper Island, Last Mile Productions, Wrong Turn Productions, SIPUR, Construction Film, Streamline Global, Pressman Film, Space Pilot Media, WME Independent, Pinstripes, Film Manufacturers, LB Entertainment, Edith Productions, YO Productions, Filmhedge, Sillen Productions, Punch Once, Eterna, Notorious Productions Film Fund, VL Entertainment, Raised by Wolves Pictures",,13000000.0,R,"Crime, Drama, Thriller",,,2248569.0,1263012
Greenland 2: Migration,2026-01-09,"STXfilms, Anton, Thunder Road, G-BASE, CineMachine, Lionsgate",,90000000.0,PG-13,"Adventure, Thriller, Science Fiction",,,44856736.0,840464
Primate,2026-01-09,"18Hz Productions, Paramount Pictures, Domain Entertainment",,21000000.0,R,"Horror, Thriller",,,41235665.0,1315303
28 Years Later: The Bone Temple,2026-01-16,"Columbia Pictures, TSG Entertainment, DNA Films",,63000000.0,R,"Horror, Thriller, Science Fiction",,,58527279.0,1272837
Miss Moxy,2026-01-16,"BosBros, Phanta Animation",,10000000.0,PG,"Adventure, Animation, Comedy, Family",,,350750.0,587357
Border 2,2026-01-23,"T-Series, J.P. Films",,33000000.0,R,"Action, Drama, War",,,21000000.0,1213898
Mercy,2026-01-23,"Atlas Entertainment, Amazon MGM Studios, Bazelevs",,60000000.0,PG-13,"Science Fiction, Thriller, Crime, Mystery",,,54708061.0,1236153
Return to Silent Hill,2026-01-23,"Konami, Davis Films, Ashland Hill Media Finance, Supernix, WIP, Richmond Pictures, Lipsync Productions, Electric Shadow Company, Maze Pictures, Penzing Studios, Black Sail Pictures",,23000000.0,R,"Horror, Mystery",,,47976996.0,680493
Iron Lung,2026-01-30,Markiplier Studios,,3000000.0,R,"Horror, Mystery, Science Fiction",,,51226173.0,1116201
Melania,2026-01-30,"New Element Media, Muse Films, RatPac Documentary Films, RatPac Entertainment, FilmNation Entertainment",,40000000.0,PG,Documentary,,,16661439.0,1413097
Send Help,2026-01-30,"Raimi Productions, 20th Century Studios, TSG Entertainment",,40000000.0,R,"Horror, Thriller, Comedy",,,94041481.0,1198994
Shelter,2026-01-30,"Black Bear Pictures, Punch Palace Productions, CineMachine, Stampede Ventures",,50000000.0,R,"Action, Crime, Thriller",,,53933639.0,1290821
The Moment,2026-01-30,"Studio365, A24, Atlantic Records, Good World, 2AM",,4000000.0,R,"Music, Comedy, Thriller",,,5168044.0,1422562
Dracula,2026-02-06,"EuropaCorp, TF1 Films Production, SND, Kinology, Actarus Productions, LBP",,52000000.0,R,"Horror, Fantasy, Romance",,,42415061.0,1246049
Solo Mio,2026-02-06,"A Higher Standard, Nickel City Pictures, Kinnane Brothers, LB Entertainment, Angel Studios",,4000000.0,PG,"Romance, Comedy",,,26420914.0,1291335
The Strangers: Chapter 3,2026-02-06,"Lionsgate, Fifth Element Productions, Lipsync Productions, Sherbone Media, Stream Media, Elipsis Capital",,8500000.0,R,"Horror, Thriller",,,11031947.0,1010755
Whistle,2026-02-06,"No Trace Camping, Wild Atlantic Pictures",,2000000.0,R,"Horror, Mystery",,,4987632.0,1193501
Cold Storage,2026-02-13,"Pariah, StudioCanal UK, StudioCanal",,10000000.0,R,"Horror, Science Fiction, Comedy",,,4048606.0,696393
Crime 101,2026-02-13,"Working Title, The Story Factory, RAW, Amazon MGM Studios, Wild State",,90000000.0,R,"Crime, Thriller",,,72900246.0,1171145
GOAT,2026-02-13,"Sony Pictures Animation, Unanimous Media, Modern Magic, Columbia Pictures, MACRO, TSG Entertainment",,90000000.0,PG,"Animation, Comedy, Family",,,193566330.0,1297842
"Good Luck, Have Fun, Don't Die",2026-02-13,"Constantin Film, Blind Wink, 3 Arts Entertainment, North.Five.Six.",,20000000.0,R,"Science Fiction, Action, Comedy",,,9755038.0,1119449
Nirvanna the Band the Show the Movie,2026-02-13,"Crave, Zapruder Films",,1200000.0,R,"Comedy, Science Fiction, Adventure",,,5191174.0,1154538
O'Romeo,2026-02-13,"Nadiadwala Grandson Entertainment, Vishal Bhardwaj Films",,18000000.0,NR,"Romance, Action, Drama",,,7000000.0,1275574
The King's Warden,2026-02-13,"BA Entertainment, Onda Works",,6900000.0,NR,"History, Drama",,,111782570.0,1321179
“Wuthering Heights”,2026-02-13,"MRC, LuckyChap Entertainment, Lie Still, Warner Bros. Pictures, Domain Entertainment",,80000000.0,R,"Romance, Drama, History",,,241601072.0,1316092
Blades of the Guardians,2026-02-17,"Alibaba Pictures Group, DF Pictures, Damai Entertainment, Peace Film Production Co., Huaxia Film Distribution, China Film Group Corporation",,123000000.0,R,"Action, Adventure",,,203356793.0,1305781
How to Make a Killing,2026-02-20,"StudioCanal, Blueprint Pictures",,15000000.0,R,"Comedy, Thriller",,,21598574.0,467905
I Can Only Imagine 2,2026-02-20,"Kingdom Story Company, Mission Pictures International, Lionsgate, LD Entertainment, Kevin Downes Productions",,18000000.0,PG,"Music, Drama",,,18734382.0,1405769
Midwinter Break,2026-02-20,"Shoebox Films, Family Affair Films, Film4 Productions, Randan Film and Television Productions, Protagonist Pictures, Screen Scotland",,4000000.0,PG-13,Drama,,,1002905.0,1125701
Psycho Killer,2026-02-20,"New Regency Pictures, Vertigo Entertainment, Constantin Film, Regency Enterprises",,10000000.0,R,"Crime, Horror, Mystery",,,2376805.0,1107166
Scream 7,2026-02-27,"Paramount Pictures, Spyglass Media Group, Project X Entertainment",,45000000.0,R,"Horror, Mystery, Crime",,,213835967.0,1159559
Hoppers,2026-03-06,Pixar,,150000000.0,PG,"Adventure, Animation, Comedy, Family, Science Fiction",,,389685783.0,1327819
The Bride!,2026-03-06,"First Love Films, Warner Bros. Pictures, In The Current Company, Domain Entertainment",,80000000.0,R,"Science Fiction, Horror, Fantasy",,,23944025.0,1159831
Reminders of Him,2026-03-13,"Universal Pictures, Heartbones Entertainment, Little Engine Productions",,30000000.0,PG-13,"Romance, Drama",,,89039780.0,1367642
Dhurandhar: The Revenge,2026-03-18,"Jio Studios, B62 Studios",,14330000.0,NR,"Action, Crime, Thriller",,,152900759.0,1582770
Project Hail Mary,2026-03-20,"Lord Miller, Amazon MGM Studios, Pascal Pictures, Open Invite Entertainment, Waypoint Entertainment",,200000000.0,PG-13,"Science Fiction, Adventure",,,684586806.0,687163
Ready or Not: Here I Come,2026-03-20,"Searchlight Pictures, Mythology Entertainment, Radio Silence, Big Indie Pictures, Vinson Films",,14000000.0,R,"Horror, Comedy",,,42940054.0,1266127
The Pout-Pout Fish,2026-03-20,"MIMO Studios, Like A Photon Creative, Macmillan Films, Cosmic Dino Studio, Alceon Entertainment Partners, Eclectik Vision, Screen Queensland, Sola Media, Maslow Entertainment",,10000000.0,PG,"Animation, Family, Adventure, Comedy",,,4834402.0,1146058
They Will Kill You,2026-03-27,"Nocturna, New Line Cinema, Domain Entertainment, Film Afrika",,20000000.0,R,"Action, Comedy, Horror, Thriller",,,19382152.0,1292695
The Super Mario Galaxy Movie,2026-04-01,"Illumination, Universal Pictures, Nintendo",,110000000.0,PG,"Family, Comedy, Adventure, Fantasy, Animation",,,1012203331.0,1226863
The Drama,2026-04-03,"A24, Square Peg, Dilemma Films",,28000000.0,R,"Romance, Comedy, Drama",,,132588401.0,1325734
Exit 8,2026-04-10,"TOHO, AOI Pro., Story, Lawson, Suirinsha, Tohan, Office Nino, Metro Ad Agency",,1400000.0,PG-13,"Mystery, Thriller, Horror",,,43892680.0,1408208
Faces of Death,2026-04-10,"Legendary Pictures, Angry Films, Divide / Conquer",,7400000.0,R,"Horror, Crime",,,2610000.0,855435
"You, Me & Tuscany",2026-04-10,"Will Packer Productions, Universal Pictures",,18000000.0,PG-13,"Romance, Comedy",,,22435563.0,1455079
Bhooth Bangla,2026-04-16,"Balaji Motion Pictures, Cape of Good Films",,14000000.0,PG-13,"Horror, Comedy",,,20000000.0,1239134
Lee Cronin's The Mummy,2026-04-17,"Atomic Monster, Blumhouse Productions, New Line Cinema, Domain Entertainment, Wicked/Good, Wild Atlantic Pictures",,22000000.0,R,"Horror, Mystery",,,90552113.0,1304313
Mother Mary,2026-04-17,"A24, Augenschein Filmproduktion, Topic Studios, Sailor Bear, IPR.VC, Homebird Productions, Access Entertainment",,20000000.0,R,"Music, Drama, Thriller",,,2982197.0,1102883
Normal,2026-04-17,"Aperture Media Partners, QWGmire, OPE Partners, Le Foole, Tradecraft, Normal Films",,10000000.0,R,"Action, Crime, Thriller",,,6095691.0,1242332
Salmokji: Whispering Water,2026-04-17,The LAMP,,2020000.0,NR,"Horror, Thriller",,,17450000.0,1461254
Wasteman,2026-04-17,"Bankside Films, Hoopsa Films, Agile Films, It's All Made Up Productions",,1200000.0,R,"Crime, Drama, Thriller",,,1205018.0,1307373
Desert Warrior,2026-04-24,"MBC Studios, JB Pictures, AGC Studios, Studio Mechanical",,150000000.0,R,"History, War, Action",,,742066.0,898704
Fuze,2026-04-24,"Anton, Sigma Films, Sky",,45000000.0,R,"Action, Crime, Thriller",,,2890908.0,1242265
I Swear,2026-04-24,"One Story High, Tempo Productions",,3730000.0,R,"Drama, History",,,15564404.0,1317149
Michael,2026-04-24,"Lionsgate, GK Films, Optimum Productions",,250000000.0,PG-13,"Music, Drama",,,1042616139.0,936075
Animal Farm,2026-05-01,"Aniventure, The Imaginarium, Cinesite Animation",,35000000.0,PG,"Animation, Comedy, Drama, Family, Science Fiction",,,6268861.0,539745
Deep Water,2026-05-01,"Magenta Light Studios, Arclight Films, Simmons/Hamilton Productions, Nostromo Pictures, Aristos Films, DW Film Holdings, Rabbits Black, Blue Rider Pictures",,40000000.0,R,"Horror, Thriller, Adventure",,,7340233.0,1127384
Hokum,2026-05-01,"Spooky Pictures, Image Nation Studios, Cweature Features, Team Thrives, Tailored Films, Fís Éireann/Screen Ireland",,5000000.0,R,"Horror, Thriller",,,25023390.0,1430077
The Devil Wears Prada 2,2026-05-01,"20th Century Studios, Wendy Finerman Productions",,100000000.0,PG-13,"Comedy, Drama",,,691379651.0,1314481
Billie Eilish - Hit Me Hard and Soft: The Tour (Live in 3D),2026-05-08,"Interscope Films, Darkroom Records, Lightstorm Earth",,20000000.0,PG-13,"Music, Documentary",,,26721893.0,1515899
Mortal Kombat II,2026-05-08,"New Line Cinema, Atomic Monster, Broken Road Productions, Fireside Films, Domain Entertainment",,80000000.0,R,"Action, Fantasy, Adventure",,,129570110.0,931285
The Sheep Detectives,2026-05-08,"Working Title, Three Strange Angels, Amazon MGM Studios",,75000000.0,PG,"Comedy, Family, Mystery",,,131550648.0,1301421
In the Grey,2026-05-15,"C2 Motion Picture Group, Toff Guy Films, Black Bear Pictures, Red Sea Film Foundation",,70000000.0,R,"Action, Thriller",,,27117528.0,1122573
Is God Is,2026-05-15,"Linden Productions, Orion Pictures, Viva Maude, CYRK",,14800000.0,R,"Drama, Thriller",,,4857896.0,1380316
I Love Boosters,2026-05-22,"Savage Rose Films, Waypoint Entertainment, Ryder Picture Company, Annapurna Pictures, NEON, Metro Designers Productions, The Sun Exploding Words, Sounds, & Pictures",,20000000.0,R,"Comedy, Science Fiction, Crime",,,9204473.0,1227877
Passenger,2026-05-22,"18Hz Productions, Coin Operated, Paramount Pictures, Domain Entertainment",,15000000.0,R,"Horror, Thriller",,,31620508.0,1368314
The Mandalorian and Grogu,2026-05-22,"Lucasfilm Ltd., Fairview Entertainment",,165000000.0,PG-13,"Action, Adventure, Science Fiction",,,345166617.0,1228710
Tuner,2026-05-22,"Black Bear Pictures, Elevation Pictures, English Breakfast Productions",,7000000.0,R,"Crime, Drama, Thriller",,,13505364.0,1340206
Backrooms,2026-05-29,"Atomic Monster, 21 Laps Entertainment, A24, Phobos, The North Road Company",,10000000.0,R,"Horror, Mystery, Science Fiction",,,400685080.0,1083381
Pressure,2026-05-29,"Working Title, StudioCanal UK, StudioCanal",,30000000.0,PG-13,"Thriller, History, War",,,20245995.0,1318413
The Breadwinner,2026-05-29,"Wonder Project, TriStar Pictures, Nateland Entertainment, One Man Canoe, TSG Entertainment",,25000000.0,PG,"Comedy, Family",,,20247080.0,1440050
Peddi,2026-06-03,"Sukumar Writings, Vriddhi Cinemas",,36500000.0,NR,"Action, Drama",,,35700000.0,1057265
Masters of the Universe,2026-06-05,"Escape Artists, Mattel Studios, Amazon MGM Studios",,200000000.0,PG-13,"Action, Fantasy, Science Fiction",,,113763426.0,454639
Scary Movie,2026-06-05,"Wayans Bros. Entertainment, Miramax",,30000000.0,R,Comedy,,,231886052.0,1273221
Disclosure Day,2026-06-12,"Universal Pictures, Amblin Entertainment",,115000000.0,PG-13,"Science Fiction, Thriller",,,241186430.0,1275779
Stop! That! Train!,2026-06-12,"World of Wonder, Unapologetic Projects",,20000000.0,R,"Action, Comedy",,,3992733.0,1541560
The Furious,2026-06-12,"Edko Films, XYZ Films, Zhejiang Hengdian Film Production",,20000000.0,R,"Action, Crime, Thriller",,,39745080.0,1280738
Leviticus,2026-06-19,"Causeway Films, Salmira Productions, Screen Australia, VicScreen, Arenamedia, Lazy Susan Films",,3500000.0,R,"Horror, Romance",,,8493480.0,1564614
The Death of Robin Hood,2026-06-19,"Lyrical Media, Ryder Picture Company",,25000000.0,R,"Adventure, Drama, Action",,,3200000.0,1284465
Toy Story 5,2026-06-19,Pixar,,250000000.0,PG,"Animation, Family, Comedy, Adventure",,,1136476240.0,1084244
Jackass: Best and Last,2026-06-26,"Paramount Pictures, MTV Entertainment Studios, Domain Entertainment, Dickhouse Productions",,10000000.0,R,"Action, Comedy, Documentary",,,27795255.0,1612018
Lucky Strike,2026-06-26,"Perfection Hunter Productions, Millennium Media, BondIt Media Capital",,10000000.0,R,"Action, War",,,803112.0,1594914
Supergirl,2026-06-26,"DC Studios, Troll Court Entertainment, The Safran Company, Domain Entertainment",,175000000.0,PG-13,"Action, Adventure, Science Fiction",,,126366532.0,1081003
The Invite,2026-06-26,"Annapurna Pictures, FilmNation Entertainment, Permut Presentations",,12000000.0,R,"Comedy, Drama, Romance",,,55505476.0,950028
Minions & Monsters,2026-07-01,"Universal Pictures, Illumination",,85000000.0,PG,"Adventure, Animation, Comedy, Family, Fantasy",,,519033384.0,1315772
Alpha,2026-07-03,Yash Raj Films,,10500000.0,NR,"Action, Thriller",,,1856084.0,1122030
Young Washington,2026-07-03,"Angel Studios, 10 Ton Productions, Wonder Project, 2521 Entertainment, Red 56, Provident Films, Wild Atlantic Pictures",,20000000.0,PG-13,"History, War, Drama",,,47149250.0,1308767
Evil Dead Burn,2026-07-10,"New Line Cinema, Screen Gems, Ghost House Pictures",,20000000.0,R,Horror,,,71491178.0,1212763
Gail Daughtry and the Celebrity Sex Pass,2026-07-10,"Likely Story, Oval-5, Ling Light Times Media, Align, A Hot Dog",,3500000.0,R,Comedy,,,1441364.0,1476682
Moana,2026-07-10,"Walt Disney Pictures, Seven Bucks Productions, Flynn Picture Company, 5000 Broadway Productions",,250000000.0,PG,"Family, Fantasy, Comedy, Adventure",,,308159595.0,1108427
The Odyssey,2026-07-17,"Universal Pictures, Syncopy",,250000000.0,R,"Adventure, Action, Fantasy",,,1751248000.0,1368337
Her Private Hell,2026-07-24,"NEON, byNWR, Pillow",,6000000.0,R,"Science Fiction, Horror, Thriller",,,662177.0,1469342
I Want Your Sex,2026-07-31,"Black Bear Pictures, Desperate Pictures",,10000000.0,R,Comedy,,,2000000.0,1288059
Spider-Man: Brand New Day,2026-07-31,"Marvel Studios, Columbia Pictures, Pascal Pictures, TSG Entertainment",,225000000.0,PG-13,"Science Fiction, Action, Adventure",,,2495683000.0,969681
Ice Cream Man,2026-08-03,"The Horror Section, Media Capital Technologies, Head Gear Films, Mass Appeal, Metrol Technology, dentsu, Sixth Dimension",,5500000.0,NR,"Comedy, Horror, Thriller",,,7788193.0,1477712
DC,2026-08-06,"Sun Pictures, G Squad (IN)",,2646327.0,NR,"Romance, Action, Drama",,,10585310.0,1479832
One Night Only,2026-08-07,"Universal Pictures, Olive Bridge Entertainment",,25000000.0,R,"Romance, Comedy",,,25112730.0,1433367
Super Troopers 3,2026-08-07,"Broken Lizard Industries, Searchlight Pictures, Cataland Films, TSG Entertainment",,20000000.0,R,"Comedy, Crime, Mystery",,,6858200.0,675871
Teenage Sex and Death at Camp Miasma,2026-08-07,"MUBI, Plan B Entertainment",,8000000.0,R,"Comedy, Horror, Romance",,,8525000.0,1240889
Tony,2026-08-07,"Star Thrower Entertainment, Zapruder Films, A24",,15000000.0,R,"Drama, Comedy",,,18131048.0,1329016
Awarapan 2,2026-08-14,Vishesh Films,,5400000.0,NR,"Action, Drama, Romance",,,14000000.0,1444466
PAW Patrol: The Dino Movie,2026-08-14,"Spin Master, Nickelodeon Movies, Paramount Animation",,40000000.0,PG,"Animation, Adventure, Family, Fantasy, Comedy",,,138326933.0,1185806
The Brink of War,2026-08-14,"2521 Entertainment, SK Global Entertainment, Designed Epic, Angel Studios",,21000000.0,PG,"Drama, History",,,5046257.0,192139
The End of Oak Street,2026-08-14,"Warner Bros. Pictures, Domain Entertainment, Bad Robot, Jackson Pictures",,80000000.0,PG-13,"Science Fiction, Mystery, Thriller",,,120363694.0,1101383
The Rivals of Amziah King,2026-08-14,"Black Bear Pictures, Heyday Films, G.E.D. Media",,6000000.0,R,"Drama, Crime",,,3111550.0,1124142
Coyote vs. Acme,2026-08-17,"Troll Court Entertainment, Keylight Pictures, Warner Animation Group, Warner Bros. Pictures",,72000000.0,PG,"Comedy, Adventure, Family",,,88043208.0,1204680
Hot Spot,2026-08-21,"Madants, Neda Film, Film i Väst, Zentropa International Sweden",,6000000.0,R,"Science Fiction, Action, Crime, Fantasy, Thriller",,,256350.0,813418
Insidious: Out of the Further,2026-08-21,"Blumhouse Productions, Screen Gems, Stage 6 Films, Atomic Monster, TSG Entertainment",,18000000.0,PG-13,"Horror, Thriller",,,167984420.0,1291595
Mutiny,2026-08-21,"Punch Palace Productions, MadRiver Pictures",,40000000.0,R,"Action, Thriller",,,20824283.0,1288445
Spa Weekend,2026-08-21,"Suzanne Todd Productions, Black Bear Pictures",,20000000.0,R,Comedy,,,10154377.0,1341138
The Marching Band,2026-08-21,"Agat Films & Cie / Ex Nihilo, France 2 Cinéma, Greenwich Entertainment",,6100000.0,NR,"Comedy, Drama, Music",,,26252618.0,1000866
Toxic: A Fairy Tale for Grown-ups,2026-08-26,"KVN Productions, Monster Mind Creations",,60000000.0,NR,"Action, Crime, Drama",,,3386250.0,1213243
Buddy,2026-08-28,"BoulderLight Pictures, Low Spark Films, SIPUR, Substance",,3000000.0,R,"Horror, Comedy, Fantasy",,,26379188.0,1514026
The Dog Stars,2026-08-28,"20th Century Studios, Scott Free Productions",,110000000.0,R,"Science Fiction, Thriller, Adventure",,,37416959.0,1384216
Fall 2: Deadpoint,2026-09-02,"Tea Shop Productions, Capstone Pictures, Flawless Production, Cousin Jones",,3000000.0,PG-13,Thriller,,,9256541.0,1101412
By Any Means,2026-09-04,"Hammerstone Studios, Thunder Road, Freedom Principle, Municipal Pictures, North.Five.Six., Script 2 Screen, Wonder Street, LB Entertainment, Jeff Rice Films, Siena Film Foundation, Harbor Fund, Ballpoint Productions, Fieldhouse Productions, Bright White Light, International Media Funds Management",,30000000.0,R,"History, Crime, Drama",,,14002888.0,1380417
Onslaught,2026-09-04,"A24, Ryder Picture Company, Lyrical Media, Breakaway Civilization, 828 Productions",,15000000.0,R,"Action, Thriller",,,3426239.0,1284046
Hope,2026-09-09,"Forged Films, Plus M Entertainment, Westworld Story",,46000000.0,R,"Science Fiction, Mystery, Action",,,41212538.0,1058424
The Uprising,2026-09-10,"Blumhouse Productions, Supernix, Thank You Pictures, Atomic Monster, Electric Shadow Company, FilmNation Entertainment",,20000000.0,R,"History, Drama",,,7825277.0,977942
Practical Magic 2,2026-09-11,"Di Novi Pictures, Warner Bros. Pictures, Blossom Films, Fortis Films, Domain Entertainment, Alcon Entertainment",,75000000.0,PG-13,"Romance, Fantasy, Comedy",,,46000000.0,1302904
Resident Evil,2026-09-18,"Constantin Film, Subconscious, Vertigo Entertainment, Davis Films, Columbia Pictures, PlayStation Productions, TriStar Pictures",,75000000.0,R,"Horror, Science Fiction, Adventure",,,208312282.0,1423191
Shaun the Sheep: The Beast of Mossy Bottom,2026-09-18,"Aardman, StudioCanal",,30000000.0,PG,"Animation, Comedy, Family, Adventure, Horror",,,1904000.0,1477104
Forgotten Island,2026-09-25,DreamWorks Animation,,80000000.0,PG,"Animation, Adventure, Fantasy, Comedy, Family",,,21473920.0,1465063
Primetime,2026-09-25,"A24, Icki Eneo Arlo, Square Peg, Range Media Partners",,14500000.0,R,"Thriller, Drama",,,19197764.0,1375441
